ticker,start,end,size
USDZAR25R3M Curncy,2007-01-01,2026-06-30,15252
USDZAR25R6M Curncy,2007-01-01,2026-06-30,15252
USDZAR25R1Y Curncy,2007-01-01,2026-06-30,15255
USDZAR25B1W Curncy,2007-01-01,2026-06-30,15249
USDZAR25B1M Curncy,2007-01-01,2026-06-30,15252
USDZAR25B3M Curncy,2007-01-01,2026-06-30,15252
USDZAR25B6M Curncy,2007-01-01,2026-06-30,15252
USDZAR25B1Y Curncy,2007-01-01,2026-06-30,15255
USDMXNV1W Curncy,2007-01-01,2026-06-30,15258
USDMXNV1M Curncy,2007-01-01,2026-06-30,15258
USDMXNV3M Curncy,2007-01-01,2026-06-30,15258
USDMXNV6M Curncy,2007-01-01,2026-06-30,15258
USDMXNV1Y Curncy,2007-01-01,2026-06-30,15258
USDMXN25R1W Curncy,2007-01-01,2026-06-30,15258
USDMXN25R1M Curncy,2007-01-01,2026-06-30,15258
USDMXN25R3M Curncy,2007-01-01,2026-06-30,15258
USDMXN10R1M Curncy,2007-01-01,2026-06-30,15258
USDMXN10R3M Curncy,2007-01-01,2026-06-30,15255
USDMXN10R6M Curncy,2007-01-01,2026-06-30,15255
USDMXN10R1Y Curncy,2007-01-01,2026-06-30,15255
USDMXN10B1W Curncy,2007-01-01,2026-06-30,15255
USDMXN10B1M Curncy,2007-01-01,2026-06-30,15255
USDMXN10B3M Curncy,2007-01-01,2026-06-30,15255
USDMXN10B6M Curncy,2007-01-01,2026-06-30,15255
USDMXN25R6M Curncy,2007-01-01,2026-06-30,15258
USDMXN25R1Y Curncy,2007-01-01,2026-06-30,15258
USDMXN25B1W Curncy,2007-01-01,2026-06-30,15258
USDMXN25B1M Curncy,2007-01-01,2026-06-30,15258
USDMXN25B3M Curncy,2007-01-01,2026-06-30,15258
USDMXN25B6M Curncy,2007-01-01,2026-06-30,15258
USDMXN25B1Y Curncy,2007-01-01,2026-06-30,15258
USDMXN10R1W Curncy,2007-01-01,2026-06-30,15252
USDMXN10B1Y Curncy,2007-01-01,2026-06-30,15255
USDZARV1W Curncy,2007-01-01,2026-06-30,15252
USDZARV1M Curncy,2007-01-01,2026-06-30,15255
USDZARV3M Curncy,2007-01-01,2026-06-30,15255
USDZARV6M Curncy,2007-01-01,2026-06-30,15255
USDZARV1Y Curncy,2007-01-01,2026-06-30,15258
USDZAR25R1W Curncy,2007-01-01,2026-06-30,15243
USDZAR25R1M Curncy,2007-01-01,2026-06-30,15252
USDBRL25B1Y Curncy,2007-01-02,2026-06-30,15156
USDBRL10R1W Curncy,2007-01-01,2026-06-30,15255
USDBRL10R1M Curncy,2007-01-01,2026-06-30,15255
USDBRL10R3M Curncy,2007-01-02,2026-06-30,15156
USDBRL10R6M Curncy,2007-01-02,2026-06-30,15156
USDBRL10R1Y Curncy,2007-01-02,2026-06-30,15156
USDBRL10B1W Curncy,2007-01-01,2026-06-30,15255
USDBRL10B1M Curncy,2007-01-02,2026-06-30,15156
USDZAR10R1W Curncy,2007-01-01,2026-06-30,15165
USDZAR10R1M Curncy,2007-01-01,2026-06-30,15201
USDZAR10R3M Curncy,2007-01-01,2026-06-30,15201
USDZAR10R6M Curncy,2007-01-01,2026-06-30,15201
USDZAR10R1Y Curncy,2007-01-01,2026-06-30,15204
USDZAR10B1W Curncy,2007-01-01,2026-06-30,15198
USDZAR10B1M Curncy,2007-01-01,2026-06-30,15201
USDZAR10B3M Curncy,2007-01-01,2026-06-30,15201
USDZAR10B6M Curncy,2007-01-01,2026-06-30,15201
USDZAR10B1Y Curncy,2007-01-01,2026-06-30,15204
USDBRLV1W Curncy,2007-01-01,2026-06-30,15255
USDBRLV1M Curncy,2007-01-01,2026-06-30,15255
USDBRLV3M Curncy,2007-01-01,2026-06-30,15255
USDBRLV6M Curncy,2007-01-01,2026-06-30,15255
USDBRLV1Y Curncy,2007-01-01,2026-06-30,15255
USDBRL25R1W Curncy,2007-01-01,2026-06-30,15255
USDBRL10B3M Curncy,2007-01-02,2026-06-30,15156
USDBRL10B6M Curncy,2007-01-02,2026-06-30,15156
USDBRL10B1Y Curncy,2007-01-02,2026-06-30,15156
USDKRWV1W Curncy,2007-01-01,2026-06-30,15258
USDKRWV1M Curncy,2007-01-01,2026-06-30,15261
USDKRWV3M Curncy,2007-01-01,2026-06-30,15261
USDKRWV6M Curncy,2007-01-01,2026-06-30,15261
USDKRWV1Y Curncy,2007-01-01,2026-06-30,15261
USDBRL25R1M Curncy,2007-01-01,2026-06-30,15252
USDBRL25R3M Curncy,2007-01-02,2026-06-30,15156
USDBRL25R6M Curncy,2007-01-02,2026-06-30,15156
USDBRL25R1Y Curncy,2007-01-02,2026-06-30,15159
USDBRL25B1W Curncy,2007-01-01,2026-06-30,15255
USDBRL25B1M Curncy,2007-01-02,2026-06-30,15159
USDBRL25B3M Curncy,2007-01-02,2026-06-30,15156
USDBRL25B6M Curncy,2007-01-02,2026-06-30,15156
USDKRW10B1M Curncy,2007-01-01,2026-06-30,15255
USDKRW10B3M Curncy,2007-01-01,2026-06-30,15255
USDKRW10B6M Curncy,2007-01-01,2026-06-30,15255
USDKRW10B1Y Curncy,2007-01-01,2026-06-30,15255
USDSGDV1W Curncy,2007-01-01,2026-06-30,15255
USDSGDV1M Curncy,2007-01-01,2026-06-30,15258
USDSGDV3M Curncy,2007-01-01,2026-06-30,15258
USDSGDV6M Curncy,2007-01-01,2026-06-30,15258
USDKRW25B6M Curncy,2007-01-01,2026-06-30,15255
USDKRW25B1Y Curncy,2007-01-01,2026-06-30,15255
USDKRW10R1W Curncy,2007-01-03,2026-06-30,15018
USDKRW10R1M Curncy,2007-01-01,2026-06-30,15258
USDKRW10R3M Curncy,2007-01-01,2026-06-30,15255
USDKRW10R6M Curncy,2007-01-01,2026-06-30,15255
USDKRW25R1W Curncy,2007-01-01,2026-06-30,15030
USDKRW25R1M Curncy,2007-01-01,2026-06-30,15246
USDKRW10R1Y Curncy,2007-01-01,2026-06-30,15255
USDKRW25R3M Curncy,2007-01-01,2026-06-30,15255
USDKRW10B1W Curncy,2007-01-03,2026-06-30,15063
USDKRW25R6M Curncy,2007-01-01,2026-06-30,15255
USDKRW25R1Y Curncy,2007-01-01,2026-06-30,15255
USDKRW25B1W Curncy,2007-01-01,2026-06-30,15093
USDKRW25B1M Curncy,2007-01-01,2026-06-30,15255
USDKRW25B3M Curncy,2007-01-01,2026-06-30,15255
USDSGDV1Y Curncy,2007-01-01,2026-06-30,15258
USDSGD25R1W Curncy,2007-01-01,2026-06-30,14961
USDSGD25R1M Curncy,2007-01-01,2026-06-30,15231
USDSGD25R3M Curncy,2007-01-01,2026-06-30,15249
USDSGD25R6M Curncy,2007-01-01,2026-06-30,15246
USDSGD25R1Y Curncy,2007-01-01,2026-06-30,15249
USDSGD25B1W Curncy,2007-01-01,2026-06-30,15009
USDSGD25B1M Curncy,2007-01-01,2026-06-30,15249
USDSGD25B3M Curncy,2007-01-01,2026-06-30,15249
USDSGD25B6M Curncy,2007-01-01,2026-06-30,15249
USDSGD25B1Y Curncy,2007-01-01,2026-06-30,15249
USDSGD10R1W Curncy,2007-01-03,2026-06-30,14904
USDSGD10R1M Curncy,2007-01-01,2026-06-30,15240
USDSGD10R3M Curncy,2007-01-01,2026-06-30,15249
USDSGD10R6M Curncy,2007-01-01,2026-06-30,15246
USDSGD10R1Y Curncy,2007-01-01,2026-06-30,15249
USDCNH25B1M Curncy,2011-02-23,2026-06-30,11865
USDCNH25B3M Curncy,2011-02-23,2026-06-30,11865
USDCNH25B6M Curncy,2011-02-23,2026-06-30,11865
USDCNH25B1Y Curncy,2011-02-23,2026-06-30,11865
USDCNH10R1W Curncy,2011-02-23,2026-06-30,11820
USDCNH10R1M Curncy,2011-02-23,2026-06-30,11949
USDCNH10R3M Curncy,2011-02-23,2026-06-30,11949
USDCNH10R6M Curncy,2011-02-23,2026-06-30,11907
USDSGD10B1W Curncy,2007-01-03,2026-06-30,14943
USDSGD10B1M Curncy,2007-01-01,2026-06-30,15246
USDSGD10B3M Curncy,2007-01-01,2026-06-30,15249
USDSGD10B6M Curncy,2007-01-01,2026-06-30,15249
USDSGD10B1Y Curncy,2007-01-01,2026-06-30,15249
USDCNHV1W Curncy,2011-02-23,2026-06-30,11889
USDCNHV1M Curncy,2011-02-23,2026-06-30,11979
USDCNHV3M Curncy,2011-02-23,2026-06-30,11982
USDCNH10R1Y Curncy,2011-02-23,2026-06-30,11904
USDCNH10B1W Curncy,2011-02-23,2026-06-30,11787
USDCNH10B1M Curncy,2011-02-23,2026-06-30,11865
USDCNH10B3M Curncy,2011-02-23,2026-06-30,11865
USDCNH10B6M Curncy,2011-02-23,2026-06-30,11865
USDCNH10B1Y Curncy,2011-02-23,2026-06-30,11865
USDCNYV1W Curncy,2007-01-01,2026-06-30,15123
USDCNYV1M Curncy,2007-01-02,2026-06-30,15210
USDCNHV6M Curncy,2011-02-23,2026-06-30,11982
USDCNHV1Y Curncy,2011-02-23,2026-06-30,11982
USDCNH25R1W Curncy,2011-02-23,2026-06-30,11820
USDCNH25R1M Curncy,2011-02-23,2026-06-30,11982
USDCNH25R3M Curncy,2011-02-23,2026-06-30,11982
USDCNH25R6M Curncy,2011-02-23,2026-06-30,11940
USDCNH25R1Y Curncy,2011-02-23,2026-06-30,11904
USDCNH25B1W Curncy,2011-02-23,2026-06-30,11790
USDCNYV3M Curncy,2007-01-02,2026-06-30,15207
USDCNYV6M Curncy,2007-01-02,2026-06-30,15213
USDCNYV1Y Curncy,2007-01-01,2026-06-30,15231
USDCNY25R1W Curncy,2007-01-04,2026-06-30,14844
USDCNY25R1M Curncy,2007-01-04,2026-06-30,15006
USDCNY25R3M Curncy,2007-01-04,2026-06-30,15009
USDCNY25R6M Curncy,2007-01-04,2026-06-30,15009
USDCNY25R1Y Curncy,2007-01-04,2026-06-30,15009
USDCNY10R6M Curncy,2007-01-04,2026-06-30,15009
USDCNY10R1Y Curncy,2007-01-04,2026-06-30,15009
USDCNY10B1W Curncy,2007-01-04,2026-06-30,14841
USDCNY10B1M Curncy,2007-01-04,2026-06-30,15006
USDCNY10B3M Curncy,2007-01-04,2026-06-30,15009
USDCNY10B6M Curncy,2007-01-04,2026-06-30,15009
USDCNY10B1Y Curncy,2007-01-04,2026-06-30,15009
USDINRV1W Curncy,2007-01-01,2026-06-30,15156
USDINR10R3M Curncy,2007-01-02,2026-06-30,15081
USDINR10R6M Curncy,2007-01-02,2026-06-30,15084
USDINR10R1Y Curncy,2007-01-02,2026-06-30,15066
USDINR10B1W Curncy,2007-01-02,2026-06-30,14880
USDINR10B1M Curncy,2007-01-02,2026-06-30,15081
USDINR10B3M Curncy,2007-01-02,2026-06-30,15087
USDINR10B6M Curncy,2007-01-02,2026-06-30,15087
USDINR10B1Y Curncy,2007-01-02,2026-06-30,15069
USDINRV1M Curncy,2007-01-01,2026-06-30,15252
USDINRV3M Curncy,2007-01-01,2026-06-30,15252
USDINRV6M Curncy,2007-01-01,2026-06-30,15252
USDINRV1Y Curncy,2007-01-01,2026-06-30,15252
USDINR25R1W Curncy,2007-01-01,2026-06-30,15102
USDINR25R1Y Curncy,2007-01-01,2026-06-30,15228
USDINR25B1W Curncy,2007-01-01,2026-06-30,15096
USDINR25R1M Curncy,2007-01-01,2026-06-30,15207
USDINR25B1M Curncy,2007-01-01,2026-06-30,15207
USDINR25R3M Curncy,2007-01-01,2026-06-30,15225
USDINR25B3M Curncy,2007-01-01,2026-06-30,15213
USDINR25B6M Curncy,2007-01-01,2026-06-30,15213
USDINR25B1Y Curncy,2007-01-01,2026-06-30,15195
USDINR10R1W Curncy,2007-01-02,2026-06-30,14775
USDINR10R1M Curncy,2007-01-02,2026-06-30,15078
USDINR25R6M Curncy,2007-01-01,2026-06-30,15228
USDCNY25B1W Curncy,2007-01-04,2026-06-30,14841
USDCNY25B1M Curncy,2007-01-04,2026-06-30,15006
USDCNY25B3M Curncy,2007-01-04,2026-06-30,15009
USDCNY25B6M Curncy,2007-01-04,2026-06-30,15009
USDCNY25B1Y Curncy,2007-01-04,2026-06-30,15006
USDCNY10R1W Curncy,2007-01-04,2026-06-30,14841
USDCNY10R1M Curncy,2007-01-04,2026-06-30,15108
USDCNY10R3M Curncy,2007-01-04,2026-06-30,15009
USDPLN25R3M Curncy,2007-01-01,2026-06-30,15249
USDPLN25R6M Curncy,2007-01-01,2026-06-30,15252
USDPLN25R1Y Curncy,2007-01-01,2026-06-30,15252
USDPLN25B1W Curncy,2007-01-01,2026-06-30,15252
USDPLN25B1M Curncy,2007-01-01,2026-06-30,15252
USDPLN25B3M Curncy,2007-01-01,2026-06-30,15252
USDPLN25B6M Curncy,2007-01-01,2026-06-30,15252
USDPLN25B1Y Curncy,2007-01-01,2026-06-30,15252
USDTRY25R6M Curncy,2007-01-02,2026-06-30,15225
USDTRY25R1Y Curncy,2007-01-02,2026-06-30,15225
USDTRY25B1W Curncy,2007-01-02,2026-06-30,15246
USDTRY25B1M Curncy,2007-01-02,2026-06-30,15255
USDTRY25B3M Curncy,2007-01-02,2026-06-30,15255
USDTRY25B6M Curncy,2007-01-02,2026-06-30,15255
USDTRY25B1Y Curncy,2007-01-02,2026-06-30,15255
USDTRY10R1W Curncy,2007-01-02,2026-06-30,15213
USDTRY10B1Y Curncy,2007-01-02,2026-06-30,15225
USDPLNV1W Curncy,2007-01-01,2026-06-30,15258
USDPLNV1M Curncy,2007-01-01,2026-06-30,15261
USDPLNV3M Curncy,2007-01-01,2026-06-30,15258
USDPLNV6M Curncy,2007-01-01,2026-06-30,15258
USDPLNV1Y Curncy,2007-01-01,2026-06-30,15258
USDPLN25R1W Curncy,2007-01-01,2026-06-30,15252
USDPLN25R1M Curncy,2007-01-01,2026-06-30,15249
USDTRYV1W Curncy,2007-01-02,2026-06-30,15255
USDTRYV1M Curncy,2007-01-02,2026-06-30,15255
USDTRYV3M Curncy,2007-01-02,2026-06-30,15255
USDTRYV6M Curncy,2007-01-02,2026-06-30,15255
USDTRYV1Y Curncy,2007-01-02,2026-06-30,15255
USDTRY25R1W Curncy,2007-01-02,2026-06-30,15219
USDTRY25R1M Curncy,2007-01-02,2026-06-30,15225
USDTRY25R3M Curncy,2007-01-02,2026-06-30,15225
USDTRY10R1M Curncy,2007-01-02,2026-06-30,15225
USDTRY10R3M Curncy,2007-01-02,2026-06-30,15225
USDTRY10R6M Curncy,2007-01-02,2026-06-30,15225
USDTRY10R1Y Curncy,2007-01-02,2026-06-30,15225
USDTRY10B1W Curncy,2007-01-02,2026-06-30,15222
USDTRY10B1M Curncy,2007-01-02,2026-06-30,15225
USDTRY10B3M Curncy,2007-01-02,2026-06-30,15225
USDTRY10B6M Curncy,2007-01-02,2026-06-30,15225
USDPLN10R1W Curncy,2007-01-01,2026-06-30,15183
USDPLN10R1M Curncy,2007-01-01,2026-06-30,15258
USDPLN10R3M Curncy,2007-01-01,2026-06-30,15249
USDPLN10R6M Curncy,2007-01-01,2026-06-30,15252
USDPLN10R1Y Curncy,2007-01-01,2026-06-30,15252
USDPLN10B1W Curncy,2007-01-01,2026-06-30,15252
USDPLN10B1M Curncy,2007-01-01,2026-06-30,15252
USDPLN10B3M Curncy,2007-01-01,2026-06-30,15252
USDHUF25B1Y Curncy,2007-01-01,2026-06-30,15078
USDHUF10R1W Curncy,2007-01-02,2026-06-30,14868
USDHUF10R1M Curncy,2007-01-02,2026-06-30,15075
USDHUF10R3M Curncy,2007-01-02,2026-06-30,15075
USDHUF10R6M Curncy,2007-01-02,2026-06-30,15075
USDHUF10R1Y Curncy,2007-01-02,2026-06-30,15075
USDHUF10B1W Curncy,2007-01-02,2026-06-30,15072
USDHUF10B1M Curncy,2007-01-02,2026-06-30,15075
USDHUF25R1M Curncy,2007-01-01,2026-06-30,15078
USDHUF25R3M Curncy,2007-01-01,2026-06-30,15078
USDHUF25R6M Curncy,2007-01-01,2026-06-30,15078
USDHUF25R1Y Curncy,2007-01-01,2026-06-30,15078
USDHUF25B1W Curncy,2007-01-01,2026-06-30,15078
USDHUF25B1M Curncy,2007-01-01,2026-06-30,15078
USDHUF25B3M Curncy,2007-01-01,2026-06-30,15078
USDHUF25B6M Curncy,2007-01-01,2026-06-30,15078
USDHUF10B3M Curncy,2007-01-02,2026-06-30,15075
USDHUF10B6M Curncy,2007-01-02,2026-06-30,15075
USDHUF10B1Y Curncy,2007-01-02,2026-06-30,15075
USDTHBV1W Curncy,2007-01-01,2026-06-30,14943
USDTHBV1M Curncy,2007-01-01,2026-06-30,15195
USDTHBV3M Curncy,2007-01-01,2026-06-30,15222
USDTHBV6M Curncy,2007-01-01,2026-06-30,15228
USDTHBV1Y Curncy,2007-01-01,2026-06-30,15222
USDPLN10B6M Curncy,2007-01-01,2026-06-30,15252
USDPLN10B1Y Curncy,2007-01-01,2026-06-30,15252
USDHUFV1W Curncy,2007-01-01,2026-06-30,15087
USDHUFV1M Curncy,2007-01-01,2026-06-30,15087
USDHUFV3M Curncy,2007-01-01,2026-06-30,15087
USDHUFV6M Curncy,2007-01-01,2026-06-30,15087
USDHUFV1Y Curncy,2007-01-01,2026-06-30,15087
USDHUF25R1W Curncy,2007-01-01,2026-06-30,14940
USDTHB25R1W Curncy,2007-01-01,2026-06-30,14283
USDTHB25R1M Curncy,2007-01-01,2026-06-30,15006
USDTHB25R3M Curncy,2007-01-01,2026-06-30,15054
USDTHB25R6M Curncy,2007-01-01,2026-06-30,15063
USDTHB25R1Y Curncy,2007-01-01,2026-06-30,15063
USDTHB25B1W Curncy,2007-01-01,2026-06-30,14514
USDTHB25B1M Curncy,2007-01-01,2026-06-30,15069
USDTHB25B3M Curncy,2007-01-01,2026-06-30,15069
USDILS25B3M Curncy,2007-01-01,2026-06-30,15255
USDILS25B6M Curncy,2007-01-01,2026-06-30,15255
USDILS25B1Y Curncy,2007-01-01,2026-06-30,15255
USDILS10R1W Curncy,2007-01-01,2026-06-30,15072
USDILS10R1M Curncy,2007-01-01,2026-06-30,15243
USDILS10R3M Curncy,2007-01-01,2026-06-30,15243
USDILS10R6M Curncy,2007-01-01,2026-06-30,15243
USDILS10R1Y Curncy,2007-01-01,2026-06-30,15246
USDTHB10B1M Curncy,2007-01-04,2026-06-30,14994
USDTHB10B3M Curncy,2007-01-04,2026-06-30,15000
USDTHB10B6M Curncy,2007-01-04,2026-06-30,14997
USDTHB10B1Y Curncy,2007-01-04,2026-06-30,14997
USDILSV1W Curncy,2007-01-01,2026-06-30,15255
USDILSV1M Curncy,2007-01-01,2026-06-30,15258
USDILSV3M Curncy,2007-01-01,2026-06-30,15258
USDILSV6M Curncy,2007-01-01,2026-06-30,15255
USDILSV1Y Curncy,2007-01-01,2026-06-30,15258
USDILS25R1W Curncy,2007-01-01,2026-06-30,15093
USDILS25R1M Curncy,2007-01-01,2026-06-30,15246
USDILS25R3M Curncy,2007-01-01,2026-06-30,15246
USDILS25R6M Curncy,2007-01-01,2026-06-30,15246
USDILS25R1Y Curncy,2007-01-01,2026-06-30,15246
USDILS25B1W Curncy,2007-01-01,2026-06-30,15231
USDILS25B1M Curncy,2007-01-01,2026-06-30,15243
USDTHB25B6M Curncy,2007-01-01,2026-06-30,15066
USDTHB25B1Y Curncy,2007-01-01,2026-06-30,15066
USDTHB10R1W Curncy,2007-01-04,2026-06-30,14193
USDTHB10R1M Curncy,2007-01-04,2026-06-30,15099
USDTHB10R3M Curncy,2007-01-04,2026-06-30,14982
USDTHB10R6M Curncy,2007-01-04,2026-06-30,14997
USDTHB10R1Y Curncy,2007-01-04,2026-06-30,14997
USDTHB10B1W Curncy,2007-01-04,2026-06-30,14445
USDILS10B1W Curncy,2007-01-01,2026-06-30,15225
USDILS10B1M Curncy,2007-01-01,2026-06-30,15234
USDILS10B3M Curncy,2007-01-01,2026-06-30,15234
USDILS10B6M Curncy,2007-01-01,2026-06-30,15234
USDILS10B1Y Curncy,2007-01-01,2026-06-30,15234
MXN Curncy,2007-01-01,2026-06-30,15255
ZAR Curncy,2007-01-01,2026-06-30,15252
BRL Curncy,2007-01-02,2026-06-30,14703
KRW Curncy,2007-01-02,2026-06-30,14658
IDR Curncy,2007-01-02,2026-06-30,14427
MYR Curncy,2007-01-02,2026-06-30,14625
PHP Curncy,2007-01-03,2026-06-30,14481
CLP Curncy,2007-01-02,2026-06-30,14400
COP Curncy,2007-01-02,2026-06-30,14511
PEN Curncy,2007-01-02,2026-06-30,14541
SGD Curncy,2007-01-01,2026-06-30,15255
CNH Curncy,2010-08-23,2026-06-30,12399
CNY Curncy,2007-01-01,2026-06-30,14448
INR Curncy,2007-01-02,2026-06-30,14214
THB Curncy,2007-01-01,2026-06-30,14670
PLN Curncy,2007-01-02,2026-06-30,15231
HUF Curncy,2007-01-01,2026-06-30,15252
TRY Curncy,2007-01-02,2026-06-30,15252
ILS Curncy,2007-01-02,2026-06-30,15261
MXN1M Curncy,2007-01-02,2026-06-30,15165
MXN3M Curncy,2007-01-02,2026-06-30,15180
MXN6M Curncy,2007-01-02,2026-06-30,15180
MXN12M Curncy,2007-01-02,2026-06-30,15069
ZAR1M Curncy,2007-01-01,2026-06-30,15246
ZAR3M Curncy,2007-01-01,2026-06-30,15249
ZAR6M Curncy,2007-01-01,2026-06-30,15246
ZAR12M Curncy,2007-01-01,2026-06-30,15231
MYR1M Curncy,2007-01-03,2026-06-30,14394
MYR3M Curncy,2007-01-03,2026-06-30,14481
MYR6M Curncy,2007-01-03,2026-06-30,14292
MYR12M Curncy,2007-01-03,2026-06-30,14406
PHP1M Curncy,2007-01-02,2026-06-30,14772
PHP3M Curncy,2007-01-02,2026-06-30,14076
PHP6M Curncy,2007-01-02,2026-06-30,14109
PHP12M Curncy,2007-01-02,2026-06-30,14349
SGD1M Curncy,2007-01-01,2026-06-30,15222
SGD3M Curncy,2007-01-01,2026-06-30,15252
SGD6M Curncy,2007-01-01,2026-06-30,15219
SGD12M Curncy,2007-01-01,2026-06-30,15228
CNH1M Curncy,2010-08-26,2026-06-30,12351
CNH3M Curncy,2010-08-26,2026-06-30,12339
CNH6M Curncy,2010-08-26,2026-06-30,12333
CNH12M Curncy,2010-08-26,2026-06-30,12354
THB1M Curncy,2007-01-02,2026-06-30,15111
ILS3M Curncy,2007-01-01,2026-06-30,15222
ILS6M Curncy,2007-01-01,2026-06-30,15198
ILS12M Curncy,2007-01-01,2026-06-30,15210
BCN1M Curncy,2007-01-02,2026-06-30,15009
BCN3M Curncy,2007-01-02,2026-06-30,15075
BCN6M Curncy,2007-01-02,2026-06-30,15078
BCN12M Curncy,2007-01-02,2026-06-30,15099
KWO1M Curncy,2007-01-02,2026-06-30,14058
KWO3M Curncy,2007-01-02,2026-06-30,13878
KWO6M Curncy,2007-01-02,2026-06-30,13995
KWO12M Curncy,2007-01-02,2026-06-30,14085
IHO1M Curncy,2007-01-01,2026-06-30,14766
IHO3M Curncy,2007-01-01,2026-06-30,14742
IHO6M Curncy,2007-01-01,2026-06-30,14805
IHO12M Curncy,2007-01-01,2026-06-30,14733
PPN1M Curncy,2007-01-01,2026-06-30,13476
THB3M Curncy,2007-01-02,2026-06-30,15207
THB6M Curncy,2007-01-02,2026-06-30,15171
THB12M Curncy,2007-01-02,2026-06-30,15213
PLN1M Curncy,2007-01-01,2026-06-30,15246
PLN3M Curncy,2007-01-01,2026-06-30,15240
PLN6M Curncy,2007-01-01,2026-06-30,15216
PLN12M Curncy,2007-01-01,2026-06-30,15198
HUF1M Curncy,2007-01-01,2026-06-30,15060
HUF3M Curncy,2007-01-01,2026-06-30,15240
HUF6M Curncy,2007-01-02,2026-06-30,15219
HUF12M Curncy,2007-01-01,2026-06-30,15195
TRY1M Curncy,2007-01-02,2026-06-30,15255
TRY3M Curncy,2007-01-02,2026-06-30,15087
TRY6M Curncy,2007-01-01,2026-06-30,15117
TRY12M Curncy,2007-01-01,2026-06-30,15261
ILS1M Curncy,2007-01-01,2026-06-30,15117
IRN1M Curncy,2007-01-02,2026-06-30,15000
IRN3M Curncy,2007-01-02,2026-06-30,14994
IRN6M Curncy,2007-01-02,2026-06-30,15057
IRN12M Curncy,2007-01-02,2026-06-30,15036
PPN3M Curncy,2007-01-02,2026-06-30,11859
PPN6M Curncy,2007-01-02,2026-06-30,11430
PPN12M Curncy,2007-01-02,2026-06-30,11466
CHN1M Curncy,2007-01-02,2026-06-30,15099
CHN3M Curncy,2007-01-02,2026-06-30,14889
CHN6M Curncy,2007-01-02,2026-06-30,15081
CHN12M Curncy,2007-01-02,2026-06-30,15012
CLN1M Curncy,2007-01-02,2026-06-30,15069
CLN3M Curncy,2007-01-02,2026-06-30,15177
CLN6M Curncy,2007-01-02,2026-06-30,15129
CLN12M Curncy,2007-01-02,2026-06-30,15168
PSN1M Curncy,2007-01-02,2026-06-30,14946
PSN3M Curncy,2007-01-02,2026-06-30,14952
PSN6M Curncy,2007-01-02,2026-06-30,14715
PSN12M Curncy,2007-01-02,2026-06-30,14940
BZSTSETA Index,2007-01-03,2026-06-30,5023
BCCDIO Curncy,2007-01-02,2015-12-15,2242
BCSWAPD Curncy,2009-09-30,2016-02-22,1416
MXONBR Index,2008-01-18,2026-06-30,4700
MXIBTIIE Index,2007-01-02,2026-06-30,4918
MPSWC Index,2009-09-30,2024-12-31,3699
MPSW1A Index,2009-09-30,2024-12-31,3780
JIBA1M Index,2007-01-02,2026-06-30,4871
JIBA3M Index,2007-01-02,2026-06-30,4871
JIBA12M Index,2007-01-02,2026-06-30,4870
KOCRD Index,2007-01-02,2026-06-29,4950
KRBO1M Index,2007-01-02,2026-06-29,4833
KWCDC Index,2007-01-02,2026-06-30,4826
KWSWO1 Index,2007-01-01,2026-06-30,4950
IDBIRATE Index,2007-01-04,2016-07-21,797
JIIN1M Index,2007-01-02,2025-12-31,4638
IDRE1MO Index,2012-04-02,2026-06-30,2873
IHSWOOA Curncy,2007-01-24,2026-06-30,396
KLIB1M Index,2007-01-03,2026-06-30,4792
KLIB3M Index,2007-01-03,2026-06-30,4793
MRSWQO1 Index,2007-01-03,2026-06-30,4595
PREF1MO Index,2007-01-02,2023-06-30,4039
PREF3MO Index,2007-01-02,2023-06-30,4039
PPSWO1 Index,2011-05-04,2023-06-30,2986
CLTN30DS Curncy,2007-01-02,2010-05-14,842
CHSWPC Index,2007-01-04,2026-06-30,4286
CHSWP1 Index,2007-01-02,2026-06-30,4734
CORRRMIN Index,2007-01-01,2026-06-30,5072
DTF RATE Index,2007-01-01,2026-06-30,5085
COMM1YR Index,2007-01-02,2026-06-24,4813
PRRRONUS Index,2007-01-01,2026-06-30,4959
PRBOPRBI Index,2007-01-02,2021-07-15,3559
PRBOPRB3 Index,2007-01-02,2021-07-15,3559
PRBOPRB1 Index,2007-01-02,2021-07-15,3559
USDJPY25R3M Curncy,2007-01-01,2026-06-30,15261
USDJPY25R6M Curncy,2007-01-01,2026-06-30,15261
USDJPY25R1Y Curncy,2007-01-01,2026-06-30,15261
USDJPY25B1W Curncy,2007-01-01,2026-06-30,15261
USDJPY25B1M Curncy,2007-01-01,2026-06-30,15261
USDJPY25B3M Curncy,2007-01-01,2026-06-30,15261
USDJPY25B6M Curncy,2007-01-01,2026-06-30,15261
USDJPY25B1Y Curncy,2007-01-01,2026-06-30,15261
EURUSDV1W Curncy,2007-01-01,2026-06-30,15261
EURUSDV1M Curncy,2007-01-01,2026-06-30,15261
EURUSDV3M Curncy,2007-01-01,2026-06-30,15261
EURUSDV6M Curncy,2007-01-01,2026-06-30,15261
EURUSDV1Y Curncy,2007-01-01,2026-06-30,15261
EURUSD25R1W Curncy,2007-01-01,2026-06-30,15252
EURUSD25R1M Curncy,2007-01-01,2026-06-30,15255
EURUSD25R3M Curncy,2007-01-01,2026-06-30,15258
EURUSD10R1M Curncy,2007-01-01,2026-06-30,15261
EURUSD10R3M Curncy,2007-01-01,2026-06-30,15258
EURUSD10R6M Curncy,2007-01-01,2026-06-30,15258
EURUSD10R1Y Curncy,2007-01-01,2026-06-30,15258
EURUSD10B1W Curncy,2007-01-01,2026-06-30,15261
EURUSD10B1M Curncy,2007-01-01,2026-06-30,15261
EURUSD10B3M Curncy,2007-01-01,2026-06-30,15261
EURUSD10B6M Curncy,2007-01-01,2026-06-30,15261
EURUSD10B1Y Curncy,2007-01-01,2026-06-30,15261
USDJPYV1W Curncy,2007-01-01,2026-06-30,15261
USDJPYV1M Curncy,2007-01-01,2026-06-30,15261
USDJPYV3M Curncy,2007-01-01,2026-06-30,15261
USDJPYV6M Curncy,2007-01-01,2026-06-30,15261
USDJPYV1Y Curncy,2007-01-01,2026-06-30,15261
USDJPY25R1W Curncy,2007-01-01,2026-06-30,15261
USDJPY25R1M Curncy,2007-01-01,2026-06-30,15261
EURUSD25R6M Curncy,2007-01-01,2026-06-30,15261
EURUSD25R1Y Curncy,2007-01-01,2026-06-30,15261
EURUSD25B1W Curncy,2007-01-01,2026-06-30,15261
EURUSD25B1M Curncy,2007-01-01,2026-06-30,15261
EURUSD25B3M Curncy,2007-01-01,2026-06-30,15261
EURUSD25B6M Curncy,2007-01-01,2026-06-30,15261
EURUSD25B1Y Curncy,2007-01-01,2026-06-30,15261
EURUSD10R1W Curncy,2007-01-01,2026-06-30,15261
GBPUSD10B3M Curncy,2007-01-01,2026-06-30,15261
GBPUSD10B6M Curncy,2007-01-01,2026-06-30,15261
GBPUSD10B1Y Curncy,2007-01-01,2026-06-30,15261
USDCHFV1W Curncy,2007-01-01,2026-06-30,15261
USDCHFV1M Curncy,2007-01-01,2026-06-30,15261
USDCHFV3M Curncy,2007-01-01,2026-06-30,15261
USDCHFV6M Curncy,2007-01-01,2026-06-30,15261
USDCHFV1Y Curncy,2007-01-01,2026-06-30,15261
USDJPY10R1W Curncy,2007-01-01,2026-06-30,15261
USDJPY10R1M Curncy,2007-01-01,2026-06-30,15261
USDJPY10R3M Curncy,2007-01-01,2026-06-30,15261
USDJPY10R6M Curncy,2007-01-01,2026-06-30,15261
USDJPY10R1Y Curncy,2007-01-01,2026-06-30,15261
USDJPY10B1W Curncy,2007-01-01,2026-06-30,15261
USDJPY10B1M Curncy,2007-01-01,2026-06-30,15261
GBPUSD25B1Y Curncy,2007-01-01,2026-06-30,15261
GBPUSD10R1W Curncy,2007-01-01,2026-06-30,15249
GBPUSD10R1M Curncy,2007-01-01,2026-06-30,15255
GBPUSD10R3M Curncy,2007-01-01,2026-06-30,15261
GBPUSD10R6M Curncy,2007-01-01,2026-06-30,15261
GBPUSD10R1Y Curncy,2007-01-01,2026-06-30,15261
GBPUSD10B1W Curncy,2007-01-01,2026-06-30,15261
GBPUSD10B1M Curncy,2007-01-01,2026-06-30,15261
USDJPY10B3M Curncy,2007-01-01,2026-06-30,15261
GBPUSD25R1M Curncy,2007-01-01,2026-06-30,15261
GBPUSD25R3M Curncy,2007-01-01,2026-06-30,15261
GBPUSD25R6M Curncy,2007-01-01,2026-06-30,15261
GBPUSD25R1Y Curncy,2007-01-01,2026-06-30,15261
GBPUSD25B1W Curncy,2007-01-01,2026-06-30,15261
GBPUSD25B1M Curncy,2007-01-01,2026-06-30,15261
GBPUSD25B3M Curncy,2007-01-01,2026-06-30,15261
GBPUSD25B6M Curncy,2007-01-01,2026-06-30,15261
USDJPY10B6M Curncy,2007-01-01,2026-06-30,15261
USDJPY10B1Y Curncy,2007-01-01,2026-06-30,15261
GBPUSDV1W Curncy,2007-01-01,2026-06-30,15261
GBPUSDV1M Curncy,2007-01-01,2026-06-30,15261
GBPUSDV3M Curncy,2007-01-01,2026-06-30,15261
GBPUSDV6M Curncy,2007-01-01,2026-06-30,15261
GBPUSDV1Y Curncy,2007-01-01,2026-06-30,15261
GBPUSD25R1W Curncy,2007-01-01,2026-06-30,15249
USDCHF25B6M Curncy,2007-01-01,2026-06-30,15261
USDCHF25B1Y Curncy,2007-01-01,2026-06-30,15261
USDCHF10R1W Curncy,2007-01-01,2026-06-30,15186
USDCHF10R1M Curncy,2007-01-01,2026-06-30,15261
USDCHF10R3M Curncy,2007-01-01,2026-06-30,15261
USDCHF10R6M Curncy,2007-01-01,2026-06-30,15261
USDCHF10R1Y Curncy,2007-01-01,2026-06-30,15261
USDCHF10B1W Curncy,2007-01-01,2026-06-30,15261
USDCHF10B1M Curncy,2007-01-01,2026-06-30,15261
USDCHF10B3M Curncy,2007-01-01,2026-06-30,15261
USDCHF10B6M Curncy,2007-01-01,2026-06-30,15261
USDCHF10B1Y Curncy,2007-01-01,2026-06-30,15261
USDCADV1W Curncy,2007-01-01,2026-06-30,15258
USDCADV1M Curncy,2007-01-01,2026-06-30,15258
USDCADV3M Curncy,2007-01-01,2026-06-30,15258
USDCADV6M Curncy,2007-01-01,2026-06-30,15258
USDCADV1Y Curncy,2007-01-01,2026-06-30,15258
USDCAD25R1W Curncy,2007-01-01,2026-06-30,15258
USDCAD25R1M Curncy,2007-01-02,2026-06-30,15255
USDCAD25R3M Curncy,2007-01-02,2026-06-30,15255
USDCAD25R6M Curncy,2007-01-02,2026-06-30,15255
USDCAD25R1Y Curncy,2007-01-02,2026-06-30,15255
USDCAD25B1W Curncy,2007-01-01,2026-06-30,15258
USDCAD25B1M Curncy,2007-01-01,2026-06-30,15258
USDCHF25R1W Curncy,2007-01-01,2026-06-30,15255
USDCHF25R1M Curncy,2007-01-01,2026-06-30,15261
USDCHF25R3M Curncy,2007-01-01,2026-06-30,15261
USDCHF25R6M Curncy,2007-01-01,2026-06-30,15261
USDCHF25R1Y Curncy,2007-01-01,2026-06-30,15261
USDCHF25B1W Curncy,2007-01-01,2026-06-30,15261
USDCHF25B1M Curncy,2007-01-01,2026-06-30,15261
USDCHF25B3M Curncy,2007-01-01,2026-06-30,15261
USDCAD25B3M Curncy,2007-01-01,2026-06-30,15258
USDCAD25B6M Curncy,2007-01-01,2026-06-30,15258
USDCAD25B1Y Curncy,2007-01-01,2026-06-30,15258
USDCAD10R1W Curncy,2007-01-01,2026-06-30,15243
USDCAD10R1M Curncy,2007-01-01,2026-06-30,15258
USDCAD10R3M Curncy,2007-01-01,2026-06-30,15258
USDCAD10R6M Curncy,2007-01-01,2026-06-30,15258
USDCAD10R1Y Curncy,2007-01-01,2026-06-30,15258
AUDUSD25B1M Curncy,2007-01-01,2026-06-30,15258
AUDUSD25B3M Curncy,2007-01-01,2026-06-30,15258
AUDUSD25B6M Curncy,2007-01-01,2026-06-30,15258
AUDUSD25B1Y Curncy,2007-01-01,2026-06-30,15258
AUDUSD10R1W Curncy,2007-01-01,2026-06-30,15255
AUDUSD10R1M Curncy,2007-01-01,2026-06-30,15258
AUDUSD10R3M Curncy,2007-01-01,2026-06-30,15258
AUDUSD10R6M Curncy,2007-01-01,2026-06-30,15258
USDCAD10B1W Curncy,2007-01-01,2026-06-30,15252
USDCAD10B1M Curncy,2007-01-01,2026-06-30,15258
USDCAD10B3M Curncy,2007-01-01,2026-06-30,15258
USDCAD10B6M Curncy,2007-01-01,2026-06-30,15258
USDCAD10B1Y Curncy,2007-01-01,2026-06-30,15258
AUDUSDV1W Curncy,2007-01-01,2026-06-30,15261
AUDUSDV1M Curncy,2007-01-01,2026-06-30,15261
AUDUSDV3M Curncy,2007-01-01,2026-06-30,15261
NZDUSDV3M Curncy,2007-01-01,2026-06-30,15249
NZDUSDV6M Curncy,2007-01-01,2026-06-30,15249
NZDUSDV1Y Curncy,2007-01-01,2026-06-30,15261
NZDUSD25R1W Curncy,2007-01-01,2026-06-30,15249
NZDUSD25R1M Curncy,2007-01-01,2026-06-30,15234
NZDUSD25R3M Curncy,2007-01-01,2026-06-30,15249
NZDUSD25R6M Curncy,2007-01-01,2026-06-30,15249
NZDUSD25R1Y Curncy,2007-01-01,2026-06-30,15249
AUDUSDV6M Curncy,2007-01-01,2026-06-30,15261
AUDUSD10R1Y Curncy,2007-01-01,2026-06-30,15258
AUDUSDV1Y Curncy,2007-01-01,2026-06-30,15261
AUDUSD10B1W Curncy,2007-01-01,2026-06-30,15258
AUDUSD25R1W Curncy,2007-01-01,2026-06-30,15255
AUDUSD10B1M Curncy,2007-01-01,2026-06-30,15258
AUDUSD25R1M Curncy,2007-01-01,2026-06-30,15258
AUDUSD10B3M Curncy,2007-01-01,2026-06-30,15258
AUDUSD25R3M Curncy,2007-01-01,2026-06-30,15258
AUDUSD10B6M Curncy,2007-01-01,2026-06-30,15258
AUDUSD25R6M Curncy,2007-01-01,2026-06-30,15258
AUDUSD10B1Y Curncy,2007-01-01,2026-06-30,15258
AUDUSD25R1Y Curncy,2007-01-01,2026-06-30,15258
AUDUSD25B1W Curncy,2007-01-01,2026-06-30,15258
NZDUSDV1W Curncy,2007-01-01,2026-06-30,15249
NZDUSDV1M Curncy,2007-01-01,2026-06-30,15249
USDNOK10R3M Curncy,2007-01-02,2026-06-30,15087
USDNOK10R6M Curncy,2007-01-02,2026-06-30,15084
USDNOK10R1Y Curncy,2007-01-02,2026-06-30,15084
USDNOK10B1W Curncy,2007-01-02,2026-06-30,15144
USDNOK10B1M Curncy,2007-01-02,2026-06-30,15147
USDNOK10B3M Curncy,2007-01-02,2026-06-30,15147
USDNOK10B6M Curncy,2007-01-02,2026-06-30,15147
USDNOK10B1Y Curncy,2007-01-02,2026-06-30,15147
NZDUSD10R6M Curncy,2007-01-01,2026-06-30,15249
NZDUSD10R1Y Curncy,2007-01-01,2026-06-30,15249
NZDUSD10B1W Curncy,2007-01-01,2026-06-30,15249
NZDUSD10B1M Curncy,2007-01-01,2026-06-30,15249
NZDUSD10B3M Curncy,2007-01-01,2026-06-30,15249
NZDUSD10B6M Curncy,2007-01-01,2026-06-30,15249
NZDUSD10B1Y Curncy,2007-01-01,2026-06-30,15249
USDNOKV1W Curncy,2007-01-01,2026-06-30,15246
NZDUSD25B1W Curncy,2007-01-01,2026-06-30,15249
NZDUSD25B1M Curncy,2007-01-01,2026-06-30,15249
NZDUSD25B3M Curncy,2007-01-01,2026-06-30,15249
NZDUSD25B6M Curncy,2007-01-01,2026-06-30,15249
NZDUSD25B1Y Curncy,2007-01-01,2026-06-30,15249
NZDUSD10R1W Curncy,2007-01-01,2026-06-30,15249
NZDUSD10R1M Curncy,2007-01-01,2026-06-30,15249
NZDUSD10R3M Curncy,2007-01-01,2026-06-30,15249
USDNOK25R1Y Curncy,2007-01-01,2026-06-30,15090
USDNOK25B1W Curncy,2007-01-01,2026-06-30,15150
USDNOK25B1M Curncy,2007-01-01,2026-06-30,15144
USDNOK25B3M Curncy,2007-01-01,2026-06-30,15147
USDNOK25B6M Curncy,2007-01-01,2026-06-30,15150
USDNOK25B1Y Curncy,2007-01-01,2026-06-30,15150
USDNOK10R1W Curncy,2007-01-02,2026-06-30,14715
USDNOK10R1M Curncy,2007-01-02,2026-06-30,15057
USDNOKV1M Curncy,2007-01-01,2026-06-30,15246
USDNOKV3M Curncy,2007-01-01,2026-06-30,15246
USDNOKV6M Curncy,2007-01-01,2026-06-30,15246
USDNOKV1Y Curncy,2007-01-01,2026-06-30,15258
USDNOK25R1W Curncy,2007-01-01,2026-06-30,14883
USDNOK25R1M Curncy,2007-01-01,2026-06-30,15105
USDNOK25R3M Curncy,2007-01-01,2026-06-30,15084
USDNOK25R6M Curncy,2007-01-01,2026-06-30,15081
USDSEK25R6M Curncy,2007-01-01,2026-06-30,15105
USDSEK25R1Y Curncy,2007-01-01,2026-06-30,15081
USDSEK25B1W Curncy,2007-01-01,2026-06-30,15144
USDSEK25B1M Curncy,2007-01-01,2026-06-30,15141
USDSEK25B3M Curncy,2007-01-01,2026-06-30,15141
USDSEK25B6M Curncy,2007-01-01,2026-06-30,15144
USDSEK25B1Y Curncy,2007-01-01,2026-06-30,15129
USDSEK10R1W Curncy,2007-01-02,2026-06-30,15000
USDDKK25R3M Curncy,2007-01-01,2026-06-30,14568
USDDKK25R6M Curncy,2007-01-01,2026-06-30,14613
USDDKK25R1Y Curncy,2007-01-01,2026-06-30,14598
USDDKK25B1W Curncy,2007-01-01,2026-06-30,14655
USDDKK25B1M Curncy,2007-01-01,2026-06-30,14661
USDDKK25B3M Curncy,2007-01-01,2026-06-30,14658
USDDKK25B6M Curncy,2007-01-01,2026-06-30,14664
USDDKK25B1Y Curncy,2007-01-01,2026-06-30,14664
USDSEKV1W Curncy,2007-01-01,2026-06-30,15246
USDSEKV1M Curncy,2007-01-01,2026-06-30,15246
USDSEKV3M Curncy,2007-01-01,2026-06-30,15246
USDSEKV6M Curncy,2007-01-01,2026-06-30,15246
USDSEKV1Y Curncy,2007-01-01,2026-06-30,15258
USDSEK25R1W Curncy,2007-01-01,2026-06-30,15060
USDSEK25R1M Curncy,2007-01-01,2026-06-30,15129
USDSEK25R3M Curncy,2007-01-01,2026-06-30,15084
USDSEK10R1M Curncy,2007-01-02,2026-06-30,15084
USDSEK10R3M Curncy,2007-01-02,2026-06-30,15084
USDSEK10R6M Curncy,2007-01-02,2026-06-30,15096
USDSEK10R1Y Curncy,2007-01-02,2026-06-30,15069
USDSEK10B1W Curncy,2007-01-02,2026-06-30,15138
USDSEK10B1M Curncy,2007-01-02,2026-06-30,15138
USDSEK10B3M Curncy,2007-01-02,2026-06-30,15138
USDSEK10B6M Curncy,2007-01-02,2026-06-30,15138
USDSEK10B1Y Curncy,2007-01-02,2026-06-30,15123
USDDKKV1W Curncy,2007-01-01,2026-06-30,14706
USDDKKV1M Curncy,2007-01-01,2026-06-30,14712
USDDKKV3M Curncy,2007-01-01,2026-06-30,14709
USDDKKV6M Curncy,2007-01-01,2026-06-30,14709
USDDKKV1Y Curncy,2007-01-01,2026-06-30,14709
USDDKK25R1W Curncy,2007-01-01,2026-06-30,14523
USDDKK25R1M Curncy,2007-01-01,2026-06-30,14649
USDHKD10B3M Curncy,2007-01-01,2026-06-30,15225
USDHKD10B6M Curncy,2007-01-01,2026-06-30,15225
USDHKD10B1Y Curncy,2007-01-01,2026-06-30,15225
USDHKD25B1Y Curncy,2007-01-01,2026-06-30,15225
USDHKD10R1W Curncy,2007-05-23,2026-06-30,14397
USDHKD10R1M Curncy,2007-01-01,2026-06-30,15228
USDHKD10R3M Curncy,2007-01-01,2026-06-30,15225
USDHKD10R6M Curncy,2007-01-01,2026-06-30,15225
USDHKD10R1Y Curncy,2007-01-01,2026-06-30,15225
USDHKD10B1W Curncy,2007-01-02,2026-06-30,14781
USDHKD10B1M Curncy,2007-01-01,2026-06-30,15225
USDDKK10B6M Curncy,2007-01-02,2026-06-30,14661
USDDKK10B1Y Curncy,2007-01-02,2026-06-30,14661
USDHKDV1W Curncy,2007-01-01,2026-06-30,15096
USDHKDV1M Curncy,2007-01-01,2026-06-30,15243
USDHKDV3M Curncy,2007-01-01,2026-06-30,15243
USDHKDV6M Curncy,2007-01-01,2026-06-30,15243
USDHKDV1Y Curncy,2007-01-01,2026-06-30,15243
USDHKD25R1W Curncy,2007-01-01,2026-06-30,14412
USDDKK10R1W Curncy,2007-01-02,2026-06-30,14517
USDDKK10R1M Curncy,2007-01-02,2026-06-30,14565
USDDKK10R3M Curncy,2007-01-02,2026-06-30,14571
USDDKK10R6M Curncy,2007-01-02,2026-06-30,14601
USDDKK10R1Y Curncy,2007-01-02,2026-06-30,14595
USDDKK10B1W Curncy,2007-01-02,2026-06-30,14649
USDDKK10B1M Curncy,2007-01-02,2026-06-30,14661
USDDKK10B3M Curncy,2007-01-02,2026-06-30,14661
USDHKD25R1M Curncy,2007-01-01,2026-06-30,15225
USDHKD25R3M Curncy,2007-01-01,2026-06-30,15225
USDHKD25R6M Curncy,2007-01-01,2026-06-30,15225
USDHKD25R1Y Curncy,2007-01-01,2026-06-30,15225
USDHKD25B1W Curncy,2007-01-01,2026-06-30,14823
USDHKD25B1M Curncy,2007-01-01,2026-06-30,15225
USDHKD25B3M Curncy,2007-01-01,2026-06-30,15225
USDHKD25B6M Curncy,2007-01-01,2026-06-30,15225
AUD Curncy,2007-01-01,2026-06-30,15261
CAD Curncy,2007-01-01,2026-06-30,15261
CHF Curncy,2007-01-01,2026-06-30,15261
EUR Curncy,2007-01-01,2026-06-30,15261
GBP Curncy,2007-01-01,2026-06-30,15261
JPY Curncy,2007-01-01,2026-06-30,15261
NOK Curncy,2007-01-01,2026-06-30,15258
NZD Curncy,2007-01-01,2026-06-30,15261
CAD1W Curncy,2007-01-01,2026-06-30,15258
CAD1M Curncy,2007-01-01,2026-06-30,15261
CAD3M Curncy,2007-01-01,2026-06-30,15258
CAD6M Curncy,2007-01-01,2026-06-30,15261
CAD12M Curncy,2007-01-01,2026-06-30,15261
CHF1W Curncy,2007-01-01,2026-06-30,15258
CHF1M Curncy,2007-01-01,2026-06-30,15261
CHF3M Curncy,2007-01-01,2026-06-30,15261
SEK Curncy,2007-01-01,2026-06-30,15261
DKK Curncy,2007-01-01,2026-06-30,15258
HKD Curncy,2007-01-01,2026-06-30,15255
AUD1W Curncy,2007-01-01,2026-06-30,15261
AUD1M Curncy,2007-01-01,2026-06-30,15261
AUD3M Curncy,2007-01-01,2026-06-30,15261
AUD6M Curncy,2007-01-01,2026-06-30,15261
AUD12M Curncy,2007-01-01,2026-06-30,15261
CHF6M Curncy,2007-01-01,2026-06-30,15261
CHF12M Curncy,2007-01-01,2026-06-30,15261
EUR1W Curncy,2007-01-01,2026-06-30,15261
EUR1M Curncy,2007-01-01,2026-06-30,15261
EUR3M Curncy,2007-01-01,2026-06-30,15261
EUR6M Curncy,2007-01-01,2026-06-30,15261
EUR12M Curncy,2007-01-01,2026-06-30,15261
GBP1W Curncy,2007-01-01,2026-06-30,15261
GBP1M Curncy,2007-01-01,2026-06-30,15261
GBP3M Curncy,2007-01-01,2026-06-30,15261
GBP6M Curncy,2007-01-01,2026-06-30,15261
GBP12M Curncy,2007-01-01,2026-06-30,15261
JPY1W Curncy,2007-01-01,2026-06-30,15261
JPY1M Curncy,2007-01-01,2026-06-30,15261
JPY3M Curncy,2007-01-01,2026-06-30,15261
JPY6M Curncy,2007-01-01,2026-06-30,15261
HKD6M Curncy,2007-01-01,2026-06-30,15255
HKD12M Curncy,2007-01-01,2026-06-30,15243
JPY12M Curncy,2007-01-01,2026-06-30,15261
NOK1W Curncy,2007-01-01,2026-06-30,15258
NOK1M Curncy,2007-01-01,2026-06-30,15246
NOK3M Curncy,2007-01-01,2026-06-30,15258
NOK6M Curncy,2007-01-01,2026-06-30,15261
NOK12M Curncy,2007-01-01,2026-06-30,15261
NZD1W Curncy,2007-01-01,2026-06-30,15261
NZD1M Curncy,2007-01-01,2026-06-30,15261
NZD3M Curncy,2007-01-01,2026-06-30,15261
NZD6M Curncy,2007-01-01,2026-06-30,15261
NZD12M Curncy,2007-01-01,2026-06-30,15261
SEK1W Curncy,2007-01-01,2026-06-30,15261
SEK1M Curncy,2007-01-01,2026-06-30,15261
SEK3M Curncy,2007-01-01,2026-06-30,15261
SEK6M Curncy,2007-01-01,2026-06-30,15261
SEK12M Curncy,2007-01-01,2026-06-30,15258
DKK1W Curncy,2007-01-01,2026-06-30,15261
DKK1M Curncy,2007-01-01,2026-06-30,15258
DKK3M Curncy,2007-01-01,2026-06-30,15261
DKK6M Curncy,2007-01-01,2026-06-30,15261
DKK12M Curncy,2007-01-01,2026-06-30,15258
HKD1W Curncy,2007-01-01,2026-06-30,15204
HKD1M Curncy,2007-01-01,2026-06-30,15258
HKD3M Curncy,2007-01-01,2026-06-30,15255
EESWEA Curncy,2007-01-02,2026-06-30,4994
EUSWEC Curncy,2007-01-02,2021-12-31,3863
EESWEC Curncy,2007-01-02,2026-06-30,4998
EESWEF Curncy,2007-01-02,2026-06-30,4999
BPSWS1Z Curncy,2007-01-02,2026-06-30,4988
BPSWSA Curncy,2007-01-01,2026-06-30,5026
BPSWSC Curncy,2007-01-01,2026-06-30,5002
BPSWSF Curncy,2007-01-01,2026-06-30,4999
USSO1Z Curncy,2007-01-02,2026-06-30,4968
USSOA Curncy,2007-01-01,2026-06-30,5034
USOSFRA Curncy,2007-01-01,2026-06-30,5031
USSOC Curncy,2007-01-01,2026-06-30,5046
USOSFRC Curncy,2007-01-01,2026-06-30,5042
USOSFRF Curncy,2007-01-01,2026-06-30,5054
EUSWE1Z Curncy,2007-01-02,2021-12-31,3895
EUSWEA Curncy,2007-01-02,2021-12-31,3873
JYSO1Z Curncy,2007-05-02,2026-06-30,4669
JYSOA Curncy,2007-01-01,2026-06-30,5049
JYSOC Curncy,2007-01-01,2026-06-30,5051
JYSOF Curncy,2007-01-01,2026-06-30,5025
SFSNTA Curncy,2017-08-02,2026-06-30,2298
SFSNTC Curncy,2009-09-22,2026-06-30,4363
SFSNTF Curncy,2009-09-22,2026-06-30,4330
ADSO1Z Curncy,2007-01-02,2026-06-30,5057
ADSOA Curncy,2007-01-03,2026-06-30,5056
ADSOC Curncy,2007-01-01,2026-06-30,5073
ADSOF Curncy,2007-01-01,2026-06-30,5064
CDSO1Z Curncy,2007-10-02,2026-06-30,4580
CDSOA Curncy,2007-01-02,2026-06-30,4945
CDSOC Curncy,2007-01-02,2026-06-30,4974
CDSOF Curncy,2007-01-03,2026-06-30,5015
NDSO1Z Curncy,2007-10-12,2026-06-30,4380
NDSOA Curncy,2007-01-02,2026-06-30,5082
NDSOC Curncy,2007-01-02,2026-06-30,5084
NDSOF Curncy,2007-01-01,2026-06-30,5086
SKSWTN1Z Curncy,2008-09-15,2026-06-30,4329
SKSWTNA Curncy,2007-01-02,2026-06-30,4723
SKSWTNC Curncy,2007-01-03,2026-06-30,4821
SKSWTNF Curncy,2007-01-02,2026-06-30,4877
SDSOAA Curncy,2020-05-07,2026-06-30,1595
BP0012M Index,2007-01-02,2021-12-31,3793
JY0001W Index,2007-01-02,2021-12-31,3793
JY0001M Index,2007-01-02,2022-12-30,4043
JY0003M Index,2007-01-02,2022-12-30,4043
JY0012M Index,2007-01-02,2021-12-31,3793
SF0001W Index,2007-01-02,2021-12-31,3793
SF0001M Index,2007-01-02,2021-12-31,3793
SF0003M Index,2007-01-02,2021-12-31,3793
US0012M Index,2007-01-02,2023-06-30,4167
EUR001W Index,2007-01-02,2026-06-29,4988
EUR001M Index,2007-01-02,2026-06-29,4988
EUR003M Index,2007-01-02,2026-06-29,4988
EUR012M Index,2007-01-02,2026-06-29,4988
BP0001W Index,2007-01-02,2021-12-31,3793
BP0001M Index,2007-01-02,2023-03-31,4107
BP0003M Index,2007-01-02,2024-03-28,4357
NIBOR1W Index,2007-01-02,2026-06-29,4903
NIBOR1M Index,2007-01-02,2026-06-29,4904
NIBOR3M Index,2007-01-02,2026-06-29,4904
NDBB1M Curncy,2007-01-02,2026-06-30,5053
NDBB3M Curncy,2007-01-02,2026-06-30,5044
NDBB12M Curncy,2007-01-02,2026-06-30,4952
STIB1W Index,2007-01-02,2026-06-29,4893
SF0012M Index,2007-01-02,2021-12-31,3793
ADDR1Z Curncy,2007-01-01,2026-06-30,5086
ADBB1M Curncy,2007-01-01,2026-06-30,5066
ADBB3M Curncy,2007-01-01,2026-06-30,5063
ADBB12M Curncy,2007-01-31,2026-06-30,4439
CDOR01 Index,2007-01-02,2024-06-28,4381
CDOR03 Index,2007-01-02,2024-06-28,4381
CDOR12 Index,2007-01-02,2021-05-14,3603
SDSOAC Curncy,2020-05-07,2026-06-30,1592
SDSOAF Curncy,2020-05-07,2026-06-30,1591
HDDRA Curncy,2007-01-01,2026-06-30,5072
HDDRC Curncy,2007-01-01,2026-06-30,5076
HDDRF Curncy,2007-01-01,2026-06-30,5072
US0001W Index,2007-01-02,2021-12-31,3793
US0001M Index,2007-01-02,2024-09-30,4484
US0003M Index,2007-01-02,2024-09-30,4484
STIB1M Index,2007-01-02,2026-06-29,4893
STIB3M Index,2007-01-02,2026-06-29,4893
USGG2YR Index,2007-01-01,2026-06-30,5084
USGG10YR Index,2007-01-01,2026-06-30,5084
USYC2Y10 Index,2007-01-02,2026-06-30,5066
VIX Index,2007-01-03,2026-06-30,4934
MOVE Index,2007-01-01,2026-06-30,4998
DXY Curncy,2007-01-02,2026-06-30,5071
SPX Index,2007-01-03,2026-06-30,4903
NDX Index,2007-01-03,2026-06-30,4903
RTY Index,2007-01-03,2026-06-30,4905
MXWO Index,2007-01-01,2026-06-30,5087
MXEF Index,2007-01-01,2026-06-30,5087
JPMVXYGL Index,2007-01-02,2026-06-30,5043
JPMVXYG7 Index,2007-01-01,2026-06-30,5081
JPMVXYEM Index,2007-01-01,2026-06-30,5080
BCOM Index,2007-01-03,2026-06-30,4907
CL1 Comdty,2007-01-02,2026-06-30,4911
CO1 Comdty,2007-01-02,2026-06-30,5033
XAU Curncy,2007-01-01,2026-06-30,5068
HG1 Comdty,2007-01-02,2026-06-30,4911
CPI YOY Index,2007-01-31,2026-05-31,232
CPURNSA Index,2007-01-31,2026-05-31,232
GDP CUR$ Index,2007-03-31,2026-03-31,77
M2% YOY Index,2007-01-31,2026-05-31,233
BFCIUS Index,2007-01-01,2026-06-29,5086
FEDL01 Index,2007-01-02,2026-06-29,4896
SOFRRATE Index,2018-04-02,2026-06-29,2058
USGG2YR Index,2007-01-01,2026-06-30,5084
USGG10YR Index,2007-01-01,2026-06-30,5084
GDBR2 Index,2007-01-01,2026-06-30,5077
GDBR10 Index,2007-01-01,2026-06-30,5078
GUKG2 Index,2007-01-01,2026-06-30,5069
GUKG10 Index,2007-01-01,2026-06-30,5069
GJGB2 Index,2007-01-01,2026-06-30,5080
GJGB10 Index,2007-01-01,2026-06-30,5077
GCAN2YR Index,2007-01-01,2026-06-30,5081
GCAN10YR Index,2007-01-01,2026-06-30,5081
GACGB2 Index,2007-01-01,2026-06-30,5079
GACGB10 Index,2007-01-01,2026-06-30,5079
BCOM Index,2007-01-03,2026-06-30,4907
CL1 Comdty,2007-01-02,2026-06-30,4911
CO1 Comdty,2007-01-02,2026-06-30,5033
XAU Curncy,2007-01-01,2026-06-30,5068
HG1 Comdty,2007-01-02,2026-06-30,4911
