date,macro_risk_score,regime,fx_volatility,rates_volatility,equity_volatility,broad_dollar,credit_stress,equity_growth,oil_growth,industrial_growth
2007-02-28,,,,,,,,,,
2007-03-31,,,,,,,,,,
2007-04-30,,,,,,,,,,
2007-05-31,,,,,,,,,,
2007-06-30,,,,,,,,,,
2007-07-31,,,,,,,,,,
2007-08-31,,,,,,,,,,
2007-09-30,,,,,,,,,,
2007-10-31,,,,,,,,,,
2007-11-30,,,,,,,,,,
2007-12-31,,,,,,,,,,
2008-01-31,,,,,,,,,,
2008-02-29,,,,,,,,,,
2008-03-31,,,,,,,,,,
2008-04-30,,,,,,,,,,
2008-05-31,,,,,,,,,,
2008-06-30,,,,,,,,,,
2008-07-31,,,,,,,,,,
2008-08-31,,,,,,,,,,
2008-09-30,,,,,,,,,,
2008-10-31,,,,,,,,,,
2008-11-30,,,,,,,,,,
2008-12-31,,,,,,,,,,
2009-01-31,,,,,,,,,,
2009-02-28,,,,,,,,,,
2009-03-31,,,,,,,,,,
2009-04-30,,,,,,,,,,
2009-05-31,,,,,,,,,,
2009-06-30,,,,,,,,,,
2009-07-31,,,,,,,,,,
2009-08-31,,,,,,,,,,
2009-09-30,,,,,,,,,,
2009-10-31,,,,,,,,,,
2009-11-30,,,,,,,,,,
2009-12-31,,,,,,,,,,
2010-01-31,,,,,,,,,,
2010-02-28,-0.32708293204125793,neutral,-0.4148240823816156,-0.3470669322209882,-1.2120177700954688,0.4460490589849187,0.4757728302560428,-0.3129233402989977,-0.6722452444490227,-0.5794079761249318
2010-03-31,-0.1899956157993158,neutral,-0.8922753633855534,0.20896548170226448,-0.5626155072576788,0.35379906768924324,1.006118429937713,-0.9347031668959069,-0.41697512675088355,-0.28227874143372433
2010-04-30,0.32980956988402144,neutral,-0.03227854806034138,-0.03153180498118913,1.0041601507497715,0.38113873778361335,1.6799506622096039,-0.20434349196849017,-0.28178850403811606,0.1231693573773199
2010-05-31,1.5991965301213051,extreme_risk_off,1.868174131751928,1.347496578245663,1.6821110690461643,2.0216297837008033,2.3785050400722634,1.2132790502684916,1.449816502074217,0.8325600858109101
2010-06-30,0.047596212822113515,neutral,-0.3129244638779573,-1.2094200663551808,0.21340320091412576,-0.24556604745989752,1.3438899774748583,0.46250511298320857,-0.06080013042572066,0.18968211932347195
2010-07-31,-0.8472670189945938,risk_on,-1.6266518930251477,-0.7401863032318159,-1.9417250710594762,-1.8669083424349495,1.808917416013875,-1.0422108406875257,-0.3118683927487648,-1.057502724782946
2010-08-31,0.6004118734448466,risk_off,0.4347280901810311,1.4065358266747754,0.3798017604707229,0.7093181593499175,0.5939360179323108,0.48586628144833105,0.6776710989780365,0.11543775252364802
2010-09-30,-0.7133859609349799,risk_on,-0.46991457162776445,-1.0553277107042864,-0.5314500290600103,-1.8626558110271412,1.3055885418896833,-1.3243148435364456,-0.856485327511912,-0.9125279359019625
2010-10-31,-0.10725771655719202,neutral,0.6081430719626357,0.7638269920176349,-0.6021307891579899,-0.5606988823568073,-0.07786581115926343,-0.4749796365552741,-0.05626929131339157,-0.45808738589508047
2010-11-30,0.2806073192553298,neutral,-0.0374535680523043,0.05101207838648749,0.41441569107859333,1.71532319307616,0.23151512743566424,0.1565412686182674,-0.2229771169751077,-0.0635181195251221
2010-12-31,-0.6557030568714521,risk_on,-0.4416429615006279,0.35327749378294876,-1.4114859501917958,-0.8517320830987851,0.2336428337546086,-0.9276736050324891,-0.7489480467130647,-1.4510621359724118
2011-01-31,-0.24565368801556506,neutral,-0.8463290399049659,-0.7739413477009954,0.39224062942960236,-0.49149035233533794,0.06568285511804667,-0.028696671413223296,-0.2457185209592701,-0.0369770563583769
2011-02-28,-0.27673870190902666,neutral,-0.5239436191433958,-0.36444066231396244,-0.3543724780745398,-0.3023077890562563,0.21648634140380105,-0.2079984912953619,-0.6087012308960807,-0.06863168589641733
2011-03-31,-0.19895862735635675,neutral,-0.31460628012727165,-0.017983351413993078,-0.21511704461987202,-0.3844393617316916,0.11281382999960989,-0.29347141282682776,-0.5560238533622258,0.0771584552314181
2011-04-30,-0.4614030787131531,neutral,0.1737398551680602,-0.931222733859077,-0.9350449426192832,-1.2453576339885033,0.20058048781184287,-0.3881253409965955,-0.5112905140244178,-0.05450380719725145
2011-05-31,0.3213442621195432,neutral,0.05790200241354216,-0.40106150265609414,0.18971198075457466,0.8682241199551934,0.11639733895223196,0.3169076887014194,0.9790719912464081,0.4436004775890701
2011-06-30,0.29313353097467965,neutral,-0.47314080144521703,1.1463353854280336,0.2875901307851609,-0.06989234149824189,0.187365080275358,0.2893823137792599,0.6352536631850062,0.34217481728807764
2011-07-31,0.2820055064906004,neutral,0.5283796450802208,-0.09092703547979185,2.0303865026217482,-0.10236646055665191,0.1499064864284445,0.24965210181075032,-0.08904865843071987,-0.4199385295491972
2011-08-31,0.5419712066645989,risk_off,0.6311546727110509,0.5369018138773979,0.9909892179647951,0.1867852852640981,0.05234827380081153,1.1022335603136337,0.5379312300196836,0.2974255993653203
2011-09-30,1.381386645450938,extreme_risk_off,1.9406394328145133,0.10151427003614648,1.3607276622804552,2.082925940013913,0.07868105713100819,1.5967590426501181,1.1870112346886321,2.702834523992717
2011-10-31,-0.9318158913268839,risk_on,-1.364555713013182,0.29880265346369583,-1.819695330210554,-0.9873947126877195,0.22767617391364783,-1.659682543260814,-1.001503358270576,-1.14817430054957
2011-11-30,0.13752388762184437,neutral,0.44898949592873477,-0.4522993467240691,-0.43183989608880974,1.0216465684008693,0.10765437797821885,0.42715169028650996,-0.2929430056590798,0.27183121685238065
2011-12-31,-0.0436612692033376,neutral,-0.6821031371136398,-0.5455462937567502,-0.8816174923293593,0.8006622365154477,0.19419513165018842,-0.020468515515852312,0.316175722340565,0.4694121945826998
2012-01-31,-0.6952568058201731,risk_on,-1.4681400659292752,-1.340286037735444,-0.9296185201486381,-0.3439135983478026,0.22957567106144663,-1.011516317426123,-0.05346781384360526,-0.6446877641919433
2012-02-29,-0.28462146831721846,neutral,-0.4051528011092846,0.26983325229666744,-0.29799561416146125,-0.19916890653021188,0.14236352062415836,-0.6858031398997131,-0.8074958871699067,-0.29355217058799554
2012-03-31,-7.63794706158949e-05,neutral,-0.2984224017946207,0.1759396648623497,-0.8596405301414665,0.1554626243420242,0.19891663246882071,-0.06179893098859626,0.28584680324208145,0.40308510224448024
2012-04-30,-0.12092105375978716,neutral,-0.7494252112114053,-1.2753802614015406,0.44735203888864866,-0.061356713860780496,0.3074762605898995,0.16490500312009398,0.16595010672039476,0.033110347076392266
2012-05-31,1.3742339949048539,extreme_risk_off,2.0645631152229895,0.938002450509698,1.5712558364885445,1.8658293444865603,-0.017426905832600842,1.3215689860733986,1.857885890267121,1.3921932420231204
2012-06-30,-0.5647789610438847,risk_on,-1.4702862344667313,-0.10764287750954248,-1.671544581363387,-0.5745334266907621,0.10210461454498392,-0.5600920727887556,0.36865646308213873,-0.6048935731590221
2012-07-31,-0.06734644189230117,neutral,-0.2278724323888143,-0.2835755622952397,0.4415261904214445,0.4380564015094051,0.15999118651485747,-0.2116167152845383,-0.46017042313796835,-0.39511018047755564
2012-08-31,-0.304253553913859,neutral,-0.430686725364019,-0.1011154929838306,-0.41663946605882457,-0.5865621497323941,0.2113806863908958,-0.14884019455280767,-0.812761508278111,-0.1488035807317809
2012-09-30,-0.43565940272970044,neutral,-1.0915395749993115,-0.7377372524926298,-0.5287605489362542,-0.5247681833914978,0.08432811504721766,-0.5557646053328281,0.40704552416928014,-0.53807869590158
2012-10-31,0.35965517018513715,neutral,-0.4858471508087841,0.9541442914290336,0.762500979592634,0.022021978770724975,0.15308027036861563,0.2390366845728027,0.5803120601292113,0.6519922474268594
2012-11-30,-0.35167601582667496,neutral,0.0004296893931843027,-1.8591371006360449,-0.7913919625900256,0.13118804919169158,0.14096953597824327,-0.09035496974567184,-0.1921922750220474,-0.15291909318272914
2012-12-31,0.19475920697267135,neutral,0.3983944377799285,0.7884930435337807,0.5747555780969632,-0.14208474419609013,0.1628610631796079,-0.3405415175455131,-0.07278046014873335,0.18897625508142704
2013-01-31,-0.18803206296776911,neutral,0.4076843141939088,0.5661172014130005,-1.1467562936293332,-0.22158090832675612,0.14098473640022233,-0.533709044567183,-0.42166530225832144,-0.2953312069676908
2013-02-28,0.29254404637632136,neutral,0.2875571456957024,-0.9171093596818395,0.3725792158185499,1.2489458941752034,0.15194067823974292,-0.0021154431729386164,0.5673759547628245,0.6311782851733261
2013-03-31,-0.08296345855329071,neutral,-0.21538987129681472,0.15077634048972086,-0.9836015424176435,0.4589651479506019,0.12846260062579806,-0.2025277598090432,-0.12693953614024253,0.12654695217129747
2013-04-30,-0.027983602386512735,neutral,-0.32177505846153626,-0.8672484980639534,0.2870006108706249,-0.5252773409825291,0.15138867482659377,-0.17648819136380625,0.667846042884245,0.5606849411982595
2013-05-31,0.8125800057897989,risk_off,1.6381786101527078,2.8093150273235588,0.8849136312088075,0.7263511521200682,0.15557487763810193,0.012385005181497821,0.25957357162201977,0.014348171071629306
2013-06-30,0.4039699638880352,neutral,0.6675016414839297,1.1984273714340763,0.13469220227962578,-0.09668402326133857,0.20337263135116412,0.6124955256358494,-0.27093503895281434,0.7828894011337895
2013-07-31,-0.645178697768357,risk_on,-0.8340432282500627,-1.071738382708762,-1.1287143888528053,-0.73522531726567,-0.0006463611074521281,-0.5026589368876128,-0.6419297144122158,-0.24647325266227532
2013-08-31,0.36532675197041203,neutral,0.518895404484992,1.2196882881741538,1.1236057245737994,0.3007074801684878,0.1307690962748289,0.456327545643608,-0.3551870778048719,-0.47219244575170194
2013-09-30,-0.4286438887235961,neutral,-1.1639062674858303,-1.4368822587715087,-0.1482643375276154,-0.8288770587311095,0.12147650550605493,-0.6532861845512274,0.6278624619922034,0.05272602978026386
2013-10-31,-0.4473977003149968,neutral,-1.1411230991811336,-1.4432685181811282,-0.9466847222877178,0.012495821625148285,0.12377877371124861,-0.6997052994312322,0.3653321556899047,0.1499932855349357
2013-11-30,0.18076918838092418,neutral,0.3189117625341979,0.5242676463135142,-0.03447562803883081,0.24726505155384024,0.127660263241566,-0.1379469581926106,0.23323856016496722,0.16723280947074942
2013-12-31,-0.02363641609126496,neutral,0.3285734578629462,0.4219133845323826,-0.009222290162909671,-0.2769073678813455,0.12051292708521905,-0.09520850786947692,-0.2927279815773262,-0.3860249507196093
2014-01-31,0.3982476603194516,neutral,0.2418804621306215,-0.708753790537145,1.435960016482016,0.6163894032001398,0.12015870035093486,0.841601133632227,0.35573880435485944,0.2830065529419587
2014-02-28,-0.6604880099439963,risk_on,-1.103963007747167,-0.6355276898364017,-1.3774321073420221,-0.7375830068441573,0.11309620339239397,-0.5974817547377854,-0.33417228584192143,-0.6108404305949098
2014-03-31,0.10325886334792442,neutral,-0.13940040753154567,0.38618221519462936,-0.05900411958252407,0.21912726533546614,0.12097105379495054,-0.2209345868056518,0.19924353668246195,0.3198859496956089
2014-04-30,-0.21873706903287027,neutral,-1.0537323146864577,-0.26832278010295374,-0.18559298423896928,-0.2728940947243049,0.13136620483882966,-0.02810610971953555,0.15691919025302453,-0.22953366388259505
2014-05-31,-0.19191174513273854,neutral,-0.7991531073115801,-0.052978141341512935,-0.8165175484261021,0.4534789941950786,0.13249067885213126,-0.383053020394059,-0.15254352991644032,0.08298171328057619
2014-06-30,-0.270003607225986,neutral,-0.8861108816492976,-0.5558944748890282,0.0682106307507292,-0.2613040827018517,0.158354367777882,-0.29592149226021847,-0.21412093852362135,-0.17324198631248167
2014-07-31,0.6918424530250193,risk_off,1.011634542715709,0.39192218557598807,1.8949813699346938,0.8267863872249088,0.12720309982121006,0.10891275413742688,0.8000068953689483,0.3732923894212704
2014-08-31,-0.09021541707661218,neutral,-0.25317009167811205,0.3938815599101899,-1.729784869215764,0.6221131754413236,0.11868010449977213,-0.4720102318936054,0.35222159974639167,0.24634541657690678
2014-09-30,0.9934927824726367,risk_off,2.121612395784131,0.33847254053209175,1.4906790093262412,1.4699324879471767,0.14385849668447656,0.7429886960516644,0.8518228892821047,0.7885757441732072
2014-10-31,0.13152100431351912,neutral,-0.13816066164126525,0.38140386832661327,-0.7498748496144736,0.429289315691392,0.11311914519155068,-0.26590234690718084,1.3058801032809986,-0.02358653981948195
2014-11-30,0.47416548135443537,neutral,0.6173224702594964,-0.18557818904687068,-0.26295432359290444,0.622100111646188,0.13853444384310343,-0.13045492048334378,2.2927592163210635,0.7015950418887509
2014-12-31,0.9823908785549034,risk_off,1.4697975121553746,0.1957320302294032,1.760630821744036,0.8109991371896151,0.12140614083865926,0.4270530709030798,2.321682250287804,0.7518260650912553
2015-01-31,0.5392060071008826,risk_off,0.724462998242228,1.4200839278801283,0.3929989821505049,1.8738771593231123,-2.3497803952868606,0.33861581400335794,0.9496668190171327,0.9637227514774571
2015-02-28,-0.7432201265857918,risk_on,-1.416494982797764,0.17755927298406063,-2.2194432599056446,0.15150643799635166,-0.057932739881730554,-0.7245043784379049,-1.1043940483718615,-0.7520573142718416
2015-03-31,0.5877163001217363,risk_off,1.1094018215421388,-0.3672518238180825,0.633859721422769,1.1702612904065735,0.4970047711441401,0.34306110212550445,0.928871107982744,0.386522410168102
2015-04-30,-0.8147784416399921,risk_on,-0.6406203714656159,-0.7975311013108013,-0.25417773756617873,-1.5545492892016588,0.3635880854198539,-0.544861513445586,-2.2480440681068323,-0.842031537443118
2015-05-31,0.22291529182430508,neutral,-0.21308608635095092,0.5332678100761685,-0.2548248967647438,0.8756734750968369,0.030269945200884846,0.23228457393814772,0.051683656499586964,0.5280538568985104
2015-06-30,0.22122163150360108,neutral,-0.10356933141380135,0.6203791725164226,1.3073518291144899,-0.6161895921930745,-0.2058697510923333,0.49964254221645554,0.24573877495675328,0.022289407923896415
2015-07-31,-0.1415880119921381,neutral,-0.365093779567039,-1.1760949598857695,-1.9769654133821828,0.6893748463770561,-2.517894704392825,0.35723173743121955,2.284427396307634,1.5723107811748018
2015-08-31,0.6433413091192648,risk_off,1.1732171974327532,0.8454122916311106,3.0,-0.6539137464516538,-0.2844416956653177,1.407895633485356,-0.42894694944017603,0.08750774196204596
2015-09-30,0.18522718754293468,neutral,0.11362349407679191,-0.4463183310535342,-0.6975861195977487,0.16421463510908052,0.5180377001697544,0.5432089473601112,1.0377059310081616,0.24893124327086102
2015-10-31,-0.6018355794071321,risk_on,-0.9093157514337494,-0.6604889411711452,-2.1802679064718724,0.19020174963125505,0.33549585832119977,-1.3094386295839302,-0.3178311637491391,0.0369601492003254
2015-11-30,0.5494693501660243,risk_off,0.23568362460323622,-0.2716979121993968,0.2794509802419739,1.2211660162340834,0.15816758972147463,0.30852293308495965,1.1202149133474402,1.3442466562944233
2015-12-31,0.17490819968633203,neutral,-0.20433475380608235,-0.1828019495977494,0.5101933210744581,-0.6622610036562401,0.04352798873014168,0.39511619145361027,1.5342098193153983,-0.034384016022880354
2016-01-31,0.5250269826434836,risk_off,0.5869352147344218,0.5103579320643712,0.43039186120026196,0.3267383047148153,0.1936138145332884,1.0595672142687027,0.8251139576468005,0.26749756198520636
2016-02-29,0.06246948890964331,neutral,0.5750868889273354,0.7010328190912626,0.048466662596064546,-0.6097869388688619,0.05223819287628515,0.08091439004339905,-0.2554563966602849,-0.0927397067280535
2016-03-31,-0.9792661015050974,risk_on,-0.4298738213173867,-1.1646760656009767,-1.7345990655470624,-1.5264829596346947,0.33726000165473574,-1.5354807970549675,-1.21479224799281,-0.5654838565476166
2016-04-30,-0.4444177256972468,neutral,-0.3079345895020719,-0.35227468993813604,0.5045560520409923,-0.6634864273460213,0.362366239630685,-0.026794510590598987,-1.9988785331552466,-1.0728953467175768
2016-05-31,0.08616605294776872,neutral,-0.35349776275151285,0.26708204806470054,-0.4593341411320531,1.1268269472956522,0.041642991950929346,0.14486915623721422,-0.5243758196508302,0.44611500356804956
2016-06-30,0.054194644447110224,neutral,0.3243507545865552,0.39902068601576457,0.4129583280817554,0.058710813479987606,0.08494535425252962,-0.20844412526818848,0.06651817458915998,-0.7045028301606822
2016-07-31,-0.21205283687018536,neutral,-1.0891013443358488,-0.7590666491525909,-1.2305795389116077,-0.29480191175441967,0.41894298605801544,-0.6751178392908312,1.5788131875776008,0.3544884148481989
2016-08-31,0.1596034724976546,neutral,0.708866492959411,0.44588155564858656,0.5355542471264843,0.16007346464197503,-0.05106495594346091,-0.11079318851156053,-0.9307128032140378,0.5190229672738393
2016-09-30,-0.3397380862668311,neutral,-0.19735973717167377,-0.8051985796359901,-0.05273245647407565,-0.27404094279962715,0.0011505207868020156,-0.02495551924228568,-0.6272280313817313,-0.7375399442160674
2016-10-31,0.367573843534063,neutral,-0.42283831804972394,0.4745929419056438,1.0989208804620403,1.1782525488327693,0.15372170200631294,0.24249680567016352,0.21412122826328406,0.0013229591820140586
2016-11-30,0.08092779496058411,neutral,0.8496947324551276,1.2918489457569295,-1.1126454106966208,1.1584340151374921,0.17803126359591182,0.008011704579081347,-0.5226676357786899,-1.2032852553645585
2016-12-31,-0.11903755209833704,neutral,0.36030464294910997,-0.7582715405579482,0.22062722746296554,0.2145299650918514,0.18617181671421215,-0.15804638936032506,-1.066381806937158,0.048765667850595856
2017-01-31,-0.39866348483113606,neutral,-0.6251469448679244,0.06713179030226542,-0.713158230083875,-1.1247933116867546,0.11509155385522823,-0.5407384920631825,0.1889763391612215,-0.5566705832660671
2017-02-28,-0.03642430330325781,neutral,-0.5030266600857941,-0.11224811147192283,0.3277402812556858,0.5818834452338316,0.11434266222284102,-0.5769037426919439,-0.11013478080869829,-0.01304752008006186
2017-03-31,-0.18587456390080825,neutral,-0.9219844537198735,-0.9956916011808741,-0.2025662024758139,-0.36250133457512584,0.18177830304106737,-0.11567098314337704,0.6034754436181424,0.32616431722938866
2017-04-30,-0.17933566967621314,neutral,-0.6372712429054005,-0.05070352929061737,-0.6076305220323378,-0.5761086926698727,0.1769815840935932,-0.19946194741831133,0.234477097735779,0.22503189507746238
2017-05-31,-0.24318786388362965,neutral,-0.4406002212037557,-0.6741155080397568,-0.1753361278565141,-0.9202500883190926,0.17918541713516078,-0.28012977431314406,0.24553073013677312,0.12021266139129225
2017-06-30,0.19353523200203265,neutral,-0.24265407705163264,0.1503630640728843,0.32265756264185536,-0.5820263383236675,1.734957104600919,-0.04047641830570813,0.5008578492301328,-0.2953968908485221
2017-07-31,-0.3260251104278259,neutral,0.21847240643213114,-0.8465402382696551,-0.39220872194787076,-1.2171928086123125,1.8296916530156926,-0.5563440797038766,-0.9758802721748463,-0.6681988221618693
2017-08-31,0.10870850447062917,neutral,-0.013043963997591465,0.38705571531293453,0.14469423122446048,-0.11386304551136847,0.6773968819748388,-0.09427432777613906,0.3332643888928529,-0.4515618443549544
2017-09-30,0.13000700599296836,neutral,0.31026841053996757,0.21827646081768362,-0.49224357330168517,0.1478699529684711,1.7434414346234526,-0.11853327771616962,-0.9937669211915447,0.22474356120357156
2017-10-31,-0.1745555693968449,neutral,-0.5197778119089652,-0.20032353368633568,0.3153912707108122,0.6052387147804332,0.0003184191754448118,-0.4434313542216902,-0.6228016479640103,-0.5310586120604479
2017-11-30,-0.16787448114313172,neutral,-0.1673718376691136,-0.5454766346186661,0.4728947089089365,-0.6844656093337304,0.18427196992701333,-0.266304115775771,-0.4755521672694244,0.13900783668570182
2017-12-31,-0.2569065681796703,neutral,-0.157164306582637,-0.01785161582665463,-0.10205911375284515,-0.43412673114930606,0.3136432725990044,-0.2933531787347481,-0.5428197590881199,-0.8215211129020557
2018-01-31,0.16180784048566818,neutral,0.6416124917234137,1.3095851566773267,0.9435233712267909,-1.3696413403628502,1.4853663129377104,-1.1630449348852574,-0.5315963987180061,-0.021341934713782235
2018-02-28,0.6034407383627571,risk_off,-0.07508689570685376,0.6104863288040979,1.7637191351101646,0.6519353150431575,0.12098562810348035,0.9018709113576089,0.537523404802933,0.3160920793874681
2018-03-31,-0.0872109117831715,neutral,-0.2367797756313669,-0.4624237512279728,0.005432518256775336,-0.3086714590469919,0.1975740298272993,0.5413226732961598,-0.6327464107605231,0.19860488102124815
2018-04-30,-0.2914068635439979,neutral,-0.2229361430323261,-0.9527649685350649,-1.0656492813919582,0.8190017698943415,-0.005526154705942754,0.07737371770606638,-0.6489177666221708,-0.3318360816649283
2018-05-31,0.33136776926437517,neutral,0.6991074974611448,1.1783356347062075,-0.16162847674730965,0.9150097613438157,0.1377089352790574,0.10676809456783215,-0.03758451159601564,-0.18677478089973076
2018-06-30,0.026817917736258426,neutral,0.07981491992975319,-1.0649357164934135,0.18056340609267396,0.18136187999680325,0.5601993637696934,0.36380663978145145,-0.6520458699020197,0.5657787187151254
2018-07-31,-0.023932834351652776,neutral,-0.16897356719368653,-0.5965865735510933,-1.0667974822554085,0.0034170050450239714,0.8660541762693862,-0.47750542905492177,0.8027089571459562,0.4462202387815216
2018-08-31,0.2908410102704816,neutral,1.2105438172814609,0.5624121841695061,0.003844997429259227,0.22114210034093287,0.12178859700385054,-0.059344029776584345,-0.2967879545407192,0.5631283702561465
2018-09-30,-0.31185718725455525,neutral,-0.8036313787271533,-0.5886911651280513,-0.2833118138938239,-0.0383650148082897,0.3301176266796348,0.0760741460242309,-0.61069071064792,-0.5763591875350697
2018-10-31,1.2006504239355777,risk_off,0.14498345007263605,1.6986148683611928,2.6166267047463676,0.8256143465251351,1.0143808156900294,1.6222986346111892,1.1558038546709732,0.5268807168070984
2018-11-30,0.0733894026429984,neutral,0.04508156704566929,-0.8665955026853984,-0.7617320479400798,0.021268187743600966,0.08669138002847741,-0.455313951623748,2.7597001203685556,-0.24198453179309
2018-12-31,0.7933510677811428,risk_off,0.3296945271462292,1.5221913311257256,1.548648743215687,-0.5141985896180894,-0.07031509374791166,1.418322769732942,1.0774113736565087,1.035053480738051
2019-01-31,-1.169739046382095,risk_on,-1.1636549581326001,-1.835161053560713,-1.983197973168032,-0.2965998357699516,-0.019336948030814004,-1.4694254906081459,-1.6679966043479015,-0.9225395074386027
2019-02-28,-0.3645694221553144,neutral,-0.8726660386714449,-0.325525463722842,-0.531515171642079,0.21752354485228226,0.04747016292799433,-0.2861888055147218,-0.6749791588163836,-0.49067444665532034
2019-03-31,0.17686804898150837,neutral,0.5255210824651967,1.3622036225440415,-0.3516050840023469,0.4526565241469019,0.0465214997432504,-0.1966224032158253,-0.44695503508028595,0.023224185251134837
2019-04-30,-0.4329514285985137,neutral,-1.198655166257194,-1.0527319701249465,-0.2085625171379269,0.04406980400211766,0.04729467215823933,-0.5364177138720791,-0.6526907023793789,0.09408216482305848
2019-05-31,1.0559092148477798,risk_off,0.3286132758885391,2.417552943855633,1.6120218806396047,0.07664673818097784,0.023725378011047942,1.4597551705938745,1.6099943144870021,0.9189640171255593
2019-06-30,-0.5228635591446361,risk_on,-0.032908168458365965,-0.20034989534581488,-0.9966850858055534,-0.7506258140298727,0.02941393420580707,-1.1397698924005475,-0.6328760066765817,-0.45910754464615977
2019-07-31,-0.032616208788752626,neutral,-0.4558590005871144,-1.5065399918165954,0.2913835844854497,1.005559944524236,0.11529352188336371,0.04535167957918308,0.1108112251107847,0.13306936651067147
2019-08-31,0.9309672555449453,risk_off,1.9638132062227325,2.7913914413545817,0.7302059482516088,0.12906328823324026,-0.11664164234824627,0.6774265247699004,0.7404323600296312,0.5320469178461141
2019-09-30,-0.33278543634172364,neutral,-1.063719254941836,-0.7255629142741942,-0.7289076828547957,0.15411499666457895,0.17254828155909663,-0.2681175036560489,0.06697381918016154,-0.26961323241075164
2019-10-31,-0.5967391026369323,risk_on,-1.0909152761155787,-0.9651746326985555,-0.952819824824896,-0.9260018470135679,-0.0036461555592816886,-0.48564337074806574,0.03914379108659817,-0.3888555052221109
2019-11-30,-0.22870808031788936,neutral,-0.725579280647033,-0.9216148325814018,-0.21926678638899866,0.36372432524198467,0.05545506502938641,-0.3102913575679929,-0.29501754392839385,0.22292576829933425
2019-12-31,-0.3249455310023917,neutral,0.1455828595580268,0.18305493117520807,0.39722066627495883,-0.8725892338174952,0.107665142537036,-0.8036544297396606,-0.8440875386002611,-0.9127566454069465
2020-01-31,0.8094212875025104,risk_off,-0.19714445519805138,1.36382666675819,1.4287395907708795,0.407634793335212,-0.0369983826460117,0.4664942411112725,1.6046237658679443,1.4381940800206485
2020-02-29,1.29922149553423,extreme_risk_off,2.1395656973332593,2.4523816211572655,3.0,0.288038243737446,-0.9542227330294387,1.527170248580525,1.5204946887138968,0.4203441977808871
2020-03-31,1.0053027400593604,risk_off,3.0,-1.6158694349156613,1.2410788871435556,0.360533777089202,-3.0,2.8349772396529147,3.0,2.221701451504871
2020-04-30,-1.2260796672872138,risk_on,-1.9499789902696325,-2.660161033213137,-2.0340074329081785,-0.057225929173794876,-0.7126006479691362,-1.9659769873304063,-0.16732152413557244,-0.26136479329785234
2020-05-31,-0.683960236124044,risk_on,-0.5624076386423361,-0.22015410081495124,-0.9794021147089473,-0.33893675213776187,0.8030130870066557,-0.48351299611007004,-3.0,-0.6902813735849408
2020-06-30,-0.23960480935082412,neutral,0.1761675290241749,0.29075782451234394,0.4152049764456846,-0.4653479376081293,0.44943174928767143,-0.6656448782954361,-1.1077614598763295,-1.009646278296573
2020-07-31,-0.8244309616011881,risk_on,0.11689729572926748,-1.4792449640999812,-0.9880979074226767,-1.8899486446977558,0.12411858550668231,-1.1588431330483926,-0.34486763513613106,-0.9754612896405177
2020-08-31,-0.15156406635584313,neutral,0.6980550332876159,0.6732512670021558,0.3136798282419612,-0.5894681060652315,0.07018049184631538,-0.844431197781806,-0.44298569418335765,-1.0907941531943979
2020-09-30,0.15657595962644694,neutral,-0.029620463116021557,-1.0486738144688794,-0.03179792257892636,0.7906450685432456,-0.06243990642617003,0.6492940451721414,0.6652128166989414,0.3199878531872443
2020-10-31,0.6084894801837981,risk_off,-0.16623266255501162,2.6765274463972233,1.5910653806136665,0.042726279403743565,-0.13161278589689251,0.2240110621906657,0.8511425579309497,-0.21971143661395942
2020-11-30,-1.548804065819048,risk_on,-1.2949778020756435,-2.3794221548971937,-2.735230644966963,-1.0457112170745926,-0.00030257412698457786,-1.74743542349524,-2.0479620533659872,-1.1393906565497787
2020-12-31,-0.22556029601866603,neutral,0.43099885725249276,1.0391313257269366,0.41681147639304955,-0.9483968831788645,-0.5128947327589599,-0.8581406187844045,-0.6566832836501427,-0.7153085091494358
2021-01-31,0.03902959292844857,neutral,-0.4864072367597032,-0.17598007435984317,1.5998641662728574,0.29667505733986593,0.10273235289616385,-0.02345485281787929,-0.6359754836337161,-0.3652171855101569
2021-02-28,-0.008264127479191086,neutral,0.7162507636796717,2.652389339918722,-0.7562157737088671,0.12441046957779697,0.4470471522894586,-0.25929587862768616,-1.409110187480272,-1.5815889054823526
2021-03-31,-0.1585307641769716,neutral,-0.4579995537521097,-0.33895250774612995,-1.598843222897841,1.1027014437526792,-0.42503066260982014,-0.24258797332439616,0.33712039904148106,0.3553459641203641
2021-04-30,-0.7643049105319821,risk_on,-0.8956905372761726,-1.140332258596422,-0.1940479428184383,-0.9526378499017347,-0.15832677606294118,-0.6625130019180565,-0.5386068142785365,-1.5722841034035557
2021-05-31,-0.30814924933473153,neutral,-0.07737483275976616,-0.6142391381554536,-0.4650741062008104,-0.7221456367160091,0.4162808853647067,-0.13712200430523594,-0.29878357170828784,-0.5667355901969958
2021-06-30,0.08612703117392129,neutral,-0.4688484678144149,0.539592386734117,-0.2580997037183015,1.2409684872631688,0.1997034497098337,-0.1458412636442392,-0.7647005506798112,0.34624191154101763
2021-07-31,0.07954545120547571,neutral,0.001311518324447811,0.37238730399952585,0.6023156613836511,-0.14690051399785115,-0.050179372365471375,0.41343347652322326,-0.0843008523145651,-0.4717036119091546
2021-08-31,-0.0014557442270023702,neutral,-0.14962809262827617,-0.15294578877234663,-0.45351620231563144,0.1934219421938734,0.2474162524761072,-0.4178113269343491,0.5244544288777268,0.19696283328687705
2021-09-30,0.3437400263800768,neutral,0.2067048762432562,0.1436547260178542,1.4623814132961444,0.7341613091833533,0.014439574409679337,0.9738339041657009,-0.6878665610798582,-0.09738903119551562
2021-10-31,-0.21513615583832638,neutral,0.3896987961719154,1.191709697648713,-1.5468231397226737,-0.0772050167378681,0.5020909279267993,-0.7325919634554676,-0.74890431429417,-0.6990642342438591
2021-11-30,0.9491130677435544,risk_off,1.3175511213428686,0.6003790212774682,2.205766801821827,0.8448021478534586,-0.5696476500862339,0.5146039790088971,1.7733917613800796,0.9060573593500704
2021-12-31,-0.5990802544865758,risk_on,-0.7275276747866215,-0.4957972032825217,-1.9712685621701154,-0.18126886279788146,0.6868140763329724,-0.5163657489642723,-0.9451112015114667,-0.6421168587126993
2022-01-31,0.25590476039136745,neutral,-0.222045879529992,0.5533841272708048,1.5367280642785102,0.37170939125121655,0.9703507207611577,0.8446087741732995,-1.3415328099089954,-0.665964305165062
2022-02-28,0.5451632547599319,risk_off,0.9417481673778259,0.923165453878661,0.7980340448416854,0.04431282108783494,2.5324534005536448,0.6843228893100742,-0.7659793338620353,-0.7967514051082362
2022-03-31,0.09920099944915947,neutral,0.7402798050669374,0.3389448329777462,-1.6402777228976817,0.7021803485351794,2.4942758657297466,-0.10776823466487814,-0.45864973847171864,-1.275377160682055
2022-04-30,1.2727811766361796,extreme_risk_off,1.2763383501306642,1.0243230806600332,2.0223974930737865,2.028797266294173,2.349240132658481,1.5785430231820248,-0.20648166840250265,0.10909173549277817
2022-05-31,-0.3796918924890714,neutral,-0.7246870079273426,-1.0514402222572479,-1.039465047116277,-0.5706114849607345,1.1428080403160983,0.059755730040946385,-0.8629281155271755,0.00903296751916191
2022-06-30,1.2541686634590548,extreme_risk_off,1.003327854875437,1.3167641508155006,0.36173404533953185,1.2181162499943923,1.7089765982492988,1.6337280774070322,0.6663888042210006,2.1243135267702447
2022-07-31,-0.08976987315064514,neutral,-0.22425468001640358,-0.8866964550377338,-1.2632424180788835,0.4622390491976475,1.6818547390676502,-0.8386327046664765,0.5074754354173344,-0.15690195108829597
2022-08-31,0.5804409504449113,risk_off,0.06087012081757723,0.3792978830375513,0.7882223753686537,1.1055916432175599,0.6522347113229364,0.5358177352643149,1.0109504257239106,0.11054270880678622
2022-09-30,1.1240323329660133,risk_off,1.2427706017746418,0.7057732709355032,0.8170911655765367,1.3160682068955172,0.764530286315443,2.1497050517717113,0.9259103623524653,1.070409718106288
2022-10-31,-0.27146026917985344,neutral,-0.49402493329735053,0.21149878819957332,-0.861176289038555,-0.3005020367435846,0.5679746614995788,-0.5212020159806863,-0.6685650823241704,-0.10568524575363254
2022-11-30,-0.7777034561839411,risk_on,-0.49301557774184807,-0.8839146813961501,-0.9776998297671493,-2.3461843286614803,0.19622676053249455,-1.5994053720736137,0.7834718381110299,-0.901106458474812
2022-12-31,-0.04427185775904083,neutral,-0.6281159838631811,-0.2813771978053418,0.2007234999030184,-1.070961955147121,0.4357363211050984,0.8450334249203391,0.006210254381825334,0.13857677443303634
2023-01-31,-0.49441547516390016,neutral,-0.25256621661523143,-1.165870597457844,-0.4797082911867857,-0.6553919173147588,0.2130165940139941,-1.183570406787868,0.16365922341322534,-0.5948921893759327
2023-02-28,0.49657539554235286,neutral,-0.4079815542067918,1.2229217094328015,0.258723945882432,1.1356209169687497,0.015543755095642257,0.8825468830072618,0.1445748165202115,0.7206526916385154
2023-03-31,-0.08340358847444937,neutral,0.5052867393721444,0.5221356356544228,-0.44261618847284556,-1.050980624255206,-0.055037689182461554,-0.5227533956094284,0.3176705731689541,0.05906624152882539
2023-04-30,-0.3314703630085551,neutral,-1.3779967222729812,-0.6200742366951735,-0.7287642320282437,-0.40821854953676673,0.027307936961234697,0.012661611369465434,-0.03425546327551938,0.47757675140954375
2023-05-31,0.5473238915383077,risk_off,-0.05885636320113071,0.5813053935962393,0.5327351566249228,1.0992793836670964,0.07566092027085244,0.18752327979079358,0.9260733376920012,1.034870023865687
2023-06-30,-0.6312336856003145,risk_on,-0.5956464200926189,-1.208050014772789,-1.1865152554358351,-0.6479084814315113,0.2981801362630305,-0.8683930488436704,-0.2827094641928435,-0.5588269362962781
2023-07-31,-0.43245836014098016,neutral,-0.24441715498169633,0.0545119189838862,0.0067227439312953306,-0.49908422165843336,0.18553025316247515,-0.7152883051665109,-1.2099068702055957,-1.0377352451932622
2023-08-31,0.20086796332573825,neutral,-0.03761776224459571,-0.23155872273581876,-0.024438681738287463,0.7171494673845862,0.024737799162689072,0.7871721329940176,-0.1447457767289992,0.5162452505123143
2023-09-30,0.3295569401959553,neutral,0.00884569380847073,0.2760995445791289,1.0795527297600307,1.0323770705498048,-0.008452578272774574,0.8329297062706094,-0.7506525162029432,0.16575587107531575
2023-10-31,0.3036283256381923,neutral,-0.14335685138964058,0.6221691882607668,0.13662655346791097,0.15299414669287317,-0.02541341756656976,0.6232308707035175,0.8938260209015851,0.1689500940350955
2023-11-30,-0.6326757396313288,risk_on,-0.6321052368322116,-0.5721621631772651,-1.4561126898239687,-1.3869942847795473,-0.021794895564602772,-1.4717906284861249,0.5331238163222914,-0.05356983470920168
2023-12-31,-0.06324887652077539,neutral,0.58588791797111,-0.053235694044280885,-0.16180919390388157,-0.978839114633609,-0.0017768840558870624,-0.6923639471266201,0.5912306884131334,0.20491521521383205
2024-01-31,0.02243943519502719,neutral,-0.5868162253443353,-0.401959233989861,0.6005967366968046,0.8000442999201507,0.013554168089824825,0.28344541963949677,-0.4987696551153529,-0.03058002833651023
2024-02-29,-0.25298563940865393,neutral,-1.3462103943726536,0.08204398544141285,-0.2985904873353768,0.3332617329440197,-0.03606671920044931,-0.8400131443478328,-0.22468583340080905,0.30637574500245757
2024-03-31,-0.36350917791517545,neutral,-0.007012544785808252,-1.3779994050356974,-0.13139759227827116,0.09578370755989882,-0.0033010261014193246,-0.43168023887901424,-0.45058207763882535,-0.6018842461622667
2024-04-30,0.41118433224046924,neutral,1.1165613746901712,1.2611071363503183,0.78640628561559,0.686568770848144,-0.025173754795147663,0.5122811448708279,0.06048459040194084,-1.108760890058091
2024-05-31,-0.42083845463794894,neutral,-0.6734122784304245,-0.972789095304609,-0.8299294557234974,-0.7037088532902362,-0.15525329224688625,-0.45913082898818447,0.6213842424380431,-0.193868075557797
2024-06-30,0.1283435225118969,neutral,0.9715413916457871,0.4456924067296057,-0.1668044746919386,0.4606065783835689,-0.12387003143600746,-0.5779781908325929,-0.49478959790719457,0.5123500982039471
2024-07-31,0.1588605060962635,neutral,-0.1287033092404435,0.035127056448906305,1.1739007523739649,-0.8012745809438807,-0.3039984851233408,-0.03453069901121957,0.5260363050877663,0.8043270091783552
2024-08-31,0.020687388411358594,neutral,1.2918173158886885,0.4580026308185442,-0.3819869838248729,-1.086376469767986,-0.28422970018606286,-0.2812047879435297,0.3713465378466129,0.07813056445947464
2024-09-30,-0.24831911313409338,neutral,-0.10749862536351219,-0.7771052864920931,0.46234106018039706,-0.44476951492561473,-0.14911024424329056,-0.6484515567682739,0.7718090762420596,-1.0937678137024194
2024-10-31,0.7384783451880701,risk_off,0.6715855137899626,2.0769033415622364,1.3926783580051385,1.3616925895194325,-0.5511776471460815,0.5551312512269294,-0.1491890136875447,0.5502023682344871
2024-11-30,-0.5219452735729485,risk_on,-0.5081094744979189,-2.0568165220810783,-2.3351133451500665,0.7073946951065444,-0.2584832775533876,-0.22617049172511938,0.10177825866009266,0.3999579686573458
2024-12-31,0.29100149805543174,neutral,0.3848219780888537,0.20104543604370625,1.060117322891178,1.1023258143296553,-0.48390957589050115,0.3800003816807825,-0.3287384058501678,0.012349033149946967
2025-01-31,-0.4341747036777406,neutral,-0.8678830041068396,-0.43982350509530893,-0.2420430201862275,-0.10000076313632646,-0.5159578495254108,-0.34828028092977353,-0.169827456992635,-0.7895817494494026
2025-02-28,0.14214086787094485,neutral,-0.13882219399265847,0.7397373334526652,0.7502378110583652,-0.3652333445093765,-0.04442668007449227,0.20830756492340896,0.40355490533156213,-0.4162284532219155
2025-03-31,-0.2369207379827888,neutral,0.23902510173079902,-0.1892585416875549,0.5283606950509971,-1.4936935921785073,-0.37431707677263804,0.6990636219954152,-0.1959259570177968,-1.1086201549830244
2025-04-30,0.3549514601540923,neutral,0.9255649799937258,0.5919075715826706,0.4262098403966105,-2.129047918435017,0.030475803600503514,0.07465693384393052,1.6988465116820786,1.2209979585682356
2025-05-31,-0.5577215554546444,risk_on,-0.6854443578288626,-1.1781316524941252,-1.2395217989656426,-0.09499617444723552,-0.03792877053315346,-0.9033771728471323,-0.24305858219632429,-0.07931393432467919
2025-06-30,-0.5220906021148213,risk_on,-0.3403329457299333,-0.12854202556335745,-0.45793049445115974,-1.146701175742557,0.07087857821519147,-0.9060226765056462,-0.5599616252424405,-0.7081124518986669
2025-07-31,0.005431041693121547,neutral,-0.8209356779016223,-0.7245860221384516,-0.0117522849781468,1.3715514514078688,0.055450973807338905,-0.288415301210762,-0.5937072478638503,1.0558424424225976
2025-08-31,-0.20301090768705723,neutral,-0.10168153956262012,-0.03977057969452356,-0.3738243922254483,-1.0205223722867565,-0.09056465705650223,-0.22299859874430208,0.6471763995128708,-0.4219015214391759
2025-09-30,-0.2819877410522438,neutral,-0.6343425041634486,-0.11512529852196268,0.24303078134100364,-0.027002906439550434,-0.38450435481003004,-0.8550789333016391,0.19540249443974428,-0.6782812069620675
2025-10-31,-0.20526769612625365,neutral,-0.5093138110524519,-0.9254653607503887,0.2884580982394276,0.8855843833442167,-0.5468241701605228,-0.49255015783019657,0.24289608201242158,-0.5849266328125351
2025-11-30,-0.006500601263408262,neutral,0.09542651992707481,0.2002595823555955,-0.28900953733486034,-0.18694306373716177,-0.047373597307660775,0.2866687419171367,0.319722541075562,-0.4307559970029522
2025-12-31,-0.19815180607331204,neutral,0.14502913578683915,-0.444026377418216,-0.39656231804539116,-0.545151929587208,0.05961165095499802,-0.12757316444954908,0.2678859958129951,-0.5444274416409642
2026-01-31,-0.35381072919343604,neutral,0.9146035892144257,-0.4558733518956997,0.6619493850632582,-0.6389039344242712,0.020704674042072487,-0.7628726192690074,-1.272024961357534,-1.2980686149207321
2026-02-28,0.12394331798532998,neutral,-0.49578969665092876,1.2662991974378464,0.5550416792508004,0.2570181072220166,0.05447616243556306,-0.24573848651374536,-0.23247129054146953,-0.1672891287574429
2026-03-31,0.4071167599779577,neutral,1.3709089301947435,1.579766445713054,1.0331361809420756,1.0404563017992063,0.024976492843025045,1.8655568212978169,-3.0,-0.6578670929662598
2026-04-30,-1.0932386230751425,risk_on,-1.5917839332057984,-1.6961428993461392,-1.7671447916487968,-0.8954541965725465,0.05006707782868306,-2.133940947862518,0.04240952875953086,-0.7539188225535549
2026-05-31,-0.07421641164045054,neutral,-0.8604163067371928,-0.15589151977145113,-0.43182395824155384,0.37491181394970313,-0.03703265377351304,-1.1995055892886817,1.7954365641311336,-0.07940964339204826
2026-06-30,0.6717673157465507,risk_off,0.3062789919955104,0.13999595622939645,0.30171512267174355,0.964418393717892,0.04671274657036184,0.35837991941405506,2.0538474897104466,1.2027899056629994
2026-07-31,,,,,,,,,,
