owner,workstream,variant,basis,on_base,ann_return,ann_vol,sharpe,sortino,calmar,max_drawdown,skew,hit_rate,CVaR_99,turnover,cost_drag,info_ratio,alpha_ann,t_alpha,n_days,start,end,source,note
-,P4-C combined ladder,[add] baseline,gross,True,,,0.6284423467928719,,,,,,,0.6754702284294828,0.0181466112657643,,,,5001.0,,,cesare/outputs/p4_combined_ladder.csv,improve MaxDD or CVaR99 in >=4 of 6 pre-2026 stress windows AND cost <0.05 net Sharpe AND survive LOO
-,P4-C combined ladder,[add] baseline,net,True,0.0521434343364557,0.1119142098626392,0.4659232674783244,,0.1600595389477542,-0.2931849420551634,-0.6480046211041329,,0.0291987457840746,0.6754702284294828,0.0181466112657643,,,,5001.0,,,cesare/outputs/p4_combined_ladder.csv,improve MaxDD or CVaR99 in >=4 of 6 pre-2026 stress windows AND cost <0.05 net Sharpe AND survive LOO
-,P4-C combined ladder,[final] baseline,gross,True,,,0.6284423467928719,,,,,,,0.6754702284294828,0.0181466112657643,,,,5001.0,,,cesare/outputs/p4_combined_ladder.csv,improve MaxDD or CVaR99 in >=4 of 6 pre-2026 stress windows AND cost <0.05 net Sharpe AND survive LOO
-,P4-C combined ladder,[final] baseline,net,True,0.0521434343364557,0.1119142098626392,0.4659232674783244,,0.1600595389477542,-0.2931849420551634,-0.6480046211041329,,0.0291987457840746,0.6754702284294828,0.0181466112657643,,,,5001.0,,,cesare/outputs/p4_combined_ladder.csv,improve MaxDD or CVaR99 in >=4 of 6 pre-2026 stress windows AND cost <0.05 net Sharpe AND survive LOO
Arjun,Duration hedge,expanding (real-time),gross,True,0.0558653430762164,0.1096371027565624,0.5095477869408819,,,-0.3216925483721685,-0.597189309474653,,,,,,,,,,,arjun/outputs/duration_hedge_stats.csv,"ON THE BASE: his `book` column is bit-identical to run().net (1.0e-16). 0.4673 vs 0.4659 = 7 US holidays dropped by the TLT inner join; -33.2% vs -29.3% = cumsum vs wealth-curve drawdown convention, NOT a different book. MaxDD is therefore NOT comparable to other rows here. Re-priced through ExternalLeg in p4_component_standalone.csv (net 0.5145 on the base)."
Arjun,Duration hedge,expanding (real-time),net,True,0.055861174009892,0.1096371457923753,0.5095095608898718,,,-0.3216984019398466,-0.5971913495014932,,,,,,,,,,,arjun/outputs/duration_hedge_stats.csv,"ON THE BASE: his `book` column is bit-identical to run().net (1.0e-16). 0.4673 vs 0.4659 = 7 US holidays dropped by the TLT inner join; -33.2% vs -29.3% = cumsum vs wealth-curve drawdown convention, NOT a different book. MaxDD is therefore NOT comparable to other rows here. Re-priced through ExternalLeg in p4_component_standalone.csv (net 0.5145 on the base)."
Arjun,Duration hedge,static (in-sample),gross,True,0.0572288277137743,0.1086944461256163,0.5265110569461474,,,-0.322644303090219,-0.6067317323511944,,,,,,,,,,,arjun/outputs/duration_hedge_stats.csv,"ON THE BASE: his `book` column is bit-identical to run().net (1.0e-16). 0.4673 vs 0.4659 = 7 US holidays dropped by the TLT inner join; -33.2% vs -29.3% = cumsum vs wealth-curve drawdown convention, NOT a different book. MaxDD is therefore NOT comparable to other rows here. Re-priced through ExternalLeg in p4_component_standalone.csv (net 0.5145 on the base)."
Arjun,Duration hedge,static (in-sample),net,True,0.0572288277137743,0.1086944461256163,0.5265110569461474,,,-0.322644303090219,-0.6067317323511944,,,,,,,,,,,arjun/outputs/duration_hedge_stats.csv,"ON THE BASE: his `book` column is bit-identical to run().net (1.0e-16). 0.4673 vs 0.4659 = 7 US holidays dropped by the TLT inner join; -33.2% vs -29.3% = cumsum vs wealth-curve drawdown convention, NOT a different book. MaxDD is therefore NOT comparable to other rows here. Re-priced through ExternalLeg in p4_component_standalone.csv (net 0.5145 on the base)."
Arjun,Duration hedge,unhedged,net,True,0.0523321108148518,0.1119911680497511,0.4672878381945596,,,-0.3322331117648022,-0.6478862132940291,,,,,,,,,,,arjun/outputs/duration_hedge_stats.csv,"ON THE BASE: his `book` column is bit-identical to run().net (1.0e-16). 0.4673 vs 0.4659 = 7 US holidays dropped by the TLT inner join; -33.2% vs -29.3% = cumsum vs wealth-curve drawdown convention, NOT a different book. MaxDD is therefore NOT comparable to other rows here. Re-priced through ExternalLeg in p4_component_standalone.csv (net 0.5145 on the base)."
Arjun,P4-C combined ladder,[add] + Duration hedge (long TLT),gross,True,,,0.6802357426899243,,,,,,,0.6754702284294828,0.0181486938844463,,0.0073913631965561,1.1592782766658,5001.0,,,cesare/outputs/p4_combined_ladder.csv,improve MaxDD or CVaR99 in >=4 of 6 pre-2026 stress windows AND cost <0.05 net Sharpe AND survive LOO
Arjun,P4-C combined ladder,[add] + Duration hedge (long TLT),net,True,0.0563938212901412,0.10961718595964,0.5144614943035014,,0.1817359391766951,-0.2842355976576312,-0.5975545396680221,,0.0282471788770625,0.6754702284294828,0.0181486938844463,,0.0073913631965561,1.1592782766658,5001.0,,,cesare/outputs/p4_combined_ladder.csv,improve MaxDD or CVaR99 in >=4 of 6 pre-2026 stress windows AND cost <0.05 net Sharpe AND survive LOO
Arjun,P4-C combined ladder,[final] + Duration hedge (long TLT),gross,True,,,0.6802357426899243,,,,,,,0.6754702284294828,0.0181486938844463,,0.0073913631965561,1.1592782766658,5001.0,,,cesare/outputs/p4_combined_ladder.csv,improve MaxDD or CVaR99 in >=4 of 6 pre-2026 stress windows AND cost <0.05 net Sharpe AND survive LOO
Arjun,P4-C combined ladder,[final] + Duration hedge (long TLT),net,True,0.0563938212901412,0.10961718595964,0.5144614943035014,,0.1817359391766951,-0.2842355976576312,-0.5975545396680221,,0.0282471788770625,0.6754702284294828,0.0181486938844463,,0.0073913631965561,1.1592782766658,5001.0,,,cesare/outputs/p4_combined_ladder.csv,improve MaxDD or CVaR99 in >=4 of 6 pre-2026 stress windows AND cost <0.05 net Sharpe AND survive LOO
Arjun,P4-C combined ladder,[final_loo] - Duration hedge (long TLT),gross,True,,,0.6284487111635783,,,,,,,0.6051437773003898,0.0122961171437884,,-0.0011513513765255,-0.1792101508796838,5001.0,,,cesare/outputs/p4_combined_ladder.csv,improve MaxDD or CVaR99 in >=4 of 6 pre-2026 stress windows AND cost <0.05 net Sharpe AND survive LOO
Arjun,P4-C combined ladder,[final_loo] - Duration hedge (long TLT),net,True,0.0400527562320939,0.0834199144394193,0.4801342281546073,,0.170783997728666,-0.2180787567412367,-0.3319966028158096,,0.0196128527102057,0.6051437773003898,0.0122961171437884,,-0.0011513513765255,-0.1792101508796838,5001.0,,,cesare/outputs/p4_combined_ladder.csv,improve MaxDD or CVaR99 in >=4 of 6 pre-2026 stress windows AND cost <0.05 net Sharpe AND survive LOO
Arjun,P4-C combined ladder,[loo] - Duration hedge (long TLT),gross,True,,,0.3171002996819519,,,,,,,0.7012473904652621,0.0113390400561778,,-0.0022785550673839,-0.3612799010244528,5001.0,,,cesare/outputs/p4_combined_ladder.csv,improve MaxDD or CVaR99 in >=4 of 6 pre-2026 stress windows AND cost <0.05 net Sharpe AND survive LOO
Arjun,P4-C combined ladder,[loo] - Duration hedge (long TLT),net,True,0.0092539054091257,0.0650383201310111,0.1422838934106081,,0.0328406375709581,-0.2180787567412367,-0.4815392060217338,,0.0176625001232605,0.7012473904652621,0.0113390400561778,,-0.0022785550673839,-0.3612799010244528,5001.0,,,cesare/outputs/p4_combined_ladder.csv,improve MaxDD or CVaR99 in >=4 of 6 pre-2026 stress windows AND cost <0.05 net Sharpe AND survive LOO
Arjun,P4-C components,Duration hedge (long TLT),gross,True,,,0.6802357426899243,,,,,,,0.6754702284294828,0.0181486938844463,,0.0073913631965561,1.1592782766658,5001.0,,,cesare/outputs/p4_component_standalone.csv,"re-priced, not rebuilt: TLT return from his committed duration_hedge_series.csv; hedge ratio re-estimated on THIS base's net book with his estimator (expanding 504d, lagged); cost_bps backed out of his own gross-vs-net series (0.678bp, reproduces his net to 1.1e-15)"
Arjun,P4-C components,Duration hedge (long TLT),net,True,0.0563938212901412,0.10961718595964,0.5144614943035014,,0.1817359391766951,-0.2842355976576312,-0.5975545396680221,,0.0282471788770625,0.6754702284294828,0.0181486938844463,,0.0073913631965561,1.1592782766658,5001.0,,,cesare/outputs/p4_component_standalone.csv,"re-priced, not rebuilt: TLT return from his committed duration_hedge_series.csv; hedge ratio re-estimated on THIS base's net book with his estimator (expanding 504d, lagged); cost_bps backed out of his own gross-vs-net series (0.678bp, reproduces his net to 1.1e-15)"
Cesare,P4-B tail forecast (null),VIX percentile gate (incumbent),gross,True,,,0.635261773616656,,,,,,,0.7056276062931829,0.0178838301701625,,0.0008116332273142,0.176181396408377,5001.0,,,cesare/outputs/p4_tail_overlay_stats.csv,REJECT: fails all three pre-registered bars; mean OOS AUC 0.4685 across the 6 of 13 purged folds that contain a tail month (AUC is undefined in the other 7)
Cesare,P4-B tail forecast (null),VIX percentile gate (incumbent),net,True,0.0491022275821988,0.1055343000254116,0.4652726892619321,,0.1815023467397333,-0.2450297526541048,-0.7314142927996281,,0.0283210202444716,0.7056276062931829,0.0178838301701625,,0.0008116332273142,0.176181396408377,5001.0,,,cesare/outputs/p4_tail_overlay_stats.csv,REJECT: fails all three pre-registered bars; mean OOS AUC 0.4685 across the 6 of 13 purged folds that contain a tail month (AUC is undefined in the other 7)
Cesare,P4-B tail forecast (null),baseline,gross,True,,,0.6284423467928719,,,,,,,0.6754702284294828,0.0181466112657643,,,,5001.0,,,cesare/outputs/p4_tail_overlay_stats.csv,REJECT: fails all three pre-registered bars; mean OOS AUC 0.4685 across the 6 of 13 purged folds that contain a tail month (AUC is undefined in the other 7)
Cesare,P4-B tail forecast (null),baseline,net,True,0.0521434343364557,0.1119142098626392,0.4659232674783244,,0.1600595389477542,-0.2931849420551634,-0.6480046211041329,,0.0291987457840746,0.6754702284294828,0.0181466112657643,,,,5001.0,,,cesare/outputs/p4_tail_overlay_stats.csv,REJECT: fails all three pre-registered bars; mean OOS AUC 0.4685 across the 6 of 13 purged folds that contain a tail month (AUC is undefined in the other 7)
Cesare,P4-B tail forecast (null),tail forecast (binary p80 gate),gross,True,,,0.5876998885528786,,,,,,,0.7027676224796167,0.0182147661479859,,-0.0045358986589772,-1.0969131647391568,5001.0,,,cesare/outputs/p4_tail_overlay_stats.csv,REJECT: fails all three pre-registered bars; mean OOS AUC 0.4685 across the 6 of 13 purged folds that contain a tail month (AUC is undefined in the other 7)
Cesare,P4-B tail forecast (null),tail forecast (binary p80 gate),net,True,0.0449631316389628,0.1075853044778019,0.4179300496216013,,0.138955363618169,-0.2873743181396293,-0.7048384860219833,,0.0288827441226217,0.7027676224796167,0.0182147661479859,,-0.0045358986589772,-1.0969131647391568,5001.0,,,cesare/outputs/p4_tail_overlay_stats.csv,REJECT: fails all three pre-registered bars; mean OOS AUC 0.4685 across the 6 of 13 purged folds that contain a tail month (AUC is undefined in the other 7)
Cesare,P4-B tail forecast (null),tail forecast (continuous 1-p),gross,True,,,0.4624775550672942,,,,,,,0.6390316716712376,0.0156962446826901,,-0.0138596255246076,-2.002031619657133,5001.0,,,cesare/outputs/p4_tail_overlay_stats.csv,REJECT: fails all three pre-registered bars; mean OOS AUC 0.4685 across the 6 of 13 purged folds that contain a tail month (AUC is undefined in the other 7)
Cesare,P4-B tail forecast (null),tail forecast (continuous 1-p),net,True,0.0283053940113852,0.0951883542436759,0.2973619434466248,,0.0817742005695433,-0.2940359150522236,-0.7990984639640913,,0.0269443608162898,0.6390316716712376,0.0156962446826901,,-0.0138596255246076,-2.002031619657133,5001.0,,,cesare/outputs/p4_tail_overlay_stats.csv,REJECT: fails all three pre-registered bars; mean OOS AUC 0.4685 across the 6 of 13 purged folds that contain a tail month (AUC is undefined in the other 7)
Cesare,P4-C components,(bar) baseline,gross,True,,,0.6284423467928719,,,,,,,0.6754702284294828,0.0181466112657643,,,,5001.0,,,cesare/outputs/p4_component_standalone.csv,the shared base
Cesare,P4-C components,(bar) baseline,net,True,0.0521434343364557,0.1119142098626392,0.4659232674783244,,0.1600595389477542,-0.2931849420551634,-0.6480046211041329,,0.0291987457840746,0.6754702284294828,0.0181466112657643,,,,5001.0,,,cesare/outputs/p4_component_standalone.csv,the shared base
Cesare,P4-C components,(bar) per-currency RR,gross,True,,,0.625348628011562,,,,,,,0.6928220385529249,0.0180011323138211,,-0.0002629101601757,-0.0535890813714627,5001.0,,,cesare/outputs/p4_component_standalone.csv,"rebuilt on the base from examples/03; reproduces the committed rrccy MaxDD to 7 digits, its net Sharpe to 8e-4"
Cesare,P4-C components,(bar) per-currency RR,net,True,0.0485528568208773,0.1064931789732451,0.4559245699020355,,0.1585502572779838,-0.2762329318436761,-0.6047343162412168,,0.027175650186923,0.6928220385529249,0.0180011323138211,,-0.0002629101601757,-0.0535890813714627,5001.0,,,cesare/outputs/p4_component_standalone.csv,"rebuilt on the base from examples/03; reproduces the committed rrccy MaxDD to 7 digits, its net Sharpe to 8e-4"
Cesare,P4-C components,(control) gross-matched de-risk,gross,True,,,0.568073522790924,,,,,,,0.5252215797570694,0.0137085944881758,,0.007513938255699,0.5777734412318832,5001.0,,,cesare/outputs/p4_component_standalone.csv,"CONTROL, not a variant: identical daily gross to the bad-skew exclusion (max diff 8.9e-16) but spread across every name, so any difference is selection rather than de-risking"
Cesare,P4-C components,(control) gross-matched de-risk,net,True,0.0344808337390436,0.0848853424289975,0.4062048022941674,,0.1394111152482862,-0.2248761486229779,-0.634911364286697,,0.0222386129686506,0.5252215797570694,0.0137085944881758,,0.007513938255699,0.5777734412318832,5001.0,,,cesare/outputs/p4_component_standalone.csv,"CONTROL, not a variant: identical daily gross to the bad-skew exclusion (max diff 8.9e-16) but spread across every name, so any difference is selection rather than de-risking"
Cesare,"Phase 3 D1 rerun (null, model-free)",U21_carry (anchor),gross,True,,,0.6194384975279325,,,,,,,0.4679901468737762,0.0138063773745963,,,,5001.0,,,cesare/outputs/p3_d1_bkm_comparison.csv,"matched 21-name option universe, not the ALL-27 book; risk-neutral input = carry. The D1 null survives the correct construction: carry subsumes SRP (CARRY~SRP t +2.23), and the implied-skew sort is now significantly worse (t -2.36)"
Cesare,"Phase 3 D1 rerun (null, model-free)",U21_carry (anchor),net,True,0.0556298404371139,0.1121031187943271,0.4962381157225131,,,-0.2575684307689999,-0.7344413973098778,,0.0301075433020181,0.4679901468737762,0.0138063773745963,,,,5001.0,,,cesare/outputs/p3_d1_bkm_comparison.csv,"matched 21-name option universe, not the ALL-27 book; risk-neutral input = carry. The D1 null survives the correct construction: carry subsumes SRP (CARRY~SRP t +2.23), and the implied-skew sort is now significantly worse (t -2.36)"
Cesare,"Phase 3 D1 rerun (null, model-free)",U21_clean_bkm,gross,True,,,0.1667870074510714,,,,,,,1.0855315873503522,0.0263192072358137,,-0.031629701152199,-1.334943587595041,5001.0,,,cesare/outputs/p3_d1_bkm_comparison.csv,"matched 21-name option universe, not the ALL-27 book; risk-neutral input = model-free BKM. The D1 null survives the correct construction: carry subsumes SRP (CARRY~SRP t +2.23), and the implied-skew sort is now significantly worse (t -2.36)"
Cesare,"Phase 3 D1 rerun (null, model-free)",U21_clean_bkm,net,True,-0.0076658336706972,0.1120948387859009,-0.0683870350653599,,,-0.5085152782198223,-0.4457180568677511,,0.0268629985450552,1.0855315873503522,0.0263192072358137,,-0.031629701152199,-1.334943587595041,5001.0,,,cesare/outputs/p3_d1_bkm_comparison.csv,"matched 21-name option universe, not the ALL-27 book; risk-neutral input = model-free BKM. The D1 null survives the correct construction: carry subsumes SRP (CARRY~SRP t +2.23), and the implied-skew sort is now significantly worse (t -2.36)"
Cesare,"Phase 3 D1 rerun (null, model-free)",U21_clean_proxy,gross,True,,,0.2054386876825104,,,,,,,1.171009611959726,0.0271885646239071,,-0.0294372005382819,-1.1960739861717504,5001.0,,,cesare/outputs/p3_d1_bkm_comparison.csv,"matched 21-name option universe, not the ALL-27 book; risk-neutral input = 25d slope proxy. The D1 null survives the correct construction: carry subsumes SRP (CARRY~SRP t +2.23), and the implied-skew sort is now significantly worse (t -2.36)"
Cesare,"Phase 3 D1 rerun (null, model-free)",U21_clean_proxy,net,True,-0.0035586094594389,0.1152907476814901,-0.030866392412253,,,-0.4238175549994175,-0.481872164868409,,0.0287466953821912,1.171009611959726,0.0271885646239071,,-0.0294372005382819,-1.1960739861717504,5001.0,,,cesare/outputs/p3_d1_bkm_comparison.csv,"matched 21-name option universe, not the ALL-27 book; risk-neutral input = 25d slope proxy. The D1 null survives the correct construction: carry subsumes SRP (CARRY~SRP t +2.23), and the implied-skew sort is now significantly worse (t -2.36)"
Cesare,"Phase 3 D1 rerun (null, model-free)",U21_iskew_bkm,gross,True,,,0.2125806028640104,,,,,,,0.890319029681437,0.0210622145153712,,-0.0399758574858664,-2.3615727884248146,5001.0,,,cesare/outputs/p3_d1_bkm_comparison.csv,"matched 21-name option universe, not the ALL-27 book; risk-neutral input = model-free BKM. The D1 null survives the correct construction: carry subsumes SRP (CARRY~SRP t +2.23), and the implied-skew sort is now significantly worse (t -2.36)"
Cesare,"Phase 3 D1 rerun (null, model-free)",U21_iskew_bkm,net,True,0.004013210332245,0.1182237741381556,0.0339458823870337,,,-0.5388212851687426,-0.741655064652344,,0.0336435408605498,0.890319029681437,0.0210622145153712,,-0.0399758574858664,-2.3615727884248146,5001.0,,,cesare/outputs/p3_d1_bkm_comparison.csv,"matched 21-name option universe, not the ALL-27 book; risk-neutral input = model-free BKM. The D1 null survives the correct construction: carry subsumes SRP (CARRY~SRP t +2.23), and the implied-skew sort is now significantly worse (t -2.36)"
Cesare,"Phase 3 D1 rerun (null, model-free)",U21_iskew_proxy,gross,True,,,0.3229361985727768,,,,,,,1.0494131503046604,0.0226654736709478,,-0.0277947339431898,-1.585902684744154,5001.0,,,cesare/outputs/p3_d1_bkm_comparison.csv,"matched 21-name option universe, not the ALL-27 book; risk-neutral input = 25d slope proxy. The D1 null survives the correct construction: carry subsumes SRP (CARRY~SRP t +2.23), and the implied-skew sort is now significantly worse (t -2.36)"
Cesare,"Phase 3 D1 rerun (null, model-free)",U21_iskew_proxy,net,True,0.0156359024397539,0.1188017771786597,0.13161337154275,,,-0.5129049774911492,-1.0680025690035178,,0.0345139517381382,1.0494131503046604,0.0226654736709478,,-0.0277947339431898,-1.585902684744154,5001.0,,,cesare/outputs/p3_d1_bkm_comparison.csv,"matched 21-name option universe, not the ALL-27 book; risk-neutral input = 25d slope proxy. The D1 null survives the correct construction: carry subsumes SRP (CARRY~SRP t +2.23), and the implied-skew sort is now significantly worse (t -2.36)"
Cesare,"Phase 3 D1 rerun (null, model-free)",U21_srp_bkm,gross,True,,,0.1827879866150965,,,,,,,1.2176180202508675,0.0271704724786269,,-0.0306098144631771,-1.393239439546962,4912.0,,,cesare/outputs/p3_d1_bkm_comparison.csv,"matched 21-name option universe, not the ALL-27 book; risk-neutral input = model-free BKM. The D1 null survives the correct construction: carry subsumes SRP (CARRY~SRP t +2.23), and the implied-skew sort is now significantly worse (t -2.36)"
Cesare,"Phase 3 D1 rerun (null, model-free)",U21_srp_bkm,net,True,-0.0068213092031219,0.1117276686196003,-0.0610529986654111,,,-0.4484654754491014,-0.5067125966525402,,0.0287199301970528,1.2176180202508675,0.0271704724786269,,-0.0306098144631771,-1.393239439546962,4912.0,,,cesare/outputs/p3_d1_bkm_comparison.csv,"matched 21-name option universe, not the ALL-27 book; risk-neutral input = model-free BKM. The D1 null survives the correct construction: carry subsumes SRP (CARRY~SRP t +2.23), and the implied-skew sort is now significantly worse (t -2.36)"
Cesare,"Phase 3 D1 rerun (null, model-free)",U21_srp_proxy,gross,True,,,0.1560477476537037,,,,,,,1.2681823133369718,0.0272641019898863,,-0.0334494234967341,-1.542697141425584,4912.0,,,cesare/outputs/p3_d1_bkm_comparison.csv,"matched 21-name option universe, not the ALL-27 book; risk-neutral input = 25d slope proxy. The D1 null survives the correct construction: carry subsumes SRP (CARRY~SRP t +2.23), and the implied-skew sort is now significantly worse (t -2.36)"
Cesare,"Phase 3 D1 rerun (null, model-free)",U21_srp_proxy,net,True,-0.0100282562908855,0.11070420776862,-0.0905860444965686,,,-0.4902115078104233,-0.4829824026466878,,0.0269435117353081,1.2681823133369718,0.0272641019898863,,-0.0334494234967341,-1.542697141425584,4912.0,,,cesare/outputs/p3_d1_bkm_comparison.csv,"matched 21-name option universe, not the ALL-27 book; risk-neutral input = 25d slope proxy. The D1 null survives the correct construction: carry subsumes SRP (CARRY~SRP t +2.23), and the implied-skew sort is now significantly worse (t -2.36)"
Cesare,Phase 3 D1 skew (null),ALL_carry,gross,True,0.0702900456022201,0.1118480413691583,0.6284423467928719,0.8607033865306162,0.2468089020805478,-0.2678294999211406,-0.65215157306325,0.5440911817636472,0.0291856016420472,0.6754702284294828,,0.4973035206491715,,,5001.0,2007-05-01,2026-06-30,cesare/outputs/skew_carry_comparison.csv,"matched 21-name option universe, not the ALL-27 book"
Cesare,Phase 3 D1 skew (null),ALL_carry,net,True,0.0521434343364557,0.1119142098626392,0.4659232674783244,0.6341168503826068,0.1600595389477542,-0.2931849420551634,-0.6480046211041329,0.5382923415316937,0.0291987457840746,0.6754702284294828,0.0181466112657643,0.337641519452406,0.0012602840977603,0.1323568430171737,5001.0,2007-05-01,2026-06-30,cesare/outputs/skew_carry_comparison.csv,"matched 21-name option universe, not the ALL-27 book"
Cesare,Phase 3 D1 skew (null),FXCTEM8,index,True,0.0127344992590612,0.0900059133460783,0.1414851400940322,0.1957179396333127,0.0271788550092351,-0.3207736475898004,-0.2531540247049113,0.5240951809638073,0.0213868209103041,,,,,,5001.0,2007-05-01,2026-06-30,cesare/outputs/skew_carry_comparison.csv,"matched 21-name option universe, not the ALL-27 book"
Cesare,Phase 3 D1 skew (null),U21_blendhi,gross,True,0.0334630138063314,0.115800797550737,0.288970495144215,0.3858313882366085,0.0720043591824494,-0.3761988765530435,-0.908562382021338,0.5414917016596681,0.0328042423426413,0.7281054542683876,,0.1717583421913189,,,5001.0,2007-05-01,2026-06-30,cesare/outputs/skew_carry_comparison.csv,"matched 21-name option universe, not the ALL-27 book"
Cesare,Phase 3 D1 skew (null),U21_blendhi,net,True,0.0170805598532303,0.1158653133570551,0.1474173707241806,0.1957597693469317,0.0219513108373281,-0.4734171043378206,-0.9045479905405,0.5368926214757048,0.0328621435499231,0.7281054542683876,0.0163824539531011,0.0272807712365464,-0.0332986795205881,-2.8404396694785174,5001.0,2007-05-01,2026-06-30,cesare/outputs/skew_carry_comparison.csv,"matched 21-name option universe, not the ALL-27 book"
Cesare,Phase 3 D1 skew (null),U21_blendlo,gross,True,0.0073702173980837,0.1144228886620325,0.0644120899608896,0.0906827269097874,0.0021470245799353,-0.3828512199516793,-0.060672054202194,0.4987002599480103,0.026894173820532,1.4494862776605333,,-0.0468745229595549,,,5001.0,2007-05-01,2026-06-30,cesare/outputs/skew_carry_comparison.csv,"matched 21-name option universe, not the ALL-27 book"
Cesare,Phase 3 D1 skew (null),U21_blendlo,net,True,-0.0244167727194143,0.1148153437120848,-0.2126612343785923,-0.2958946773504015,-0.0547789218396257,-0.5574544164240598,-0.049461048242542,0.4887022595480904,0.0269353068696352,1.4494862776605333,0.031786990117498,-0.2673256071388466,-0.0316998067244384,-1.2040131340267548,5001.0,2007-05-01,2026-06-30,cesare/outputs/skew_carry_comparison.csv,"matched 21-name option universe, not the ALL-27 book"
Cesare,Phase 3 D1 skew (null),U21_carry,gross,True,0.0694362178117102,0.1120954188169086,0.6194384975279325,0.8478075121877242,0.2772017396111461,-0.2350656426838411,-0.7336808676649488,0.5426914617076585,0.0301075433020181,0.4679901468737762,,0.5071463354953201,,,5001.0,2007-05-01,2026-06-30,cesare/outputs/skew_carry_comparison.csv,"matched 21-name option universe, not the ALL-27 book"
Cesare,Phase 3 D1 skew (null),U21_carry,net,True,0.0556298404371139,0.1121031187943271,0.4962381157225131,0.6755957863710181,0.1962879903697488,-0.2575684307689999,-0.7344413973098778,0.5386922615476905,0.0301075433020181,0.4679901468737762,0.0138063773745963,0.3810114727885786,,,5001.0,2007-05-01,2026-06-30,cesare/outputs/skew_carry_comparison.csv,"matched 21-name option universe, not the ALL-27 book"
Cesare,Phase 3 D1 skew (null),U21_clean,gross,True,0.0236299551644681,0.1150219339455012,0.2054386876825104,0.284241247524063,0.0515991177181565,-0.332261373215477,-0.4886305596461803,0.5180963807238552,0.0286091923582962,1.171009611959726,,0.0717562737941294,,,5001.0,2007-05-01,2026-06-30,cesare/outputs/skew_carry_comparison.csv,"matched 21-name option universe, not the ALL-27 book"
Cesare,Phase 3 D1 skew (null),U21_clean,net,True,-0.0035586094594389,0.1152907476814901,-0.030866392412253,-0.0422791207846689,-0.0239929060258145,-0.4238175549994175,-0.481872164868409,0.5098980203959208,0.0287466953821912,1.171009611959726,0.0271885646239071,-0.1305501538674063,-0.0294372005382819,-1.1960739861717504,5001.0,2007-05-01,2026-06-30,cesare/outputs/skew_carry_comparison.csv,"matched 21-name option universe, not the ALL-27 book"
Cesare,Phase 3 D1 skew (null),U21_iskew,gross,True,0.0383013761107017,0.1186035392748644,0.3229361985727768,0.4327291893634753,0.0958761217990546,-0.3308537522980471,-1.072747892483609,0.5326934613077384,0.0344034701025309,1.0494131503046604,,0.1992205628333633,,,5001.0,2007-05-01,2026-06-30,cesare/outputs/skew_carry_comparison.csv,"matched 21-name option universe, not the ALL-27 book"
Cesare,Phase 3 D1 skew (null),U21_iskew,net,True,0.0156359024397539,0.1188017771786597,0.13161337154275,0.1750214871282813,0.0167223236871749,-0.5129049774911492,-1.0680025690035178,0.5278944211157769,0.0345139517381382,1.0494131503046604,0.0226654736709478,0.0140749419240541,-0.0277947339431898,-1.585902684744154,5001.0,2007-05-01,2026-06-30,cesare/outputs/skew_carry_comparison.csv,"matched 21-name option universe, not the ALL-27 book"
Cesare,Phase 3 D1 skew (null),U21_srp,gross,True,0.0172358456990007,0.1104523836976487,0.1560477476537037,0.2151325306442703,0.0320907770492926,-0.3485284692457602,-0.4841257203967276,0.5158794788273615,0.0267938721963765,1.2752000894740416,,0.0275898944513945,,,4912.0,2007-09-03,2026-06-30,cesare/outputs/skew_carry_comparison.csv,"matched 21-name option universe, not the ALL-27 book"
Cesare,Phase 3 D1 skew (null),U21_srp,net,True,-0.0100282562908855,0.11070420776862,-0.0905860444965686,-0.1235246008304987,-0.0327214627516241,-0.4902115078104233,-0.4829824026466878,0.5077361563517915,0.0269435117353081,1.2752000894740416,0.0272641019898863,-0.1833462916108739,-0.0334494234967341,-1.542697141425584,4912.0,2007-09-03,2026-06-30,cesare/outputs/skew_carry_comparison.csv,"matched 21-name option universe, not the ALL-27 book"
Cesare,Phase 3 D1 skew (null),U21_srp126,gross,True,0.0287067165630804,0.113525136428762,0.252866611449475,0.358957677124069,0.0616482915289041,-0.3651246137793795,-0.086919127882439,0.5014061872237846,0.0271703601881969,1.507032762374966,,0.1157784582701944,,,4978.0,2007-06-01,2026-06-30,cesare/outputs/skew_carry_comparison.csv,"matched 21-name option universe, not the ALL-27 book"
Cesare,Phase 3 D1 skew (null),U21_srp126,net,True,-0.0035057675659113,0.1139459572648635,-0.0307669324130762,-0.0430550136871729,-0.0176763151827198,-0.5629634399776002,-0.095609970490713,0.4941743672157493,0.0273542598452811,1.507032762374966,0.0322124841289917,-0.1248338501847429,-0.0253359293023,-1.0801663967630557,4978.0,2007-06-01,2026-06-30,cesare/outputs/skew_carry_comparison.csv,"matched 21-name option universe, not the ALL-27 book"
Cesare,Phase 3 D2 vol risk premium (qualified positive),carry,monthly_uncosted,True,0.0542426307306692,0.1152209417165245,0.4707705901599138,,,-0.2518806712362681,-0.4879330994716893,0.5739130434782609,0.1257862105027923,,,,,,230.0,,,cesare/outputs/p3_d2_books.csv,"NOT COMPARABLE TO THE net ROWS: monthly, 21-name option universe, and GROSS OF OPTION BID/ASK (mids only). Breakeven round-trip vol spread at which it stops clearing both bars: 0.25 vol pts for short_vol and carry+short_vol, 0.10 for vrp_xs -- inside G10 interbank. Two thirds of vrp_xs's Sharpe is a standing short in TRY|MXN|THB|KRW|INR (1.689 -> 0.547 demeaned, skew +1.66 -> -1.84). Report chapter 8."
Cesare,Phase 3 D2 vol risk premium (qualified positive),carry+short_vol,monthly_uncosted,True,0.1412987512400766,0.143601311375973,0.9839656050920884,,,-0.1803276410465542,-0.2410424412373341,0.7420814479638009,0.1427838632188036,,,,,,221.0,,,cesare/outputs/p3_d2_books.csv,"NOT COMPARABLE TO THE net ROWS: monthly, 21-name option universe, and GROSS OF OPTION BID/ASK (mids only). Breakeven round-trip vol spread at which it stops clearing both bars: 0.25 vol pts for short_vol and carry+short_vol, 0.10 for vrp_xs -- inside G10 interbank. Two thirds of vrp_xs's Sharpe is a standing short in TRY|MXN|THB|KRW|INR (1.689 -> 0.547 demeaned, skew +1.66 -> -1.84). Report chapter 8."
Cesare,Phase 3 D2 vol risk premium (qualified positive),short_vol,monthly_uncosted,True,0.1836368101967524,0.1443855149889413,1.2718506438185115,,,-0.2305265632429836,-2.1288257527762493,0.7841409691629956,0.1986395205841645,,,,,,227.0,,,cesare/outputs/p3_d2_books.csv,"NOT COMPARABLE TO THE net ROWS: monthly, 21-name option universe, and GROSS OF OPTION BID/ASK (mids only). Breakeven round-trip vol spread at which it stops clearing both bars: 0.25 vol pts for short_vol and carry+short_vol, 0.10 for vrp_xs -- inside G10 interbank. Two thirds of vrp_xs's Sharpe is a standing short in TRY|MXN|THB|KRW|INR (1.689 -> 0.547 demeaned, skew +1.66 -> -1.84). Report chapter 8."
Cesare,Phase 3 D2 vol risk premium (qualified positive),vrp_xs,monthly_uncosted,True,0.233864564798055,0.13845110493817,1.6891491397088894,,,-0.2338492733032289,1.660335520731813,0.7312775330396476,0.0840560394867006,,,,,,227.0,,,cesare/outputs/p3_d2_books.csv,"NOT COMPARABLE TO THE net ROWS: monthly, 21-name option universe, and GROSS OF OPTION BID/ASK (mids only). Breakeven round-trip vol spread at which it stops clearing both bars: 0.25 vol pts for short_vol and carry+short_vol, 0.10 for vrp_xs -- inside G10 interbank. Two thirds of vrp_xs's Sharpe is a standing short in TRY|MXN|THB|KRW|INR (1.689 -> 0.547 demeaned, skew +1.66 -> -1.84). Report chapter 8."
Cesare,Phase 3 D2 vol risk premium (qualified positive),vrp_xs (ccy-demeaned = pure timing),monthly_uncosted,True,0.0857445787481253,0.1566713251387006,0.5472895481813024,,,-0.4864684426159413,-1.8419351626339988,0.5673076923076923,0.2164641395506876,,,,,,208.0,,,cesare/outputs/p3_d2_static_vs_timing.csv,"NOT COMPARABLE TO THE net ROWS: monthly, 21-name option universe, and GROSS OF OPTION BID/ASK (mids only). Breakeven round-trip vol spread at which it stops clearing both bars: 0.25 vol pts for short_vol and carry+short_vol, 0.10 for vrp_xs -- inside G10 interbank. Two thirds of vrp_xs's Sharpe is a standing short in TRY|MXN|THB|KRW|INR (1.689 -> 0.547 demeaned, skew +1.66 -> -1.84). Report chapter 8. Standing shorts: TRY|MXN|THB|KRW|INR."
Cesare,Phase 3 D2 vol risk premium (qualified positive),vrp_xs (raw signal),monthly_uncosted,True,0.233864564798055,0.13845110493817,1.6891491397088894,,,-0.2338492733032289,1.660335520731813,0.7312775330396476,0.0840560394867006,,,,,,227.0,,,cesare/outputs/p3_d2_static_vs_timing.csv,"NOT COMPARABLE TO THE net ROWS: monthly, 21-name option universe, and GROSS OF OPTION BID/ASK (mids only). Breakeven round-trip vol spread at which it stops clearing both bars: 0.25 vol pts for short_vol and carry+short_vol, 0.10 for vrp_xs -- inside G10 interbank. Two thirds of vrp_xs's Sharpe is a standing short in TRY|MXN|THB|KRW|INR (1.689 -> 0.547 demeaned, skew +1.66 -> -1.84). Report chapter 8. Standing shorts: TRY|MXN|THB|KRW|INR."
Cesare,Phase 3 D3 basis (null),ALL_basiscond,gross,True,0.0495309914602382,0.1057355203647087,0.4684423104874621,0.6381331996607348,0.1780582158014542,-0.2521692038918305,-0.6672395833192307,0.5355335533553355,0.0283477284046637,0.6940560665474469,,0.3823547575135995,,,4545.0,2007-05-01,2024-09-30,cesare/outputs/basis_carry_comparison.csv,matched 7-name onshore-fixing EM universe; basis window ends 2024-09 (USD LIBOR discontinued)
Cesare,Phase 3 D3 basis (null),ALL_basiscond,net,True,0.0325858470308967,0.1058158942783813,0.3079485105060835,0.4167854963903089,0.0985776187048237,-0.277317443592062,-0.6663099067928235,0.5298129812981298,0.0283764928362937,0.6940560665474469,0.0169451444293415,0.2272528344947724,0.0508806999261354,2.4266677831273338,4545.0,2007-05-01,2024-09-30,cesare/outputs/basis_carry_comparison.csv,matched 7-name onshore-fixing EM universe; basis window ends 2024-09 (USD LIBOR discontinued)
Cesare,Phase 3 D3 basis (null),ALL_carry,gross,True,0.0482705645841258,0.1126903811782347,0.4283468036884137,0.5831059364999386,0.1597677839391432,-0.2678294999211406,-0.6227680262798492,0.5355335533553355,0.029283582513121,0.6613514669908929,,0.3588131115686951,,,4545.0,2007-05-01,2024-09-30,cesare/outputs/basis_carry_comparison.csv,matched 7-name onshore-fixing EM universe; basis window ends 2024-09 (USD LIBOR discontinued)
Cesare,Phase 3 D3 basis (null),ALL_carry,net,True,0.0314863033455984,0.1127554470636799,0.2792441887780036,0.3778674707176029,0.0867319152476034,-0.2931849420551634,-0.6206549365931768,0.5306930693069307,0.0292924204821314,0.6613514669908929,0.0167842612385273,0.2101280978736588,0.0511261272734837,2.3226265402980744,4545.0,2007-05-01,2024-09-30,cesare/outputs/basis_carry_comparison.csv,matched 7-name onshore-fixing EM universe; basis window ends 2024-09 (USD LIBOR discontinued)
Cesare,Phase 3 D3 basis (null),FXCTEM8,index,True,0.0065718473678216,0.0922116400080626,0.0712691734714519,0.0980001840454434,0.0072287164821163,-0.3207736475898004,-0.290726353387586,0.5221122112211221,0.0220214557809298,,,,,,4545.0,2007-05-01,2024-09-30,cesare/outputs/basis_carry_comparison.csv,matched 7-name onshore-fixing EM universe; basis window ends 2024-09 (USD LIBOR discontinued)
Cesare,Phase 3 D3 basis (null),U7_basis,gross,True,0.019088997597582,0.1193133313536132,0.1599904837206103,0.2280502181925588,0.0340196871079155,-0.3538634419990187,-0.1029518263551433,0.4972497249724972,0.0293156070930267,1.1374318088315942,,0.0682500622833564,,,4545.0,2007-05-01,2024-09-30,cesare/outputs/basis_carry_comparison.csv,matched 7-name onshore-fixing EM universe; basis window ends 2024-09 (USD LIBOR discontinued)
Cesare,Phase 3 D3 basis (null),U7_basis,net,True,-0.0150426117290711,0.1197353606493937,-0.1256321578478272,-0.1766374179533357,-0.0410244323466882,-0.5355941140901492,-0.1060619986300602,0.4895489548954895,0.0295901790895421,1.1374318088315942,0.0341316093266532,-0.1408603402881871,-0.0088332711273294,-0.3222900393089885,4545.0,2007-05-01,2024-09-30,cesare/outputs/basis_carry_comparison.csv,matched 7-name onshore-fixing EM universe; basis window ends 2024-09 (USD LIBOR discontinued)
Cesare,Phase 3 D3 basis (null),U7_carry,gross,True,-0.0189998038114424,0.1161058436228286,-0.1636420977497359,-0.2240025858005983,-0.0405596637075506,-0.6268171318408545,-0.2950460296940376,0.5091309130913091,0.0296703152798641,0.4459819536998154,,-0.2158544228313164,,,4545.0,2007-05-01,2024-09-30,cesare/outputs/basis_carry_comparison.csv,matched 7-name onshore-fixing EM universe; basis window ends 2024-09 (USD LIBOR discontinued)
Cesare,Phase 3 D3 basis (null),U7_carry,net,True,-0.0368384298810576,0.1161193887094111,-0.317246157515054,-0.4314582829941802,-0.0595334905145773,-0.7165487938098625,-0.291386270618668,0.5045104510451045,0.0297215346849887,0.4459819536998154,0.0178386260696151,-0.3571276075724605,,,4545.0,2007-05-01,2024-09-30,cesare/outputs/basis_carry_comparison.csv,matched 7-name onshore-fixing EM universe; basis window ends 2024-09 (USD LIBOR discontinued)
Cesare,Phase 3 D3 basis (null),U7_clean,gross,True,-0.0004855874798854,0.1118339405159504,-0.0043420403291272,-0.0059074268694879,-0.0139256071977061,-0.4836014650055001,-0.599756992250939,0.5155115511551155,0.0269698738700382,0.769724271410317,,-0.0696019165943225,,,4545.0,2007-05-01,2024-09-30,cesare/outputs/basis_carry_comparison.csv,matched 7-name onshore-fixing EM universe; basis window ends 2024-09 (USD LIBOR discontinued)
Cesare,Phase 3 D3 basis (null),U7_clean,net,True,-0.0224801239094076,0.1123027854727144,-0.2001742326762635,-0.2701178982361502,-0.0457426258460671,-0.6207637194593099,-0.5891959151727667,0.5093509350935094,0.0269899715640204,0.769724271410317,0.0219945364295221,-0.2467954980020215,0.0068516730988619,0.4740430979676833,4545.0,2007-05-01,2024-09-30,cesare/outputs/basis_carry_comparison.csv,matched 7-name onshore-fixing EM universe; basis window ends 2024-09 (USD LIBOR discontinued)
Cesare,Phase 3 D3 basis (null),U7_onshore,gross,True,-0.0336371713385856,0.1138956786265931,-0.295333165789943,-0.3984231793175494,-0.0567062423255587,-0.6938192662707934,-0.3533184560285211,0.5133113311331133,0.0285451996340896,0.2340379133843708,,-0.3544541780345371,,,4545.0,2007-05-01,2024-09-30,cesare/outputs/basis_carry_comparison.csv,matched 7-name onshore-fixing EM universe; basis window ends 2024-09 (USD LIBOR discontinued)
Cesare,Phase 3 D3 basis (null),U7_onshore,net,True,-0.0465585535196937,0.1140078571205673,-0.4083802177814497,-0.5484317572026615,-0.0694041463106556,-0.7447914611486202,-0.347960643575948,0.5095709570957095,0.0285673004311459,0.2340379133843708,0.012921382181108,-0.4634729733513477,-0.0153136136429804,-1.2302431172787762,4545.0,2007-05-01,2024-09-30,cesare/outputs/basis_carry_comparison.csv,matched 7-name onshore-fixing EM universe; basis window ends 2024-09 (USD LIBOR discontinued)
Cesare,Phase 3 D3 basis (null),U7_tilthi,gross,True,0.0072405662626752,0.1212104262300376,0.0597355069846372,0.0811995128523005,-0.0002607757551186,-0.5171617897844585,-0.7359626080442271,0.521012101210121,0.033007150126498,0.9516311921594052,,-0.0058230379725439,,,4545.0,2007-05-01,2024-09-30,cesare/outputs/basis_carry_comparison.csv,matched 7-name onshore-fixing EM universe; basis window ends 2024-09 (USD LIBOR discontinued)
Cesare,Phase 3 D3 basis (null),U7_tilthi,net,True,-0.0207941064779186,0.1214177483023495,-0.1712608475174322,-0.2305948584508592,-0.0417333694936482,-0.6662077630899792,-0.72770286088999,0.513091309130913,0.033007150126498,0.9516311921594052,0.0280346727405939,-0.2058432427320181,0.00861668799216,0.4968366851978102,4545.0,2007-05-01,2024-09-30,cesare/outputs/basis_carry_comparison.csv,matched 7-name onshore-fixing EM universe; basis window ends 2024-09 (USD LIBOR discontinued)
Cesare,Phase 3 D3 basis (null),U7_tiltlo,gross,True,-0.0569741670931297,0.115749169937076,-0.4922209560906761,-0.656237036158976,-0.0820995410761445,-0.7517353012312308,-0.625283025802421,0.4974697469746975,0.0296209318793486,0.7678128421958408,,-0.5731555971141722,,,4545.0,2007-05-01,2024-09-30,cesare/outputs/basis_carry_comparison.csv,matched 7-name onshore-fixing EM universe; basis window ends 2024-09 (USD LIBOR discontinued)
Cesare,Phase 3 D3 basis (null),U7_tiltlo,net,True,-0.0799832920581582,0.1162707756357764,-0.6879053796691748,-0.909923951513799,-0.100167414188334,-0.8298304134565337,-0.6129643600668135,0.4917491749174917,0.0297806761520519,0.7678128421958408,0.0230091249650284,-0.7714798857136945,-0.0569599651544887,-2.7563260657685538,4545.0,2007-05-01,2024-09-30,cesare/outputs/basis_carry_comparison.csv,matched 7-name onshore-fixing EM universe; basis window ends 2024-09 (USD LIBOR discontinued)
Cesare,Phase 3 D6 term structure (null),tenor_12M,gross,True,,,0.5656743264404759,,,,,,,0.4259053138771859,0.0186627493023918,,,,,2007-05-01,2026-06-30,cesare/outputs/tenor_sweep.csv,net re-priced after the F2 roll-leg fix (v1.1.0)
Cesare,Phase 3 D6 term structure (null),tenor_12M,net,True,0.0449778608362773,0.1125870459615476,0.3994941021157868,,,-0.3119319396537759,,,,0.4259053138771859,0.0186627493023918,,,,,2007-05-01,2026-06-30,cesare/outputs/tenor_sweep.csv,net re-priced after the F2 roll-leg fix (v1.1.0)
Cesare,Phase 3 D6 term structure (null),tenor_1M,gross,True,,,0.6284423467928719,,,,,,,0.6754702284294828,0.0181466112657643,,,,,2007-05-01,2026-06-30,cesare/outputs/tenor_sweep.csv,net re-priced after the F2 roll-leg fix (v1.1.0)
Cesare,Phase 3 D6 term structure (null),tenor_1M,net,True,0.0521434343364557,0.1119142098626392,0.4659232674783244,,,-0.2931849420551634,,,,0.6754702284294828,0.0181466112657643,,,,,2007-05-01,2026-06-30,cesare/outputs/tenor_sweep.csv,net re-priced after the F2 roll-leg fix (v1.1.0)
Cesare,Phase 3 D6 term structure (null),tenor_3M,gross,True,,,0.487503286886094,,,,,,,0.5259077392230587,0.0154756296705458,,,,,2007-05-01,2026-06-30,cesare/outputs/tenor_sweep.csv,net re-priced after the F2 roll-leg fix (v1.1.0)
Cesare,Phase 3 D6 term structure (null),tenor_3M,net,True,0.0395369727230219,0.1129211854303935,0.3501289202050854,,,-0.3268142066789964,,,,0.5259077392230587,0.0154756296705458,,,,,2007-05-01,2026-06-30,cesare/outputs/tenor_sweep.csv,net re-priced after the F2 roll-leg fix (v1.1.0)
Cesare,Phase 3 D6 term structure (null),tenor_6M,gross,True,,,0.514789946222863,,,,,,,0.4501308746146718,0.0164464740116836,,,,,2007-05-01,2026-06-30,cesare/outputs/tenor_sweep.csv,net re-priced after the F2 roll-leg fix (v1.1.0)
Cesare,Phase 3 D6 term structure (null),tenor_6M,net,True,0.0419879454885929,0.1135705938922746,0.3697078975251275,,,-0.3142403274923224,,,,0.4501308746146718,0.0164464740116836,,,,,2007-05-01,2026-06-30,cesare/outputs/tenor_sweep.csv,net re-priced after the F2 roll-leg fix (v1.1.0)
Cesare,Stage 3 dynamic carry,ALL_ivrr,gross,True,0.0554372694693297,0.1027628691944592,0.5394679022091652,0.7329432044766012,0.1876544446030086,-0.2739872468430478,-0.7336912912212701,0.5440911817636472,0.0277449799475001,0.686771526656309,,0.3799121827224222,-0.0075447998087393,-1.4354890039065873,5001.0,2007-05-01,2026-06-30,cesare/outputs/stage3_dynamic_comparison.csv,
Cesare,Stage 3 dynamic carry,ALL_ivrr,net,True,0.0379400026877539,0.1028286216760978,0.3689634468432533,0.4980247685594171,0.1058515695433691,-0.313398421733747,-0.7299956817266465,0.5376924615076984,0.027779630035732,0.686771526656309,0.0174972667815758,0.2202071715425089,-0.008786958393006,-1.6845193849821858,5001.0,2007-05-01,2026-06-30,cesare/outputs/stage3_dynamic_comparison.csv,
Cesare,Stage 3 dynamic carry,ALL_ivrr_lin,gross,True,0.0661062977672607,0.1069694638936583,0.6179922321848701,0.8445484295293348,0.2217238252475156,-0.2806219710808542,-0.6977706722111876,0.5440911817636472,0.0281729681880792,0.6859384618936506,,0.4690645896499848,-0.0005518634586603,-0.1780668110678546,5001.0,2007-05-01,2026-06-30,cesare/outputs/stage3_dynamic_comparison.csv,
Cesare,Stage 3 dynamic carry,ALL_ivrr_lin,net,True,0.048205456843762,0.1070333683242193,0.45037783635605,0.6115290512874757,0.1419777451314531,-0.3054805858187261,-0.6937210577842428,0.5376924615076984,0.0282055475632525,0.6859384618936506,0.0179008409234986,0.308584798773942,-0.0012445894349339,-0.4082583347316479,5001.0,2007-05-01,2026-06-30,cesare/outputs/stage3_dynamic_comparison.csv,
Cesare,Stage 3 dynamic carry,ALL_rrccy,gross,True,0.0667090971550263,0.1064672293374764,0.6265692980848965,0.8630258882772465,0.2519816585177722,-0.2497033759850798,-0.6065767284655427,0.5396920615876825,0.0271391397123995,0.6941023598665144,,0.4549264374991822,0.0008796477826037,0.1769998517777249,5001.0,2007-05-01,2026-06-30,cesare/outputs/stage3_dynamic_comparison.csv,
Cesare,Stage 3 dynamic carry,ALL_rrccy,net,True,0.0486507736851967,0.1065318402938811,0.4566782433400904,0.6247998184336002,0.1589046993549087,-0.2762329318436765,-0.6037066453250508,0.5326934613077384,0.027175650186923,0.6941023598665144,0.0180583234698295,0.2996948873805199,-0.000184354758491,-0.0375977840170291,5001.0,2007-05-01,2026-06-30,cesare/outputs/stage3_dynamic_comparison.csv,
Cesare,Stage 3 dynamic carry,ALL_static,gross,True,0.0450538132123281,0.0757740544471399,0.5945810019148136,0.8177971421527371,0.2407273852160765,-0.1789396083443504,-0.7062110164135879,0.5440911817636472,0.0195588822363904,0.3505007718028914,,0.3463794131319759,,,5001.0,2007-05-01,2026-06-30,cesare/outputs/stage3_dynamic_comparison.csv,
Cesare,Stage 3 dynamic carry,ALL_static,net,True,0.0344973458771626,0.0757877061365241,0.4551839293700102,0.6227430097029247,0.1761960589704508,-0.1823129321662265,-0.7025869795038238,0.5384923015396921,0.0195588822363904,0.3505007718028914,0.0105564673351654,0.2291771498109682,,,5001.0,2007-05-01,2026-06-30,cesare/outputs/stage3_dynamic_comparison.csv,
Cesare,Stage 3 dynamic carry,ALL_vix,gross,True,0.0637999370660018,0.1032964404457,0.6176392602757661,0.8453000305683451,0.2598912504301519,-0.2315799488052529,-0.6776540423292727,0.5440911817636472,0.02702060654081,0.7183237586804417,,0.4547152863508729,0.0004043099278237,0.0752451587224551,5001.0,2007-05-01,2026-06-30,cesare/outputs/stage3_dynamic_comparison.csv,
Cesare,Stage 3 dynamic carry,ALL_vix,net,True,0.0456081948906947,0.1033645995670415,0.4412361203132566,0.5996778136346651,0.1647246501762166,-0.2493212406786534,-0.6752552194574466,0.5372925414917017,0.0270571170153335,0.7183237586804417,0.0181917421753071,0.2893197924949762,-0.0014224555289198,-0.268543644272017,5001.0,2007-05-01,2026-06-30,cesare/outputs/stage3_dynamic_comparison.csv,
Cesare,Stage 3 dynamic carry,ALL_voltgt,gross,True,0.0702900456022201,0.1118480413691583,0.6284423467928719,0.8607033865306162,0.2468089020805478,-0.2678294999211406,-0.65215157306325,0.5440911817636472,0.0291856016420472,0.6754702284294828,,0.4973035206491715,0.0083742310790745,0.8824748435012819,5001.0,2007-05-01,2026-06-30,cesare/outputs/stage3_dynamic_comparison.csv,
Cesare,Stage 3 dynamic carry,ALL_voltgt,net,True,0.0521434343364557,0.1119142098626392,0.4659232674783244,0.6341168503826068,0.1600595389477542,-0.2931849420551634,-0.6480046211041329,0.5382923415316937,0.0291987457840746,0.6754702284294828,0.0181466112657643,0.337641519452406,0.004705770206939,0.5051649891795471,5001.0,2007-05-01,2026-06-30,cesare/outputs/stage3_dynamic_comparison.csv,
Cesare,Stage 3 dynamic carry,DBHVG10U,index,True,-0.0092653442320932,0.0902995744063021,-0.1026067320140831,-0.1365026396910184,-0.033949798813797,-0.3909358026413869,-1.1364026696250746,0.3375324935012997,0.0275856698740725,,,,,,5001.0,2007-05-01,2026-06-30,cesare/outputs/stage3_dynamic_comparison.csv,
Cesare,Stage 3 dynamic carry,FXCTEM8,index,True,0.0127344992590612,0.0900059133460783,0.1414851400940322,0.1957179396333127,0.0271788550092351,-0.3207736475898004,-0.2531540247049113,0.5240951809638073,0.0213868209103041,,,,,,5001.0,2007-05-01,2026-06-30,cesare/outputs/stage3_dynamic_comparison.csv,
Cesare,Stage 3 dynamic carry,G10_ivrr,gross,True,0.0140941162501464,0.0992317409233572,0.1420323388363426,0.1907023650647202,0.0300146436923313,-0.3064819460360197,-0.6778206211986466,0.5310372446936323,0.0263381844240217,0.4085623785483475,,0.2295217365375229,-0.0018172918048174,-0.3016438349159376,4994.0,2007-05-01,2026-06-30,cesare/outputs/stage3_dynamic_comparison.csv,
Cesare,Stage 3 dynamic carry,G10_ivrr,net,True,0.0079928889505279,0.0993165857819446,0.0804788937074095,0.1078079263537279,0.009845872723146,-0.3099709943665821,-0.6753971047279299,0.5286343612334802,0.0264069746431466,0.4085623785483475,0.0061012272996184,0.1653940681577033,-0.0033749130938239,-0.5637070959304024,4994.0,2007-05-01,2026-06-30,cesare/outputs/stage3_dynamic_comparison.csv,
Cesare,Stage 3 dynamic carry,G10_ivrr_lin,gross,True,0.017255494128238,0.1060833598283696,0.1626597626258764,0.2173729557462729,0.034121587589662,-0.3421592530719071,-0.8443609029921955,0.5310372446936323,0.0285338369634803,0.3813594141101855,,0.2562302460041948,-0.0001846638160672,-0.0464758536779657,4994.0,2007-05-01,2026-06-30,cesare/outputs/stage3_dynamic_comparison.csv,
Cesare,Stage 3 dynamic carry,G10_ivrr_lin,net,True,0.0115184135196822,0.1061430867654319,0.1085177930159227,0.1447294559626752,0.016247186498749,-0.3619886448778336,-0.8418743214302653,0.5288346015218262,0.0285833806795671,0.3813594141101855,0.0057370806085557,0.1974165755738812,-0.0009382520448751,-0.2375604779450146,4994.0,2007-05-01,2026-06-30,cesare/outputs/stage3_dynamic_comparison.csv,
Cesare,Stage 3 dynamic carry,G10_rrccy,gross,True,0.0184920886020172,0.1089495256173447,0.1697307858591846,0.2265560259218396,0.0397505264317414,-0.3171936862033258,-0.9835359403097608,0.5286343612334802,0.0292582355480751,0.3969161202621734,,0.2612177408652567,0.0008431061372658,0.1472235584578184,4994.0,2007-05-01,2026-06-30,cesare/outputs/stage3_dynamic_comparison.csv,
Cesare,Stage 3 dynamic carry,G10_rrccy,net,True,0.0126592468347946,0.1089908787663421,0.1161495987378352,0.154733526908286,0.019932514489486,-0.3368868996395048,-0.9812849836546084,0.526231477773328,0.0292856561788132,0.3969161202621734,0.0058328417672226,0.2031478829061246,5.490747098113174e-05,0.0096053760254983,4994.0,2007-05-01,2026-06-30,cesare/outputs/stage3_dynamic_comparison.csv,
Cesare,Stage 3 dynamic carry,G10_static,gross,True,0.0169757535242717,0.0898069498072656,0.1890249425094977,0.25486078613968,0.0411125259521568,-0.3165878816015509,-0.7354032990562325,0.5310372446936323,0.0251515677467661,0.167387203083919,,0.3380295409755172,,,4994.0,2007-05-01,2026-06-30,cesare/outputs/stage3_dynamic_comparison.csv,
Cesare,Stage 3 dynamic carry,G10_static,net,True,0.0144068527389469,0.0898140362122291,0.1604075860136577,0.2160373164531882,0.032566074541203,-0.3198472172641935,-0.7350648064847071,0.5298358029635563,0.0251529084515795,0.167387203083919,0.0025689007853248,0.3028750287366983,,,4994.0,2007-05-01,2026-06-30,cesare/outputs/stage3_dynamic_comparison.csv,
Cesare,Stage 3 dynamic carry,G10_vix,gross,True,0.0118475476062206,0.103530948469966,0.1144348408018068,0.1532701888265529,0.0205746334309877,-0.315621043978373,-0.6708046089799591,0.5310372446936323,0.0274152072162465,0.432806118676436,,0.2052668297762145,-0.0049040422622159,-0.8556749726946938,4994.0,2007-05-01,2026-06-30,cesare/outputs/stage3_dynamic_comparison.csv,
Cesare,Stage 3 dynamic carry,G10_vix,net,True,0.0053820506361202,0.1036078516821699,0.0519463587820581,0.0694141754325539,-1.988372902934264e-06,-0.3485857149799342,-0.6680816341914734,0.5288346015218262,0.0274640399773756,0.432806118676436,0.0064654969701003,0.1376049229977172,-0.0065843776325247,-1.1539076649545166,4994.0,2007-05-01,2026-06-30,cesare/outputs/stage3_dynamic_comparison.csv,
Cesare,Stage 3 dynamic carry,G10_voltgt,gross,True,0.0192632621983656,0.1154323233428168,0.1668792729845405,0.2224685935829694,0.0346221757389771,-0.3653368391903256,-0.9537969963085206,0.5310372446936323,0.0315621036295097,0.3768601250549447,,0.2694027183602794,-0.0005450744604049,-0.0511722341725512,4994.0,2007-05-01,2026-06-30,cesare/outputs/stage3_dynamic_comparison.csv,
Cesare,Stage 3 dynamic carry,G10_voltgt,net,True,0.0137556003794705,0.1154643416917131,0.1191328870708638,0.1585290437047843,0.0185264811374859,-0.3823243407735155,-0.9524992463416856,0.5290348418101722,0.0315835716005142,0.3768601250549447,0.0055076618188951,0.2144780422971999,-0.0030557786290326,-0.2874948271791948,4994.0,2007-05-01,2026-06-30,cesare/outputs/stage3_dynamic_comparison.csv,
Cesare,Stage 4 portfolio construction,ALL_equal,gross,True,0.0509885133587056,0.1120382384075156,0.4550992061589326,0.6243029122770788,0.1539441156112627,-0.2969134402612138,-0.5216885008439918,0.5344931013797241,0.0288816290204041,0.4735168443846933,,0.3462271746391148,-0.0163829615889957,-2.3665091135735357,5001.0,2007-05-01,2026-06-30,cesare/outputs/stage4_weighting_comparison.csv,
Cesare,Stage 4 portfolio construction,ALL_equal,net,True,0.037674101244319,0.112069031326741,0.3361687060047738,0.4589649898353669,0.10100085516448,-0.315597674393085,-0.5181534124440914,0.5296940611877624,0.0288941487141863,0.4735168443846933,0.0132958017140669,0.221877707520292,-0.0122843415057005,-1.7888380306011171,5001.0,2007-05-01,2026-06-30,cesare/outputs/stage4_weighting_comparison.csv,
Cesare,Stage 4 portfolio construction,ALL_erc,gross,True,0.0660618686526117,0.1118339290353452,0.5907140098040621,0.8122315686915758,0.2072686829070661,-0.2972472941289237,-0.5605877992671361,0.5406918616276745,0.0289756259649104,0.6294009829765687,,0.4665319427853113,-0.0029898373037456,-0.6533220197256362,5001.0,2007-05-01,2026-06-30,cesare/outputs/stage4_weighting_comparison.csv,
Cesare,Stage 4 portfolio construction,ALL_erc,net,True,0.0489571252384961,0.1118827631037188,0.4375752249978963,0.5980668393587935,0.1362525907726747,-0.320019596235782,-0.5564099314469668,0.5350929814037193,0.0289756259649104,0.6294009829765687,0.0170808350267556,0.3139424427549616,-0.0022577153643098,-0.4945306527067523,5001.0,2007-05-01,2026-06-30,cesare/outputs/stage4_weighting_comparison.csv,
Cesare,Stage 4 portfolio construction,ALL_inv_vol,gross,True,0.0702900456022201,0.1118480413691583,0.6284423467928719,0.8607033865306162,0.2468089020805478,-0.2678294999211406,-0.65215157306325,0.5440911817636472,0.0291856016420472,0.6841360052850849,,0.4973035206491715,,,5001.0,2007-05-01,2026-06-30,cesare/outputs/stage4_weighting_comparison.csv,
Cesare,Stage 4 portfolio construction,ALL_inv_vol,net,True,0.0521434343364557,0.1119142098626392,0.4659232674783244,0.6341168503826068,0.1600595389477542,-0.2931849420551634,-0.6480046211041329,0.5382923415316937,0.0291987457840746,0.6841360052850849,0.0181212465934679,0.337641519452406,,,5001.0,2007-05-01,2026-06-30,cesare/outputs/stage4_weighting_comparison.csv,
Cesare,Stage 4 portfolio construction,ALL_mvo,gross,True,0.0561062024930633,0.1212619698965836,0.4626858902334559,0.6230812516894463,0.1042274859377557,-0.4788684659728492,-1.1497462504336005,0.5402919416116777,0.0348226003050813,0.6994348264249964,,0.3429117596847092,-0.0108888224004265,-0.8173732498123555,5001.0,2007-05-01,2026-06-30,cesare/outputs/stage4_weighting_comparison.csv,
Cesare,Stage 4 portfolio construction,ALL_mvo,net,True,0.0388612716003463,0.1213332238694314,0.3202854944509307,0.4288966224685336,0.061888537268125,-0.5163175486401432,-1.1501653534779142,0.5358928214357128,0.0348950801199006,0.6994348264249964,0.0172208265564053,0.2028700909452934,-0.0108341538733096,-0.8240017637692939,5001.0,2007-05-01,2026-06-30,cesare/outputs/stage4_weighting_comparison.csv,
Cesare,Stage 4 portfolio construction,FXCTEM8,index,True,0.0127344992590612,0.0900059133460783,0.1414851400940322,0.1957179396333127,0.0271788550092351,-0.3207736475898004,-0.2531540247049113,0.5240951809638073,0.0213868209103041,,,,,,5001.0,2007-05-01,2026-06-30,cesare/outputs/stage4_weighting_comparison.csv,
Cesare,Stage 5 momentum,ALL_blend21,gross,True,0.0392452025873323,0.1086911733912964,0.3610707416511791,0.5049203205098096,0.1005411459689221,-0.3370728439544452,-0.3457033379738041,0.5148970205958808,0.0250443167047695,2.1782118069415426,,0.191740173345261,0.003249771258791,0.1571497596469814,5001.0,2007-05-01,2026-06-30,cesare/outputs/stage5_momentum_comparison.csv,
Cesare,Stage 5 momentum,ALL_blend21,net,True,-0.0021142429322722,0.1095856333724635,-0.0192930666840816,-0.0264948005965661,-0.0138279606458298,-0.5854235076556797,-0.3476802029182093,0.5042991401719656,0.0253536542143106,2.1782118069415426,0.0413016347930396,-0.1206985866037554,-0.0290234062660151,-1.4004869625304917,5001.0,2007-05-01,2026-06-30,cesare/outputs/stage5_momentum_comparison.csv,
Cesare,Stage 5 momentum,ALL_blend252,gross,True,0.0430535310826245,0.1116469903459382,0.3856219585429323,0.5357869234185235,0.1027296151011717,-0.3649858985920233,-0.3627587396948338,0.5244299674267101,0.0274564313477951,1.090691195934003,,0.2151504629919166,0.0040124225005429,0.2013168819149352,4912.0,2007-09-03,2026-06-30,cesare/outputs/stage5_momentum_comparison.csv,
Cesare,Stage 5 momentum,ALL_blend252,net,True,0.0178220733713278,0.1120909077901494,0.1589966012648713,0.2185347551294992,0.0234331883047773,-0.4948573648470956,-0.3698837978679383,0.5173045602605864,0.0276191426827879,1.090691195934003,0.0251955519979446,0.030674848113234,-0.0106539872484123,-0.5363595797131296,4912.0,2007-09-03,2026-06-30,cesare/outputs/stage5_momentum_comparison.csv,
Cesare,Stage 5 momentum,ALL_blend63,gross,True,0.0394846598225405,0.1090278522797898,0.3621520464441882,0.5001412208425117,0.0865708256780575,-0.3938737195357006,-0.3950582327386863,0.533493301339732,0.0256608385002352,1.5058055476146988,,0.1930506031053197,0.0007981634586051,0.0399894103384512,5001.0,2007-05-01,2026-06-30,cesare/outputs/stage5_momentum_comparison.csv,
Cesare,Stage 5 momentum,ALL_blend63,net,True,0.007606701256048,0.1097166921182712,0.0693303918409087,0.0944194165593518,0.0028181007727826,-0.5600699011361421,-0.4093902898213806,0.5252949410117976,0.0259660715285856,1.5058055476146988,0.0318334007170584,-0.0460210708256786,-0.0212137614653733,-1.057566108648955,5001.0,2007-05-01,2026-06-30,cesare/outputs/stage5_momentum_comparison.csv,
Cesare,Stage 5 momentum,ALL_carry,gross,True,0.0702900456022201,0.1118480413691583,0.6284423467928719,0.8607033865306162,0.2468089020805478,-0.2678294999211406,-0.65215157306325,0.5440911817636472,0.0291856016420472,0.6841360052850849,,0.4973035206491715,,,5001.0,2007-05-01,2026-06-30,cesare/outputs/stage5_momentum_comparison.csv,
Cesare,Stage 5 momentum,ALL_carry,net,True,0.0521434343364557,0.1119142098626392,0.4659232674783244,0.6341168503826068,0.1600595389477542,-0.2931849420551634,-0.6480046211041329,0.5382923415316937,0.0291987457840746,0.6841360052850849,0.0181212465934679,0.337641519452406,,,5001.0,2007-05-01,2026-06-30,cesare/outputs/stage5_momentum_comparison.csv,
Cesare,Stage 5 momentum,ALL_filter21,gross,True,0.0612861394549909,0.1183823288706504,0.517696686994178,0.7046064360217055,0.2313665659383209,-0.2409077589157231,-0.9481749996358,0.526494701059788,0.0331749724037687,1.3647560880139888,,0.3575905897115599,0.0150989664186349,0.7103200649418002,5001.0,2007-05-01,2026-06-30,cesare/outputs/stage5_momentum_comparison.csv,
Cesare,Stage 5 momentum,ALL_filter21,net,True,0.0337987718884268,0.1187432768131464,0.2846373520718343,0.3837879583930967,0.0725203844648791,-0.3733213402256752,-0.943561042687489,0.5198960207958409,0.0333442845958587,1.3647560880139888,0.0274489467253169,0.1497608151346597,-0.0005567897222732,-0.0263675972366182,5001.0,2007-05-01,2026-06-30,cesare/outputs/stage5_momentum_comparison.csv,
Cesare,Stage 5 momentum,ALL_filter252,gross,True,0.0461126961428238,0.1193561394014984,0.3863454060599828,0.5133699775428603,0.1033549001108309,-0.3842735794167641,-1.091520700877485,0.5390921815636872,0.03381707429029,0.7635830813870027,,0.2497761450666321,-0.0054863134880189,-0.2933111325353019,5001.0,2007-05-01,2026-06-30,cesare/outputs/stage5_momentum_comparison.csv,
Cesare,Stage 5 momentum,ALL_filter252,net,True,0.0288974213876067,0.1195764295986369,0.2416648622525537,0.3192917857231062,0.0497845694665433,-0.4408081005247162,-1.0863602703625217,0.5348930213957208,0.03381707429029,0.7635830813870027,0.0174109663964108,0.1164156527536209,-0.0094466133834265,-0.507540784270661,5001.0,2007-05-01,2026-06-30,cesare/outputs/stage5_momentum_comparison.csv,
Cesare,Stage 5 momentum,ALL_filter63,gross,True,0.064677555674683,0.1162206192560399,0.5565067204830076,0.7654522560324392,0.1489514788448328,-0.4001675599840448,-0.6632839156896722,0.5374925014997001,0.0297357613715408,0.9943519020637074,,0.4158834978550516,0.0125800922506216,0.6753949662661659,5001.0,2007-05-01,2026-06-30,cesare/outputs/stage5_momentum_comparison.csv,
Cesare,Stage 5 momentum,ALL_filter63,net,True,0.0433805722164249,0.1163321809129764,0.3729025956186301,0.5091282110939401,0.0736664514061222,-0.5059016145097538,-0.6577338116054289,0.5306938612277544,0.0297357613715408,0.9943519020637074,0.021267215310453,0.2416634962806542,0.0047164699353702,0.2538875018912275,5001.0,2007-05-01,2026-06-30,cesare/outputs/stage5_momentum_comparison.csv,
Cesare,Stage 5 momentum,ALL_mom21,gross,True,0.0096858190464368,0.1113249406439987,0.0870049333995216,0.1242619097884395,0.00634610348111,-0.5514566675008575,0.1259143893477451,0.5042991401719656,0.0228670549809459,2.4233427332846604,,-0.0288808821080129,0.0103635505847321,0.4295367836655517,5001.0,2007-05-01,2026-06-30,cesare/outputs/stage5_momentum_comparison.csv,
Cesare,Stage 5 momentum,ALL_mom21,net,True,-0.0367051834182373,0.1123196992200186,-0.3267920380229737,-0.4556905671590798,-0.0578493319525391,-0.7277957691416218,0.0907577471342579,0.4953009398120376,0.0233552961631591,2.4233427332846604,0.0463261588110693,-0.3379341718826453,-0.0364415691373807,-1.5060363445704916,5001.0,2007-05-01,2026-06-30,cesare/outputs/stage5_momentum_comparison.csv,
Cesare,Stage 5 momentum,ALL_mom252,gross,True,0.0225743816330547,0.1100535536492812,0.2051217873890269,0.2902617341038832,0.0374640809514283,-0.4445666984187477,-0.024598043120478,0.5093648208469055,0.0244917760547995,1.0687542193413997,,0.0587906662611376,0.013840630714882,0.5586085555780224,4912.0,2007-09-03,2026-06-30,cesare/outputs/stage5_momentum_comparison.csv,
Cesare,Stage 5 momentum,ALL_mom252,net,True,-0.0021587896447436,0.1105416822074232,-0.019529191175984,-0.027324101556882,-0.0157806589938064,-0.521850848553122,-0.0297296811839244,0.5030537459283387,0.0245773724528902,1.0687542193413997,0.0246979746526825,-0.1036624549711678,-0.0086879988247652,-0.3511595154424569,4912.0,2007-09-03,2026-06-30,cesare/outputs/stage5_momentum_comparison.csv,
Cesare,Stage 5 momentum,ALL_mom63,gross,True,0.0043602843124214,0.1118043283255417,0.0389992442844037,0.0543276974821871,-0.0042144332485351,-0.4486594840994133,-0.1083319659754071,0.5142971405718856,0.0248202484978523,1.7149321585429549,,-0.0641253276728778,-0.0002271110739753,-0.0094263425326518,5001.0,2007-05-01,2026-06-30,cesare/outputs/stage5_momentum_comparison.csv,
Cesare,Stage 5 momentum,ALL_mom63,net,True,-0.0302125579043709,0.1122707454335928,-0.2691044562649796,-0.3692416563057144,-0.0552992685562667,-0.6485181885913395,-0.1140445696702494,0.5068986202759448,0.0250061163891,1.7149321585429549,0.0345245175571443,-0.2923540684993548,-0.0337963706481396,-1.4048088697062118,5001.0,2007-05-01,2026-06-30,cesare/outputs/stage5_momentum_comparison.csv,
Cesare,Stage 5 momentum,DBHVG10U,index,True,-0.0092653442320932,0.0902995744063021,-0.1026067320140831,-0.1365026396910184,-0.033949798813797,-0.3909358026413869,-1.1364026696250746,0.3375324935012997,0.0275856698740725,,,,,,5001.0,2007-05-01,2026-06-30,cesare/outputs/stage5_momentum_comparison.csv,
Cesare,Stage 5 momentum,FXCTEM8,index,True,0.0127344992590612,0.0900059133460783,0.1414851400940322,0.1957179396333127,0.0271788550092351,-0.3207736475898004,-0.2531540247049113,0.5240951809638073,0.0213868209103041,,,,,,5001.0,2007-05-01,2026-06-30,cesare/outputs/stage5_momentum_comparison.csv,
Cesare,Stage 5 momentum,G10_blend21,gross,True,0.0043965419552517,0.1124539884245353,0.0390963630267515,0.0520635997541452,-0.0063562738199197,-0.309377174455031,-1.3361072231592088,0.5238285943131759,0.0284833144835368,1.6202960392889434,,0.1030814469968878,-0.007936389912536,-0.4425716486840043,4994.0,2007-05-01,2026-06-30,cesare/outputs/stage5_momentum_comparison.csv,
Cesare,Stage 5 momentum,G10_blend21,net,True,-0.0168540862083598,0.1128974463024187,-0.1492866912437752,-0.197244359039771,-0.046458061441785,-0.4951180413743646,-1.3297373395362424,0.5172206647977573,0.0287796288053575,1.6202960392889434,0.0212675940548982,-0.0762659242780827,-0.0256836612533791,-1.4302529949211518,4994.0,2007-05-01,2026-06-30,cesare/outputs/stage5_momentum_comparison.csv,
Cesare,Stage 5 momentum,G10_blend252,gross,True,0.0312952994313662,0.1088021695523719,0.2876348841215179,0.3984001266834471,0.128278242556332,-0.2003091769215931,-0.1837485068301153,0.5292558613659532,0.025629416925604,0.6655936871257666,,0.3241314199312176,0.0191209155182301,1.0887356773348302,4905.0,2007-09-03,2026-06-30,cesare/outputs/stage5_momentum_comparison.csv,
Cesare,Stage 5 momentum,G10_blend252,net,True,0.022829579931689,0.1088712244415984,0.209693424950277,0.2895100929207435,0.0777905336227455,-0.21907068048357,-0.1821059421173807,0.5257900101936799,0.0256388996136096,0.6655936871257666,0.0084579334334986,0.2530306372253165,0.0140585356504064,0.8035839572903611,4905.0,2007-09-03,2026-06-30,cesare/outputs/stage5_momentum_comparison.csv,
Cesare,Stage 5 momentum,G10_blend63,gross,True,-0.0005044086823208,0.1121345785691933,-0.0044982438847767,-0.0060435061602491,-0.0114984893070663,-0.5905817475612402,-0.7442479808829996,0.5164197036443733,0.0281195799656171,1.1282724491631009,,0.059962406249873,-0.0130137927350755,-0.7311423884574745,4994.0,2007-05-01,2026-06-30,cesare/outputs/stage5_momentum_comparison.csv,
Cesare,Stage 5 momentum,G10_blend63,net,True,-0.0158905792376072,0.1122857477087917,-0.1415191113908667,-0.1890206644023254,-0.033356745588059,-0.6587408730225393,-0.7445477548914801,0.513015618742491,0.0283178606437969,1.1282724491631009,0.0153826383120133,-0.0664521509698604,-0.0248277698843506,-1.393115001349714,4994.0,2007-05-01,2026-06-30,cesare/outputs/stage5_momentum_comparison.csv,
Cesare,Stage 5 momentum,G10_carry,gross,True,0.0192632621983656,0.1154323233428168,0.1668792729845405,0.2224685935829694,0.0346221757389771,-0.3653368391903256,-0.9537969963085206,0.5310372446936323,0.0315621036295097,0.3818090178884037,,0.2694027183602794,,,4994.0,2007-05-01,2026-06-30,cesare/outputs/stage5_momentum_comparison.csv,
Cesare,Stage 5 momentum,G10_carry,net,True,0.0137556003794705,0.1154643416917131,0.1191328870708638,0.1585290437047843,0.0185264811374859,-0.3823243407735155,-0.9524992463416856,0.5290348418101722,0.0315835716005142,0.3818090178884037,0.0055215958118702,0.2144780422971999,,,4994.0,2007-05-01,2026-06-30,cesare/outputs/stage5_momentum_comparison.csv,
Cesare,Stage 5 momentum,G10_filter21,gross,True,0.0013053121441773,0.111069029548327,0.0117522602789055,0.0161088592511458,-0.0111352364032524,-0.4367154012990236,-0.4185698928274219,0.500200240288346,0.0265321889875884,1.0895278164390547,,0.0729015160251443,-0.0082778516469179,-0.3784547336436486,4994.0,2007-05-01,2026-06-30,cesare/outputs/stage5_momentum_comparison.csv,
Cesare,Stage 5 momentum,G10_filter21,net,True,-0.0118810772344657,0.1112258809346197,-0.1068193583600355,-0.1456850881992957,-0.0343152438051212,-0.5221311098421808,-0.415812354047865,0.4955947136563877,0.0266122916014045,1.0895278164390547,0.0132139683517961,-0.032670264444617,-0.0187299967766712,-0.8563143186160364,4994.0,2007-05-01,2026-06-30,cesare/outputs/stage5_momentum_comparison.csv,
Cesare,Stage 5 momentum,G10_filter252,gross,True,0.0055145073695588,0.1139337432919842,0.048401002286272,0.0640262006514418,-0.0023457096818927,-0.4309228186850559,-1.1123127937503827,0.526231477773328,0.0293873159758359,0.5353980295932634,,0.1063224775007547,-0.0054876485416901,-0.256173362433067,4994.0,2007-05-01,2026-06-30,cesare/outputs/stage5_momentum_comparison.csv,
Cesare,Stage 5 momentum,G10_filter252,net,True,-0.0004889028923328,0.1139876653341831,-0.0042890859366188,-0.0056619026185427,-0.0158687143362221,-0.440903066064144,-1.111328197170585,0.5234281137364838,0.029469752570451,0.5353980295932634,0.0060099364093917,0.058341020542966,-0.00834845260305,-0.3900855209132479,4994.0,2007-05-01,2026-06-30,cesare/outputs/stage5_momentum_comparison.csv,
Cesare,Stage 5 momentum,G10_filter63,gross,True,-0.0072847580962755,0.1092328846981924,-0.0666901557750042,-0.0900091147583211,-0.0232371797792001,-0.5671497661939024,-0.5698222484407791,0.5088105726872246,0.0258292428134478,0.7914910655205883,,0.0041935240502624,-0.0176818798925476,-0.873162125530531,4994.0,2007-05-01,2026-06-30,cesare/outputs/stage5_momentum_comparison.csv,
Cesare,Stage 5 momentum,G10_filter63,net,True,-0.0172477878528802,0.1093545250361428,-0.1577235861724024,-0.2120635193755862,-0.0368606479338868,-0.6233157879739804,-0.5687562025126978,0.5064076892270725,0.0259531208517308,0.7914910655205883,0.0100984977010021,-0.0773349102432739,-0.0246826932012784,-1.2175802021941484,4994.0,2007-05-01,2026-06-30,cesare/outputs/stage5_momentum_comparison.csv,
Cesare,Stage 5 momentum,G10_mom21,gross,True,0.0098810340934613,0.1108118456102226,0.0891694749694686,0.127325579483155,0.0091492475523654,-0.4102320735252059,0.1547730040323002,0.5058069683620344,0.0236151830693501,2.2066107778199076,,0.1189436261732997,0.0107208061134414,0.4429223223001771,4994.0,2007-05-01,2026-06-30,cesare/outputs/stage5_momentum_comparison.csv,
Cesare,Stage 5 momentum,G10_mom21,net,True,-0.0178826286319273,0.1115153037654055,-0.1603603095548837,-0.2258671014378708,-0.0411161947504013,-0.5790865739465019,0.1349341530585998,0.4981978374048859,0.0238625089518919,2.2066107778199076,0.0277402852120215,-0.0676086079224515,-0.0173069490764297,-0.7099765085199643,4994.0,2007-05-01,2026-06-30,cesare/outputs/stage5_momentum_comparison.csv,
Cesare,Stage 5 momentum,G10_mom252,gross,True,-0.0031355343834379,0.1135266841733363,-0.0276193602083061,-0.0386971529439435,-0.0257699159135255,-0.3698420038752644,0.140465463679603,0.5131498470948013,0.0266184763567272,0.8667352907412174,,0.0284957042234551,-0.0039390751926112,-0.1558477935740964,4905.0,2007-09-03,2026-06-30,cesare/outputs/stage5_momentum_comparison.csv,
Cesare,Stage 5 momentum,G10_mom252,net,True,-0.0145387060807794,0.1137181985982002,-0.1278485436807607,-0.1782683267999407,-0.044216611850529,-0.4700362500211056,0.1396507045676169,0.5100917431192661,0.0266300729018523,0.8667352907412174,0.0114252119561285,-0.0477699299076622,-0.0151313936755411,-0.6003632307030705,4905.0,2007-09-03,2026-06-30,cesare/outputs/stage5_momentum_comparison.csv,
Cesare,Stage 5 momentum,G10_mom63,gross,True,-0.0213985641048538,0.1187122892192506,-0.1802556773657419,-0.262258722366883,-0.046828375871134,-0.5979879452998654,1.3812368472620125,0.500600720865038,0.0261999584226494,1.4758014207026369,,-0.0879583450107819,-0.0200815114002693,-0.757334721313774,4994.0,2007-05-01,2026-06-30,cesare/outputs/stage5_momentum_comparison.csv,
Cesare,Stage 5 momentum,G10_mom63,net,True,-0.0406259225752759,0.1189634686809158,-0.3414991427682977,-0.4926992718213885,-0.0654921357101327,-0.7106978257670462,1.3679881534627376,0.4947937525030036,0.0264149260526505,1.4758014207026369,0.0192492266907257,-0.2120012350849633,-0.0397057245376603,-1.5010494113325668,4994.0,2007-05-01,2026-06-30,cesare/outputs/stage5_momentum_comparison.csv,
Cesare,Stage 6 regimes,ALL_reg_half,gross,True,0.0696772546289046,0.1094301591773084,0.6367280752649491,0.8748367809867816,0.2381249568256795,-0.276062978327622,-0.6024629019665619,0.5440911817636472,0.0281022261738237,0.6879208320558202,,0.4928908153391707,0.0013916244601347,0.504525529014143,5001.0,2007-05-01,2026-06-30,cesare/outputs/stage6_regime_stats.csv,
Cesare,Stage 6 regimes,ALL_reg_half,net,True,0.0514356466235624,0.1094968484059256,0.4697454526990652,0.6411646566380892,0.1539855172940152,-0.3017756079146205,-0.599004762638815,0.5382923415316937,0.0281271806888614,0.6879208320558202,0.0182416080053421,0.3320531513821879,0.0007785874129275,0.2898695510489564,5001.0,2007-05-01,2026-06-30,cesare/outputs/stage6_regime_stats.csv,
Cesare,Stage 6 regimes,ALL_reg_mod,gross,True,0.0659073623429034,0.1006074284067382,0.655094393988996,0.9001333022305872,0.2715149293922107,-0.2309790740758253,-0.6733575227147288,0.5156968606278745,0.0263975840236609,0.6793457196397524,,0.4714489218194036,0.0059017197747662,0.8290094925931196,5001.0,2007-05-01,2026-06-30,cesare/outputs/stage6_regime_stats.csv,
Cesare,Stage 6 regimes,ALL_reg_mod,net,True,0.0486280217638009,0.1006690433404997,0.483048414390142,0.6590644348514987,0.1740600834766626,-0.2556926411711918,-0.6732458266670646,0.5100979804039192,0.0264340944981845,0.6793457196397524,0.0172793405791025,0.3152719094566957,0.004110317543819,0.5885709416111761,5001.0,2007-05-01,2026-06-30,cesare/outputs/stage6_regime_stats.csv,
Cesare,Stage 6 regimes,ALL_reg_off,gross,True,0.0690644636555891,0.108613268841901,0.635875012252143,0.8746627047812134,0.2292574395158783,-0.2843092256001952,-0.6004907721921308,0.5156968606278745,0.0280652159281051,0.7032019308380915,,0.4817405991450486,0.0027832489202693,0.504525529014106,5001.0,2007-05-01,2026-06-30,cesare/outputs/stage6_regime_stats.csv,
Cesare,Stage 6 regimes,ALL_reg_off,net,True,0.0506437356466464,0.1086841393985857,0.4659717225244498,0.6366747483975453,0.1473393875756062,-0.3103984637669839,-0.5969865361442452,0.5102979404119176,0.0280911603174184,0.7032019308380915,0.0184207280089427,0.3211947086850875,0.0014759867103621,0.2744370629684465,5001.0,2007-05-01,2026-06-30,cesare/outputs/stage6_regime_stats.csv,
Cesare,Stage 6 regimes,ALL_rrccy,gross,True,0.0667090971550263,0.1064672293374764,0.6265692980848965,0.8630258882772465,0.2519816585177722,-0.2497033759850798,-0.6065767284655427,0.5396920615876825,0.0271391397123995,0.6941023598665144,,0.4549264374991822,0.0008796477826037,0.1769998517777249,5001.0,2007-05-01,2026-06-30,cesare/outputs/stage6_regime_stats.csv,
Cesare,Stage 6 regimes,ALL_rrccy,net,True,0.0486507736851967,0.1065318402938811,0.4566782433400904,0.6247998184336002,0.1589046993549087,-0.2762329318436765,-0.6037066453250508,0.5326934613077384,0.027175650186923,0.6941023598665144,0.0180583234698295,0.2996948873805199,-0.000184354758491,-0.0375977840170291,5001.0,2007-05-01,2026-06-30,cesare/outputs/stage6_regime_stats.csv,
Cesare,Stage 6 regimes,ALL_static,gross,True,0.0450538132123281,0.0757740544471399,0.5945810019148136,0.8177971421527371,0.2407273852160765,-0.1789396083443504,-0.7062110164135879,0.5440911817636472,0.0195588822363904,0.3505007718028914,,0.3463794131319759,,,5001.0,2007-05-01,2026-06-30,cesare/outputs/stage6_regime_stats.csv,
Cesare,Stage 6 regimes,ALL_static,net,True,0.0344973458771626,0.0757877061365241,0.4551839293700102,0.6227430097029247,0.1761960589704508,-0.1823129321662265,-0.7025869795038238,0.5384923015396921,0.0195588822363904,0.3505007718028914,0.0105564673351654,0.2291771498109682,,,5001.0,2007-05-01,2026-06-30,cesare/outputs/stage6_regime_stats.csv,
Cesare,Stage 6 regimes,ALL_vix,gross,True,0.0637999370660018,0.1032964404457,0.6176392602757661,0.8453000305683451,0.2598912504301519,-0.2315799488052529,-0.6776540423292727,0.5440911817636472,0.02702060654081,0.7183237586804417,,0.4547152863508729,0.0004043099278237,0.0752451587224551,5001.0,2007-05-01,2026-06-30,cesare/outputs/stage6_regime_stats.csv,
Cesare,Stage 6 regimes,ALL_vix,net,True,0.0456081948906947,0.1033645995670415,0.4412361203132566,0.5996778136346651,0.1647246501762166,-0.2493212406786534,-0.6752552194574466,0.5372925414917017,0.0270571170153335,0.7183237586804417,0.0181917421753071,0.2893197924949762,-0.0014224555289198,-0.268543644272017,5001.0,2007-05-01,2026-06-30,cesare/outputs/stage6_regime_stats.csv,
Cesare,Stage 6 regimes,ALL_voltgt,gross,True,0.0702900456022201,0.1118480413691583,0.6284423467928719,0.8607033865306162,0.2468089020805478,-0.2678294999211406,-0.65215157306325,0.5440911817636472,0.0291856016420472,0.6754702284294828,,0.4973035206491715,0.0083742310790745,0.8824748435012819,5001.0,2007-05-01,2026-06-30,cesare/outputs/stage6_regime_stats.csv,
Cesare,Stage 6 regimes,ALL_voltgt,net,True,0.0521434343364557,0.1119142098626392,0.4659232674783244,0.6341168503826068,0.1600595389477542,-0.2931849420551634,-0.6480046211041329,0.5382923415316937,0.0291987457840746,0.6754702284294828,0.0181466112657643,0.337641519452406,0.004705770206939,0.5051649891795471,5001.0,2007-05-01,2026-06-30,cesare/outputs/stage6_regime_stats.csv,
Cesare,Stage 6 regimes,FXCTEM8,index,True,0.0127344992590612,0.0900059133460783,0.1414851400940322,0.1957179396333127,0.0271788550092351,-0.3207736475898004,-0.2531540247049113,0.5240951809638073,0.0213868209103041,,,,,,5001.0,2007-05-01,2026-06-30,cesare/outputs/stage6_regime_stats.csv,
Dafu,P4-C combined ladder,[add] + VIX percentile gate (p80 / 756d),gross,True,,,0.6848825658534361,,,,,,,0.7056276062931829,0.0178859127888445,,0.0008272130227128,0.1782462865201896,5001.0,,,cesare/outputs/p4_combined_ladder.csv,improve MaxDD or CVaR99 in >=4 of 6 pre-2026 stress windows AND cost <0.05 net Sharpe AND survive LOO
Dafu,P4-C combined ladder,[add] + VIX percentile gate (p80 / 756d),net,True,0.0533526145358842,0.1040721820880327,0.5126500998197031,,0.2034848491272915,-0.2412221315590477,-0.6554058253610632,,0.0275225756248719,0.7056276062931829,0.0178859127888445,,0.0008272130227128,0.1782462865201896,5001.0,,,cesare/outputs/p4_combined_ladder.csv,improve MaxDD or CVaR99 in >=4 of 6 pre-2026 stress windows AND cost <0.05 net Sharpe AND survive LOO
Dafu,P4-C combined ladder,[final] + VIX percentile gate (p80 / 756d),gross,True,,,0.6848825658534361,,,,,,,0.7056276062931829,0.0178859127888445,,0.0008272130227128,0.1782462865201896,5001.0,,,cesare/outputs/p4_combined_ladder.csv,improve MaxDD or CVaR99 in >=4 of 6 pre-2026 stress windows AND cost <0.05 net Sharpe AND survive LOO
Dafu,P4-C combined ladder,[final] + VIX percentile gate (p80 / 756d),net,True,0.0533526145358842,0.1040721820880327,0.5126500998197031,,0.2034848491272915,-0.2412221315590477,-0.6554058253610632,,0.0275225756248719,0.7056276062931829,0.0178859127888445,,0.0008272130227128,0.1782462865201896,5001.0,,,cesare/outputs/p4_combined_ladder.csv,improve MaxDD or CVaR99 in >=4 of 6 pre-2026 stress windows AND cost <0.05 net Sharpe AND survive LOO
Dafu,P4-C combined ladder,[final_loo] - VIX percentile gate (p80 / 756d),gross,True,,,0.6331085381008239,,,,,,,0.5901696073491446,0.0126946064707768,,-0.0027869504629249,-0.6245388982111731,5001.0,,,cesare/outputs/p4_combined_ladder.csv,improve MaxDD or CVaR99 in >=4 of 6 pre-2026 stress windows AND cost <0.05 net Sharpe AND survive LOO
Dafu,P4-C combined ladder,[final_loo] - VIX percentile gate (p80 / 756d),net,True,0.043284477835549,0.088502591796599,0.4890758220395121,,0.2105634306802365,-0.1906649354055888,-0.2790906090283671,,0.0200249489868754,0.5901696073491446,0.0126946064707768,,-0.0027869504629249,-0.6245388982111731,5001.0,,,cesare/outputs/p4_combined_ladder.csv,improve MaxDD or CVaR99 in >=4 of 6 pre-2026 stress windows AND cost <0.05 net Sharpe AND survive LOO
Dafu,P4-C combined ladder,[loo] - VIX percentile gate (p80 / 756d),gross,True,,,0.3204100100012552,,,,,,,0.7456715094478691,0.0122586237113165,,-0.0036739620755259,-1.4747415547975844,5001.0,,,cesare/outputs/p4_combined_ladder.csv,improve MaxDD or CVaR99 in >=4 of 6 pre-2026 stress windows AND cost <0.05 net Sharpe AND survive LOO
Dafu,P4-C combined ladder,[loo] - VIX percentile gate (p80 / 756d),net,True,0.0101481577999664,0.0699631076737517,0.1450501290950195,,0.0283075062860144,-0.2730207331000617,-0.3042807905532175,,0.0172452619010123,0.7456715094478691,0.0122586237113165,,-0.0036739620755259,-1.4747415547975844,5001.0,,,cesare/outputs/p4_combined_ladder.csv,improve MaxDD or CVaR99 in >=4 of 6 pre-2026 stress windows AND cost <0.05 net Sharpe AND survive LOO
Dafu,P4-C components,VIX percentile gate (p80 / 756d),gross,True,,,0.635261773616656,,,,,,,0.7056276062931829,0.0178838301701625,,0.0008116332273142,0.176181396408377,5001.0,,,cesare/outputs/p4_component_standalone.csv,"exact: dafu/regime_lab.py defines it as one fx.exposure_scalar call on shared data/raw, so no file is needed; reproduces his committed headline to 5dp"
Dafu,P4-C components,VIX percentile gate (p80 / 756d),net,True,0.0491022275821988,0.1055343000254116,0.4652726892619321,,0.1815023467397333,-0.2450297526541048,-0.7314142927996281,,0.0283210202444716,0.7056276062931829,0.0178838301701625,,0.0008116332273142,0.176181396408377,5001.0,,,cesare/outputs/p4_component_standalone.csv,"exact: dafu/regime_lab.py defines it as one fx.exposure_scalar call on shared data/raw, so no file is needed; reproduces his committed headline to 5dp"
Dafu,Regime switching / VIX gate,Logit,gross,True,,,0.5481736297421014,,,,,,,,,,,,,,,dafu/outputs/headline.csv,headline.csv publishes gross Sharpe only
Dafu,Regime switching / VIX gate,Logit,net,True,0.0312541259614893,0.0807037641075528,0.3872697427078787,,0.1203287016108634,-0.2358782069085809,-0.816094908454765,,,0.4875643602943223,0.0129877538383942,,,,,,,dafu/outputs/headline.csv,
Dafu,Regime switching / VIX gate,MS-book,gross,True,,,0.4842563580702905,,,,,,,,,,,,,,,dafu/outputs/headline.csv,headline.csv publishes gross Sharpe only
Dafu,Regime switching / VIX gate,MS-book,net,True,0.0307821284249508,0.1018674565827689,0.302178236873322,,0.0731661343966883,-0.3540615436016167,-0.7948339933284365,,,0.7488291903296173,0.0185102163645424,,,,,,,dafu/outputs/headline.csv,
Dafu,Regime switching / VIX gate,MS-equity,gross,True,,,0.4325212884614353,,,,,,,,,,,,,,,dafu/outputs/headline.csv,headline.csv publishes gross Sharpe only
Dafu,Regime switching / VIX gate,MS-equity,net,True,0.0243163836229598,0.0902259562333133,0.2695054132768692,,0.0818665620448646,-0.2496611829507107,-0.8359233113599523,,,0.6042371300874452,0.01468331814488,,,,,,,dafu/outputs/headline.csv,
Dafu,Regime switching / VIX gate,MS-fxvol,gross,True,,,0.6278842539235145,,,,,,,,,,,,,,,dafu/outputs/headline.csv,headline.csv publishes gross Sharpe only
Dafu,Regime switching / VIX gate,MS-fxvol,net,True,0.0515641066105885,0.1113870645043662,0.4629272424049495,,0.15894606230496,-0.2918129677373789,-0.6522004894350685,,,0.6826132316427378,0.0183273268316152,,,,,,,dafu/outputs/headline.csv,
Dafu,Regime switching / VIX gate,VIX-rule (incumbent),gross,True,,,0.635261773616654,,,,,,,,,,,,,,,dafu/outputs/headline.csv,headline.csv publishes gross Sharpe only
Dafu,Regime switching / VIX gate,VIX-rule (incumbent),net,True,0.0491022275821985,0.1055343000254113,0.465272689261931,,0.1815023467397319,-0.2450297526541043,-0.7314142927996268,,,0.7056276062931802,0.0178838301701624,,,,,,,dafu/outputs/headline.csv,
Dafu,Regime switching / VIX gate,Vol-rank,gross,True,,,0.4791251983027981,,,,,,,,,,,,,,,dafu/outputs/headline.csv,headline.csv publishes gross Sharpe only
Dafu,Regime switching / VIX gate,Vol-rank,net,True,0.0257322998945514,0.0826100839304789,0.3114910271269859,,0.0794915289047899,-0.2838243279639694,-0.7402024192280707,,,0.5521582065736065,0.0138153070630494,,,,,,,dafu/outputs/headline.csv,
Dafu,Regime switching / VIX gate,baseline,gross,True,,,0.6284423467928696,,,,,,,,,,,,,,,dafu/outputs/headline.csv,headline.csv publishes gross Sharpe only
Dafu,Regime switching / VIX gate,baseline,net,True,0.0521434343364554,0.1119142098626389,0.4659232674783226,,0.160059538947754,-0.2931849420551637,-0.6480046211041316,,,0.6754702284294801,0.0181466112657642,,,,,,,dafu/outputs/headline.csv,
Oleg,Macro event studies,(no committed output),n/a,False,,,,,,,,,,,,,,,,,,oleg/,no outputs committed; must consume the same frozen windows as everyone else (§19.2)
Theo,FX options / skew filter,(no committed CSV),n/a,False,,,,,,,,,,,,,,,,,,theo/data/processed/*.parquet,"results are parquet-only; spec his test as marginal over per-currency RR (0.457), not versus the raw baseline (§19.1)"
Theo,P4-C combined ladder,[add] + Bad-skew exclusion (XS top quintile),gross,True,,,0.368121834816022,,,,,,,0.7012473904652621,0.0113411226748598,,0.0061033462018307,0.6033247981294021,5001.0,,,cesare/outputs/p4_combined_ladder.csv,improve MaxDD or CVaR99 in >=4 of 6 pre-2026 stress windows AND cost <0.05 net Sharpe AND survive LOO
Theo,P4-C combined ladder,[add] + Bad-skew exclusion (XS top quintile),net,True,0.0135042923628111,0.0675443691330333,0.1999321710476494,,0.0431713415044108,-0.2613915766929124,-0.2912040672086096,,0.0168586979967904,0.7012473904652621,0.0113411226748598,,0.0061033462018307,0.6033247981294021,5001.0,,,cesare/outputs/p4_combined_ladder.csv,improve MaxDD or CVaR99 in >=4 of 6 pre-2026 stress windows AND cost <0.05 net Sharpe AND survive LOO
Theo,P4-C combined ladder,[final] + Bad-skew exclusion (XS top quintile),gross,True,,,0.6808072460140009,,,,,,,0.6051437773003898,0.0122981997624704,,0.0139829930197194,1.0998038101697931,5001.0,,,cesare/outputs/p4_combined_ladder.csv,improve MaxDD or CVaR99 in >=4 of 6 pre-2026 stress windows AND cost <0.05 net Sharpe AND survive LOO
Theo,P4-C combined ladder,[final] + Bad-skew exclusion (XS top quintile),net,True,0.0443031431857793,0.0832350579081862,0.5322654215564873,,0.2185970586611993,-0.1906649354055872,-0.2612912396457347,,0.0189418033719856,0.6051437773003898,0.0122981997624704,,0.0139829930197194,1.0998038101697931,5001.0,,,cesare/outputs/p4_combined_ladder.csv,improve MaxDD or CVaR99 in >=4 of 6 pre-2026 stress windows AND cost <0.05 net Sharpe AND survive LOO
Theo,P4-C combined ladder,[final_loo] - Bad-skew exclusion (XS top quintile),gross,True,,,0.6848825658534361,,,,,,,0.7056276062931829,0.0178859127888445,,0.0139915414948686,0.8665713067934229,5001.0,,,cesare/outputs/p4_combined_ladder.csv,improve MaxDD or CVaR99 in >=4 of 6 pre-2026 stress windows AND cost <0.05 net Sharpe AND survive LOO
Theo,P4-C combined ladder,[final_loo] - Bad-skew exclusion (XS top quintile),net,True,0.0533526145358842,0.1040721820880327,0.5126500998197031,,0.2034848491272915,-0.2412221315590477,-0.6554058253610632,,0.0275225756248719,0.7056276062931829,0.0178859127888445,,0.0139915414948686,0.8665713067934229,5001.0,,,cesare/outputs/p4_combined_ladder.csv,improve MaxDD or CVaR99 in >=4 of 6 pre-2026 stress windows AND cost <0.05 net Sharpe AND survive LOO
Theo,P4-C combined ladder,[loo] - Bad-skew exclusion (XS top quintile),gross,True,,,0.3575771278624345,,,,,,,0.8867397983464222,0.0173173315920279,,0.0006281172439809,0.0487836938296332,5001.0,,,cesare/outputs/p4_combined_ladder.csv,improve MaxDD or CVaR99 in >=4 of 6 pre-2026 stress windows AND cost <0.05 net Sharpe AND survive LOO
Theo,P4-C combined ladder,[loo] - Bad-skew exclusion (XS top quintile),net,True,0.0127923245446485,0.0842803348273474,0.1517830294677191,,0.0268817122891648,-0.3450048522867219,-0.740264013922815,,0.0242375276515885,0.8867397983464222,0.0173173315920279,,0.0006281172439809,0.0487836938296332,5001.0,,,cesare/outputs/p4_combined_ladder.csv,improve MaxDD or CVaR99 in >=4 of 6 pre-2026 stress windows AND cost <0.05 net Sharpe AND survive LOO
Theo,P4-C components,Bad-skew exclusion (XS top quintile),gross,True,,,0.5784728194881685,,,,,,,0.5901696073491446,0.0126925238520948,,0.0079035987026229,0.6268064370790342,5001.0,,,cesare/outputs/p4_component_standalone.csv,"re-priced, not rebuilt: his committed bad_skew25_1m panel with his cross-sectional p80 rule, applied as a post-sizing trim rather than a pre-sort exclusion. NOTE his signal is bit-identical to fx.vol_surface_panel('RR')"
Theo,P4-C components,Bad-skew exclusion (XS top quintile),net,True,0.0390340908818636,0.0895271849304716,0.4360026612271818,,0.1617777034964662,-0.2203084803273401,-0.3050862021750769,,0.0206331527310465,0.5901696073491446,0.0126925238520948,,0.0079035987026229,0.6268064370790342,5001.0,,,cesare/outputs/p4_component_standalone.csv,"re-priced, not rebuilt: his committed bad_skew25_1m panel with his cross-sectional p80 rule, applied as a post-sizing trim rather than a pre-sort exclusion. NOTE his signal is bit-identical to fx.vol_surface_panel('RR')"
Vidhi,Macro/regime gate,binary_filter,net,False,-0.0332908435997388,0.0597498231455627,-0.557170579712606,-0.466013724499436,-0.0766563721347322,-0.4342867092800381,,0.1907514450867052,,,,,,,173.0,,,vidhi/outputs/adaptive_strategy_summary.csv,"DOES NOT RECONCILE: monthly book whose returns are log_return(spot) only, so it sorts on carry and harvests none of it (§18). Sign is expected to flip once ported to the base. Kept and flagged, not dropped."
Vidhi,Macro/regime gate,probability_scaled,net,False,-0.0330103021200411,0.0590562901382027,-0.5589633558557594,-0.4728780059453613,-0.0787559134929786,-0.4191469650464301,,0.2254335260115607,,,,,,,173.0,,,vidhi/outputs/adaptive_strategy_summary.csv,"DOES NOT RECONCILE: monthly book whose returns are log_return(spot) only, so it sorts on carry and harvests none of it (§18). Sign is expected to flip once ported to the base. Kept and flagged, not dropped."
Vidhi,Macro/regime gate,static,net,False,-0.0595235205049049,0.084180754561774,-0.7070917909297788,-0.7750609659692241,-0.0827321880699995,-0.7194723346920571,,0.3846153846153846,,,,,,,234.0,,,vidhi/outputs/adaptive_strategy_summary.csv,"DOES NOT RECONCILE: monthly book whose returns are log_return(spot) only, so it sorts on carry and harvests none of it (§18). Sign is expected to flip once ported to the base. Kept and flagged, not dropped."
Vidhi,P4-C combined ladder,[add] + Macro/regime probability gate,gross,True,,,0.3575771278624345,,,,,,,0.8867397983464222,0.0173173315920279,,-0.0214407296459568,-1.76295857290628,5001.0,,,cesare/outputs/p4_combined_ladder.csv,improve MaxDD or CVaR99 in >=4 of 6 pre-2026 stress windows AND cost <0.05 net Sharpe AND survive LOO
Vidhi,P4-C combined ladder,[add] + Macro/regime probability gate,net,True,0.0127923245446485,0.0842803348273474,0.1517830294677191,,0.0268817122891648,-0.3450048522867219,-0.740264013922815,,0.0242375276515885,0.8867397983464222,0.0173173315920279,,-0.0214407296459568,-1.76295857290628,5001.0,,,cesare/outputs/p4_combined_ladder.csv,improve MaxDD or CVaR99 in >=4 of 6 pre-2026 stress windows AND cost <0.05 net Sharpe AND survive LOO
Vidhi,P4-C combined ladder,[loo] - Macro/regime probability gate,gross,True,,,0.6808072460140009,,,,,,,0.6051437773003898,0.0122981997624704,,0.0313599312634874,2.6926495357548905,5001.0,,,cesare/outputs/p4_combined_ladder.csv,improve MaxDD or CVaR99 in >=4 of 6 pre-2026 stress windows AND cost <0.05 net Sharpe AND survive LOO
Vidhi,P4-C combined ladder,[loo] - Macro/regime probability gate,net,True,0.0443031431857793,0.0832350579081862,0.5322654215564873,,0.2185970586611993,-0.1906649354055872,-0.2612912396457347,,0.0189418033719856,0.6051437773003898,0.0122981997624704,,0.0313599312634874,2.6926495357548905,5001.0,,,cesare/outputs/p4_combined_ladder.csv,improve MaxDD or CVaR99 in >=4 of 6 pre-2026 stress windows AND cost <0.05 net Sharpe AND survive LOO
Vidhi,P4-C components,Macro/regime probability gate,gross,True,,,0.3100888949397717,,,,,,,0.9408706070532394,0.0186788258042316,,-0.0242274768058142,-1.9626309938174176,5001.0,,,cesare/outputs/p4_component_standalone.csv,"re-priced, not rebuilt: the gate recovered as probability_scaled / static from her committed monthly tracks (173 months from 2012-02, values in [0,1]). Only the gate transfers — her book omits the carry accrual"
Vidhi,P4-C components,Macro/regime probability gate,net,True,0.008441207920915,0.0875789768572205,0.0963839522203679,,0.0137183594939745,-0.3356362096914366,-0.8859572974208614,,0.026191906839236,0.9408706070532394,0.0186788258042316,,-0.0242274768058142,-1.9626309938174176,5001.0,,,cesare/outputs/p4_component_standalone.csv,"re-priced, not rebuilt: the gate recovered as probability_scaled / static from her committed monthly tracks (173 months from 2012-02, values in [0,1]). Only the gate transfers — her book omits the carry accrual"
