freq,period,carry_long,carry_short,spot_long,spot_short,total,gross,resid,universe,tenor,signal,n_buckets,weighting,max_leg_share,vol_window,rebal,vol_target,lev_cap,extra_lag,costs,cost_multiple,exposure,weight_overlay,external_legs,window_start,window_end,n_currencies
ME,2007-05-31,0.010549435315955863,0.005266382720823343,0.0482160255540555,0.017146347987152817,0.08117819157798753,0.08117819157798752,8.239936510889834e-18,ALL,1M,carry,,inv_vol,0.4,60,ME,0.1,4.0,0,True,1.0,False,,,2007-05-01,2026-06-30,27
ME,2007-06-30,0.012108066091158224,0.004822857059287209,-0.006220129284918224,-0.0026092154927406823,0.008101578372786524,0.008101578372786522,2.8189256484623115e-18,ALL,1M,carry,,inv_vol,0.4,60,ME,0.1,4.0,0,True,1.0,False,,,2007-05-01,2026-06-30,27
ME,2007-07-31,0.014508229125027096,0.004339825091747084,0.031880465126911346,-0.02368100869021418,0.027047510653471347,0.027047510653471343,4.228388472693467e-18,ALL,1M,carry,,inv_vol,0.4,60,ME,0.1,4.0,0,True,1.0,False,,,2007-05-01,2026-06-30,27
ME,2007-08-31,0.009983084005427783,0.004599800365187812,-0.02299343008024962,0.008501946038393122,9.140032875909476e-05,9.14003287591017e-05,-8.348356728138384e-18,ALL,1M,carry,,inv_vol,0.4,60,ME,0.1,4.0,0,True,1.0,False,,,2007-05-01,2026-06-30,27
ME,2007-09-30,0.006341164135644825,0.0031907810030049025,0.0726683665479464,-0.04010123921666691,0.042099072469929215,0.04209907246992921,4.336808689942018e-18,ALL,1M,carry,,inv_vol,0.4,60,ME,0.1,4.0,0,True,1.0,False,,,2007-05-01,2026-06-30,27
ME,2007-10-31,0.005298874596721119,0.0022736033644661473,0.028738685830870747,-0.02391021871521652,0.012400945076841495,0.012400945076841495,5.421010862427522e-20,ALL,1M,carry,,inv_vol,0.4,60,ME,0.1,4.0,0,True,1.0,False,,,2007-05-01,2026-06-30,27
ME,2007-11-30,0.008620995998550027,0.0036439529621457587,-0.032792132619953514,-0.003904222170941213,-0.02443140583019894,-0.024431405830198948,4.9873299934333204e-18,ALL,1M,carry,,inv_vol,0.4,60,ME,0.1,4.0,0,True,1.0,False,,,2007-05-01,2026-06-30,27
ME,2007-12-31,0.004462974931669803,0.0023090632433301174,0.004310917767736968,-0.0012224606719942674,0.009860495270742621,0.009860495270742618,3.903127820947816e-18,ALL,1M,carry,,inv_vol,0.4,60,ME,0.1,4.0,0,True,1.0,False,,,2007-05-01,2026-06-30,27
ME,2008-01-31,0.005181447606623591,0.0028231224744134204,0.00968932277480495,-0.01931471830461365,-0.0016208254487716889,-0.0016208254487716904,4.607859233063394e-19,ALL,1M,carry,,inv_vol,0.4,60,ME,0.1,4.0,0,True,1.0,False,,,2007-05-01,2026-06-30,27
ME,2008-02-29,0.006924842817888003,0.002092597734050447,0.01564297501571879,-0.018704108978704573,0.005956306588952666,0.005956306588952659,6.1257422745431e-18,ALL,1M,carry,,inv_vol,0.4,60,ME,0.1,4.0,0,True,1.0,False,,,2007-05-01,2026-06-30,27
ME,2008-03-31,0.009620601326794032,0.0021091434614610937,-0.041187603263548686,-0.03345852589654183,-0.06291638437183539,-0.06291638437183539,-3.0357660829594124e-18,ALL,1M,carry,,inv_vol,0.4,60,ME,0.1,4.0,0,True,1.0,False,,,2007-05-01,2026-06-30,27
ME,2008-04-30,0.008559355553378622,0.0015548776003411159,0.038727692731987146,0.011055035379651343,0.05989696126535822,0.05989696126535822,1.5178830414797062e-18,ALL,1M,carry,,inv_vol,0.4,60,ME,0.1,4.0,0,True,1.0,False,,,2007-05-01,2026-06-30,27
ME,2008-05-31,0.008545818095023439,0.0018484001860468633,0.014163279070308408,0.005499506406664483,0.030057003758043193,0.03005700375804319,1.5178830414797062e-18,ALL,1M,carry,,inv_vol,0.4,60,ME,0.1,4.0,0,True,1.0,False,,,2007-05-01,2026-06-30,27
ME,2008-06-30,0.009147551072345909,0.0010165404271499665,-0.039775645914736944,0.02144295751860485,-0.008168596896636213,-0.008168596896636219,2.6020852139652106e-18,ALL,1M,carry,,inv_vol,0.4,60,ME,0.1,4.0,0,True,1.0,False,,,2007-05-01,2026-06-30,27
ME,2008-07-31,0.010851284921629687,0.000971081562041324,0.04610337454806617,0.0013919566930024425,0.059317697724739625,0.05931769772473962,3.7947076036992655e-18,ALL,1M,carry,,inv_vol,0.4,60,ME,0.1,4.0,0,True,1.0,False,,,2007-05-01,2026-06-30,27
ME,2008-08-31,0.009508143067131367,0.0008271194363241523,-0.031204252698404426,0.03956682516232618,0.018697834967377272,0.018697834967377272,2.710505431213761e-18,ALL,1M,carry,,inv_vol,0.4,60,ME,0.1,4.0,0,True,1.0,False,,,2007-05-01,2026-06-30,27
ME,2008-09-30,0.01049490728511552,0.002289855697076724,-0.10696711772707769,0.015463622944641571,-0.07871873180024387,-0.07871873180024389,1.4040418133687282e-17,ALL,1M,carry,,inv_vol,0.4,60,ME,0.1,4.0,0,True,1.0,False,,,2007-05-01,2026-06-30,27
ME,2008-10-31,0.0071840870344789705,0.001658774250108549,-0.09207910950087977,0.023104164055710096,-0.06013208416058216,-0.06013208416058216,1.951563910473908e-18,ALL,1M,carry,,inv_vol,0.4,60,ME,0.1,4.0,0,True,1.0,False,,,2007-05-01,2026-06-30,27
ME,2008-11-30,0.0038748824532385505,0.00029167775267179463,-0.010471624999406818,0.011156307189057746,0.0048512423955612725,0.004851242395561268,4.7704895589362195e-18,ALL,1M,carry,,inv_vol,0.4,60,ME,0.1,4.0,0,True,1.0,False,,,2007-05-01,2026-06-30,27
ME,2008-12-31,0.003789759190102071,0.00032229023077000204,0.012803985345478039,-0.028670390131964516,-0.011754355365614404,-0.011754355365614408,2.1412992906588713e-18,ALL,1M,carry,,inv_vol,0.4,60,ME,0.1,4.0,0,True,1.0,False,,,2007-05-01,2026-06-30,27
ME,2009-01-31,0.0045696050523967545,-2.9904692715596134e-05,-0.01692306198839252,0.01712296836171219,0.00473960673300083,0.004739606733000824,4.7704895589362195e-18,ALL,1M,carry,,inv_vol,0.4,60,ME,0.1,4.0,0,True,1.0,False,,,2007-05-01,2026-06-30,27
ME,2009-02-28,0.004960957716501984,8.335951321464897e-05,-0.019740815275361943,0.03022250836437396,0.015526010318728646,0.015526010318728647,-5.421010862427522e-19,ALL,1M,carry,,inv_vol,0.4,60,ME,0.1,4.0,0,True,1.0,False,,,2007-05-01,2026-06-30,27
ME,2009-03-31,0.005768578461301749,0.00026374296256004683,0.021462700360664444,-0.017791008955014183,0.009704012829512063,0.009704012829512056,3.686287386450715e-18,ALL,1M,carry,,inv_vol,0.4,60,ME,0.1,4.0,0,True,1.0,False,,,2007-05-01,2026-06-30,27
ME,2009-04-30,0.006081039498345224,0.0002866726791169106,0.05632650749798074,-0.019381265426859973,0.043312954248582905,0.0433129542485829,6.613633252161577e-18,ALL,1M,carry,,inv_vol,0.4,60,ME,0.1,4.0,0,True,1.0,False,,,2007-05-01,2026-06-30,27
ME,2009-05-31,0.006317562300713908,-0.00026728039646379056,0.055508416692719324,-0.04866760995489563,0.012891088642073813,0.012891088642073808,4.336808689942018e-18,ALL,1M,carry,,inv_vol,0.4,60,ME,0.1,4.0,0,True,1.0,False,,,2007-05-01,2026-06-30,27
ME,2009-06-30,0.006617167398647837,0.0008913341922367219,0.011814061857231287,0.00630837420340279,0.025630937651518637,0.025630937651518627,1.0625181290357943e-17,ALL,1M,carry,,inv_vol,0.4,60,ME,0.1,4.0,0,True,1.0,False,,,2007-05-01,2026-06-30,27
ME,2009-07-31,0.007034194864662539,0.0005973040769885982,0.027230731736938817,-0.02300380638274114,0.011858424295848817,0.011858424295848814,8.673617379884035e-19,ALL,1M,carry,,inv_vol,0.4,60,ME,0.1,4.0,0,True,1.0,False,,,2007-05-01,2026-06-30,27
ME,2009-08-31,0.006663927028524155,0.0007666268821400361,-0.014723307190545577,0.0008489253384881671,-0.006443827941393221,-0.006443827941393216,-4.662069341687669e-18,ALL,1M,carry,,inv_vol,0.4,60,ME,0.1,4.0,0,True,1.0,False,,,2007-05-01,2026-06-30,27
ME,2009-09-30,0.006180412848599023,0.0008907353368078788,0.038278610781956296,-0.019433292143847626,0.025916466823515567,0.02591646682351557,-2.222614453595284e-18,ALL,1M,carry,,inv_vol,0.4,60,ME,0.1,4.0,0,True,1.0,False,,,2007-05-01,2026-06-30,27
ME,2009-10-31,0.0077487037574679295,0.0008079804635112855,-0.01088798886952306,-0.01068784832249697,-0.013019152971040816,-0.01301915297104081,-6.7220534694101275e-18,ALL,1M,carry,,inv_vol,0.4,60,ME,0.1,4.0,0,True,1.0,False,,,2007-05-01,2026-06-30,27
ME,2009-11-30,0.005265024323324719,0.0007451947000551465,0.013959265399664312,-0.03646420192325626,-0.016494717500212076,-0.01649471750021207,-7.806255641895632e-18,ALL,1M,carry,,inv_vol,0.4,60,ME,0.1,4.0,0,True,1.0,False,,,2007-05-01,2026-06-30,27
ME,2009-12-31,0.00811715193267157,0.0008807640750674398,-0.0009479777485039967,0.041016809532063735,0.04906674779129875,0.04906674779129875,-1.7889335846010823e-18,ALL,1M,carry,,inv_vol,0.4,60,ME,0.1,4.0,0,True,1.0,False,,,2007-05-01,2026-06-30,27
ME,2010-01-31,0.006923030945885271,0.0003544060091091114,-0.040925408228613736,0.012501797520929421,-0.021146173752689932,-0.021146173752689932,-9.215718466126788e-19,ALL,1M,carry,,inv_vol,0.4,60,ME,0.1,4.0,0,True,1.0,False,,,2007-05-01,2026-06-30,27
ME,2010-02-28,0.007939688796681246,0.000359669433566794,-0.010695572635186976,-0.012863153894402422,-0.015259368299341361,-0.01525936829934136,0.0,ALL,1M,carry,,inv_vol,0.4,60,ME,0.1,4.0,0,True,1.0,False,,,2007-05-01,2026-06-30,27
ME,2010-03-31,0.010301843356328286,0.00041991596105114663,0.04064598724998565,-6.899743644930671e-06,0.051360846823720156,0.05136084682372015,7.589415207398531e-19,ALL,1M,carry,,inv_vol,0.4,60,ME,0.1,4.0,0,True,1.0,False,,,2007-05-01,2026-06-30,27
ME,2010-04-30,0.009311585549987183,0.00038064817578325875,0.010870077336855697,0.016495586842641692,0.03705789790526783,0.037057897905267825,8.131516293641283e-18,ALL,1M,carry,,inv_vol,0.4,60,ME,0.1,4.0,0,True,1.0,False,,,2007-05-01,2026-06-30,27
ME,2010-05-31,0.010408275533692161,0.000721905700718653,-0.08872454219581444,0.08734623200377709,0.009751871042373484,0.009751871042373473,9.974659986866641e-18,ALL,1M,carry,,inv_vol,0.4,60,ME,0.1,4.0,0,True,1.0,False,,,2007-05-01,2026-06-30,27
ME,2010-06-30,0.006169690700297125,0.00041902071925670317,0.007841595410205822,-0.03583599809685163,-0.021405691267091985,-0.021405691267091985,-1.3010426069826053e-18,ALL,1M,carry,,inv_vol,0.4,60,ME,0.1,4.0,0,True,1.0,False,,,2007-05-01,2026-06-30,27
ME,2010-07-31,0.005996417329637417,0.0002462176026513414,0.02504530422458551,-0.04164773910053555,-0.010359799943661279,-0.010359799943661274,-3.469446951953614e-18,ALL,1M,carry,,inv_vol,0.4,60,ME,0.1,4.0,0,True,1.0,False,,,2007-05-01,2026-06-30,27
ME,2010-08-31,0.006033561475805476,0.00114317909055923,-0.011282502163519066,-0.01857481210737454,-0.0226805737045289,-0.022680573704528896,-1.1926223897340549e-18,ALL,1M,carry,,inv_vol,0.4,60,ME,0.1,4.0,0,True,1.0,False,,,2007-05-01,2026-06-30,27
ME,2010-09-30,0.007956840369054412,0.00039191264408527216,0.055373751109172885,-0.03404491268217764,0.029677591440134935,0.029677591440134935,-2.3310346708438345e-18,ALL,1M,carry,,inv_vol,0.4,60,ME,0.1,4.0,0,True,1.0,False,,,2007-05-01,2026-06-30,27
ME,2010-10-31,0.01079057086110781,0.00022591613934791317,-0.006301597323824725,-0.02009424032904509,-0.01537935065241409,-0.015379350652414086,-3.577867169202165e-18,ALL,1M,carry,,inv_vol,0.4,60,ME,0.1,4.0,0,True,1.0,False,,,2007-05-01,2026-06-30,27
ME,2010-11-30,0.012257920412690998,0.0009494628761755019,-0.044337542808835964,0.06960930474115236,0.03847914522118289,0.038479145221182884,2.6020852139652106e-18,ALL,1M,carry,,inv_vol,0.4,60,ME,0.1,4.0,0,True,1.0,False,,,2007-05-01,2026-06-30,27
ME,2010-12-31,0.014818039650639128,0.0070980985854699995,0.049523014796283474,-0.07930830688259984,-0.007869153850207235,-0.007869153850207226,-6.179952383167375e-18,ALL,1M,carry,,inv_vol,0.4,60,ME,0.1,4.0,0,True,1.0,False,,,2007-05-01,2026-06-30,27
ME,2011-01-31,0.012428937569202492,0.0015830997613872468,-0.05465830403900797,0.005624557537315152,-0.03502170917110308,-0.03502170917110308,2.168404344971009e-19,ALL,1M,carry,,inv_vol,0.4,60,ME,0.1,4.0,0,True,1.0,False,,,2007-05-01,2026-06-30,27
ME,2011-02-28,0.009882023150458781,0.0012903462854080045,0.035997939126759346,-0.007386146483526975,0.039784162079099156,0.039784162079099156,-2.2768245622195593e-18,ALL,1M,carry,,inv_vol,0.4,60,ME,0.1,4.0,0,True,1.0,False,,,2007-05-01,2026-06-30,27
ME,2011-03-31,0.013421507376603466,0.0015319671270319273,0.049745356731648836,-0.009364896215322284,0.05533393501996195,0.05533393501996195,3.3610267347050637e-18,ALL,1M,carry,,inv_vol,0.4,60,ME,0.1,4.0,0,True,1.0,False,,,2007-05-01,2026-06-30,27
ME,2011-04-30,0.009667484720393454,0.0011246334835346634,0.04397206483400827,-0.07196253653368383,-0.017198353495747436,-0.01719835349574744,2.4936649967166602e-18,ALL,1M,carry,,inv_vol,0.4,60,ME,0.1,4.0,0,True,1.0,False,,,2007-05-01,2026-06-30,27
ME,2011-05-31,0.012047404429932301,0.0003559175184014859,-0.04709558793814406,0.0027121748750226935,-0.03198009111478757,-0.03198009111478757,-1.0842021724855044e-19,ALL,1M,carry,,inv_vol,0.4,60,ME,0.1,4.0,0,True,1.0,False,,,2007-05-01,2026-06-30,27
ME,2011-06-30,0.011579334062517738,-5.812436905408814e-05,-0.004741656237221337,-0.014915747303996866,-0.008136193847754552,-0.008136193847754557,4.9873299934333204e-18,ALL,1M,carry,,inv_vol,0.4,60,ME,0.1,4.0,0,True,1.0,False,,,2007-05-01,2026-06-30,27
ME,2011-07-31,0.01502648039733654,-3.356887796329047e-05,0.012599049942611979,-0.0790458443260642,-0.05145388286407897,-0.051453882864078974,-4.336808689942018e-19,ALL,1M,carry,,inv_vol,0.4,60,ME,0.1,4.0,0,True,1.0,False,,,2007-05-01,2026-06-30,27
ME,2011-08-31,0.013097530678182622,0.0005062001666670316,-0.044358430225301435,-0.0013990443891131292,-0.0321537437695649,-0.03215374376956491,-1.734723475976807e-18,ALL,1M,carry,,inv_vol,0.4,60,ME,0.1,4.0,0,True,1.0,False,,,2007-05-01,2026-06-30,27
ME,2011-09-30,0.006201413805831305,-0.00019045408680653966,-0.086927864890843,0.05908280112538393,-0.021834104046434308,-0.021834104046434308,1.0842021724855044e-18,ALL,1M,carry,,inv_vol,0.4,60,ME,0.1,4.0,0,True,1.0,False,,,2007-05-01,2026-06-30,27
ME,2011-10-31,0.004755420291114506,1.948928735905295e-05,0.03747106158129869,-0.01141088755261843,0.030835083607153826,0.030835083607153826,-3.903127820947816e-18,ALL,1M,carry,,inv_vol,0.4,60,ME,0.1,4.0,0,True,1.0,False,,,2007-05-01,2026-06-30,27
ME,2011-11-30,0.007471281670277918,-0.00018382469359657752,-0.05350537237169764,0.013346260775219517,-0.032871654619796783,-0.032871654619796783,-1.8973538018496328e-18,ALL,1M,carry,,inv_vol,0.4,60,ME,0.1,4.0,0,True,1.0,False,,,2007-05-01,2026-06-30,27
ME,2011-12-31,0.006304954995337335,0.0003387200103980358,-0.019021132306518064,0.010418769077256664,-0.0019586882235260276,-0.00195868822352603,1.1926223897340549e-18,ALL,1M,carry,,inv_vol,0.4,60,ME,0.1,4.0,0,True,1.0,False,,,2007-05-01,2026-06-30,27
ME,2012-01-31,0.008571711707149892,0.00012029470287429136,0.07033675339958076,-0.031439713522457176,0.04758904628714777,0.04758904628714777,6.776263578034403e-19,ALL,1M,carry,,inv_vol,0.4,60,ME,0.1,4.0,0,True,1.0,False,,,2007-05-01,2026-06-30,27
ME,2012-02-29,0.008109686365969572,0.0001237549028774232,0.028822140677605402,0.015772978269601768,0.052828560216054164,0.05282856021605417,-6.884683795282953e-18,ALL,1M,carry,,inv_vol,0.4,60,ME,0.1,4.0,0,True,1.0,False,,,2007-05-01,2026-06-30,27
ME,2012-03-31,0.014246703549987224,0.0002143868441186515,-0.07168129721211125,0.008638292682825014,-0.04858191413518036,-0.04858191413518036,2.168404344971009e-19,ALL,1M,carry,,inv_vol,0.4,60,ME,0.1,4.0,0,True,1.0,False,,,2007-05-01,2026-06-30,27
ME,2012-04-30,0.00986301303463277,0.00018836146736262953,-0.020665925445143247,-0.02320515978837503,-0.03381971073152288,-0.03381971073152287,-8.673617379884035e-18,ALL,1M,carry,,inv_vol,0.4,60,ME,0.1,4.0,0,True,1.0,False,,,2007-05-01,2026-06-30,27
ME,2012-05-31,0.012744299474205719,-5.000654305856544e-05,-0.13019513717075074,0.06809541035619604,-0.04940543388340753,-0.04940543388340753,9.75781955236954e-19,ALL,1M,carry,,inv_vol,0.4,60,ME,0.1,4.0,0,True,1.0,False,,,2007-05-01,2026-06-30,27
ME,2012-06-30,0.008964780798634017,0.00026457941228942995,0.04514246812210727,-0.022503195508698216,0.0318686328243325,0.03186863282433249,1.1031757105040008e-17,ALL,1M,carry,,inv_vol,0.4,60,ME,0.1,4.0,0,True,1.0,False,,,2007-05-01,2026-06-30,27
ME,2012-07-31,0.008161503448394546,0.0003276971723944767,-0.007277404759192121,0.003776424643255751,0.004988220504852653,0.004988220504852649,4.662069341687669e-18,ALL,1M,carry,,inv_vol,0.4,60,ME,0.1,4.0,0,True,1.0,False,,,2007-05-01,2026-06-30,27
ME,2012-08-31,0.007744481556824923,0.00028784022065367896,-0.007962780712502296,-0.012640291681895535,-0.01257075061691923,-0.012570750616919226,-2.8189256484623115e-18,ALL,1M,carry,,inv_vol,0.4,60,ME,0.1,4.0,0,True,1.0,False,,,2007-05-01,2026-06-30,27
ME,2012-09-30,0.008115968271362775,0.00025950742310547353,0.03746650197580077,-0.030531806952723704,0.015310170717545313,0.015310170717545313,3.2526065174565133e-19,ALL,1M,carry,,inv_vol,0.4,60,ME,0.1,4.0,0,True,1.0,False,,,2007-05-01,2026-06-30,27
ME,2012-10-31,0.01246412274037511,0.00040726036127289024,-0.02826577865449217,0.0022888186595044764,-0.013105576893339696,-0.013105576893339705,8.131516293641283e-18,ALL,1M,carry,,inv_vol,0.4,60,ME,0.1,4.0,0,True,1.0,False,,,2007-05-01,2026-06-30,27
ME,2012-11-30,0.011818827478532778,0.000371474749080497,-0.010100362181034125,0.0195966971600341,0.021686637206613252,0.02168663720661325,3.0357660829594124e-18,ALL,1M,carry,,inv_vol,0.4,60,ME,0.1,4.0,0,True,1.0,False,,,2007-05-01,2026-06-30,27
ME,2012-12-31,0.011133936860780996,0.0008557937563395216,0.058215690894824354,0.012022427739551856,0.08222784925149672,0.08222784925149672,4.336808689942018e-18,ALL,1M,carry,,inv_vol,0.4,60,ME,0.1,4.0,0,True,1.0,False,,,2007-05-01,2026-06-30,27
ME,2013-01-31,0.011894021563780268,0.0007049733367298111,0.02706891541137804,0.012183790062019665,0.05185170037390778,0.05185170037390778,1.0842021724855044e-18,ALL,1M,carry,,inv_vol,0.4,60,ME,0.1,4.0,0,True,1.0,False,,,2007-05-01,2026-06-30,27
ME,2013-02-28,0.009738646979518756,0.000904631654986757,-0.049395699936050134,0.03153278532841045,-0.007219635973134165,-0.007219635973134163,-2.168404344971009e-18,ALL,1M,carry,,inv_vol,0.4,60,ME,0.1,4.0,0,True,1.0,False,,,2007-05-01,2026-06-30,27
ME,2013-03-31,0.012132749043877709,-2.3117411673413738e-05,-0.026417818101185386,0.01737952948598666,0.0030713430170055756,0.0030713430170055678,5.664956351236761e-18,ALL,1M,carry,,inv_vol,0.4,60,ME,0.1,4.0,0,True,1.0,False,,,2007-05-01,2026-06-30,27
ME,2013-04-30,0.011469645801172348,2.9432890119118982e-05,0.02029570052867379,-0.000657818722093151,0.031136960497872103,0.031136960497872106,-4.553649124439119e-18,ALL,1M,carry,,inv_vol,0.4,60,ME,0.1,4.0,0,True,1.0,False,,,2007-05-01,2026-06-30,27
ME,2013-05-31,0.01301008486928837,0.00017607681112246135,-0.11282720132888963,0.07486999052400364,-0.02477104912447515,-0.024771049124475142,-3.469446951953614e-18,ALL,1M,carry,,inv_vol,0.4,60,ME,0.1,4.0,0,True,1.0,False,,,2007-05-01,2026-06-30,27
ME,2013-06-30,0.00858264327506806,9.771803775583034e-05,-0.05241959524070238,-0.004248237533133199,-0.047987471461011684,-0.047987471461011684,-7.15573433840433e-18,ALL,1M,carry,,inv_vol,0.4,60,ME,0.1,4.0,0,True,1.0,False,,,2007-05-01,2026-06-30,27
ME,2013-07-31,0.0077558062043346695,6.0429147166918084e-05,-0.013963699121090233,-0.011483966995911357,-0.017631430765500007,-0.0176314307655,-5.5294310796760726e-18,ALL,1M,carry,,inv_vol,0.4,60,ME,0.1,4.0,0,True,1.0,False,,,2007-05-01,2026-06-30,27
ME,2013-08-31,0.005710110224585172,0.00011489012460420494,-0.050713785749830695,0.006343694610336732,-0.03854509079030458,-0.03854509079030459,4.7704895589362195e-18,ALL,1M,carry,,inv_vol,0.4,60,ME,0.1,4.0,0,True,1.0,False,,,2007-05-01,2026-06-30,27
ME,2013-09-30,0.0050351441190358,0.00019003572200223872,0.020416813444396713,-0.02057946398402636,0.005062529301408393,0.00506252930140839,2.439454888092385e-18,ALL,1M,carry,,inv_vol,0.4,60,ME,0.1,4.0,0,True,1.0,False,,,2007-05-01,2026-06-30,27
ME,2013-10-31,0.007535964181727545,0.00042455553916835587,0.011130451663917877,-0.006782195131760361,0.01230877625305342,0.012308776253053422,-2.6020852139652106e-18,ALL,1M,carry,,inv_vol,0.4,60,ME,0.1,4.0,0,True,1.0,False,,,2007-05-01,2026-06-30,27
ME,2013-11-30,0.0075568190764658105,0.0003231881237198564,-0.054598111960621365,0.01496946204269009,-0.03174864271774561,-0.03174864271774561,-2.3987973066241786e-18,ALL,1M,carry,,inv_vol,0.4,60,ME,0.1,4.0,0,True,1.0,False,,,2007-05-01,2026-06-30,27
ME,2013-12-31,0.01060381718315329,0.0007092045105918878,-0.03625509709044171,0.005653199510999572,-0.019288875885696964,-0.01928887588569697,8.131516293641283e-18,ALL,1M,carry,,inv_vol,0.4,60,ME,0.1,4.0,0,True,1.0,False,,,2007-05-01,2026-06-30,27
ME,2014-01-31,0.013278021033534348,2.4064747339201823e-05,-0.02997169662524214,0.019897685116100083,0.003228074271731495,0.0032280742717314954,-2.2768245622195593e-18,ALL,1M,carry,,inv_vol,0.4,60,ME,0.1,4.0,0,True,1.0,False,,,2007-05-01,2026-06-30,27
ME,2014-02-28,0.009204382717285116,2.4868308768480493e-05,0.020851672403849927,-0.02953953963847368,0.0005413837914298395,0.0005413837914298395,7.589415207398531e-19,ALL,1M,carry,,inv_vol,0.4,60,ME,0.1,4.0,0,True,1.0,False,,,2007-05-01,2026-06-30,27
ME,2014-03-31,0.013003546928903813,1.2802063850636982e-05,0.03211330362078256,0.003355031409865277,0.04848468402340229,0.04848468402340229,1.0842021724855044e-18,ALL,1M,carry,,inv_vol,0.4,60,ME,0.1,4.0,0,True,1.0,False,,,2007-05-01,2026-06-30,27
ME,2014-04-30,0.012245636020623977,4.441309721665581e-06,-0.0031247954368071847,-0.016013227144764792,-0.006887945251226335,-0.0068879452512263335,-1.3010426069826053e-18,ALL,1M,carry,,inv_vol,0.4,60,ME,0.1,4.0,0,True,1.0,False,,,2007-05-01,2026-06-30,27
ME,2014-05-31,0.0146934297438929,1.7692145395166406e-05,0.0015363359338825319,0.019418758851892197,0.0356662166750628,0.035666216675062784,6.451002926288751e-18,ALL,1M,carry,,inv_vol,0.4,60,ME,0.1,4.0,0,True,1.0,False,,,2007-05-01,2026-06-30,27
ME,2014-06-30,0.01259675660591051,9.876617585142143e-05,-0.023804862040497296,-0.018955231619248468,-0.03006457087798383,-0.03006457087798383,2.6020852139652106e-18,ALL,1M,carry,,inv_vol,0.4,60,ME,0.1,4.0,0,True,1.0,False,,,2007-05-01,2026-06-30,27
ME,2014-07-31,0.012005185493759224,0.00013670049939007624,-0.009182946751153649,0.02935287063469702,0.032311809876692674,0.032311809876692674,-7.806255641895632e-18,ALL,1M,carry,,inv_vol,0.4,60,ME,0.1,4.0,0,True,1.0,False,,,2007-05-01,2026-06-30,27
ME,2014-08-31,0.01211839326876403,0.00027869166370544316,-0.0024351708555282858,0.033935236143068225,0.04389715022000942,0.043897150220009416,3.686287386450715e-18,ALL,1M,carry,,inv_vol,0.4,60,ME,0.1,4.0,0,True,1.0,False,,,2007-05-01,2026-06-30,27
ME,2014-09-30,0.01448312680151494,0.00039019931884757815,-0.11084094985090033,0.0801727279187565,-0.015794895811781312,-0.01579489581178131,-2.2497195079074217e-18,ALL,1M,carry,,inv_vol,0.4,60,ME,0.1,4.0,0,True,1.0,False,,,2007-05-01,2026-06-30,27
ME,2014-10-31,0.01040125083447614,0.00022516187160229038,0.002934075530449564,0.02813245725284593,0.04169294548937393,0.04169294548937394,-7.26415455565288e-18,ALL,1M,carry,,inv_vol,0.4,60,ME,0.1,4.0,0,True,1.0,False,,,2007-05-01,2026-06-30,27
ME,2014-11-30,0.007818220727158319,0.00023596003957735242,-0.012589221774218673,0.029503702674656608,0.02496866166717361,0.02496866166717362,-1.0842021724855044e-17,ALL,1M,carry,,inv_vol,0.4,60,ME,0.1,4.0,0,True,1.0,False,,,2007-05-01,2026-06-30,27
ME,2014-12-31,0.008829399099644407,0.0003859537571348576,-0.0413145617136029,0.029454262893065845,-0.002644945963757788,-0.0026449459637577846,-4.119968255444917e-18,ALL,1M,carry,,inv_vol,0.4,60,ME,0.1,4.0,0,True,1.0,False,,,2007-05-01,2026-06-30,27
ME,2015-01-31,0.005906061686405175,0.00047030096315743043,-0.013082995923632585,0.009099308368457076,0.002392675094387099,0.0023926750943871027,-5.312590645178972e-18,ALL,1M,carry,,inv_vol,0.4,60,ME,0.1,4.0,0,True,1.0,False,,,2007-05-01,2026-06-30,27
ME,2015-02-28,0.004008336526872639,0.00022709046617795116,-0.015104235213084835,0.011873514039189808,0.0010047058191555614,0.0010047058191555633,-1.7889335846010823e-18,ALL,1M,carry,,inv_vol,0.4,60,ME,0.1,4.0,0,True,1.0,False,,,2007-05-01,2026-06-30,27
ME,2015-03-31,0.005434806539202524,0.0003010978507880306,-0.0193127026179304,0.016091828729849076,0.0025150305019092318,0.0025150305019092365,-3.903127820947816e-18,ALL,1M,carry,,inv_vol,0.4,60,ME,0.1,4.0,0,True,1.0,False,,,2007-05-01,2026-06-30,27
ME,2015-04-30,0.005401031361841934,0.00033783318991552076,-0.007398851001789648,-0.024835960860905646,-0.026495947310937844,-0.02649594731093784,-3.2526065174565133e-19,ALL,1M,carry,,inv_vol,0.4,60,ME,0.1,4.0,0,True,1.0,False,,,2007-05-01,2026-06-30,27
ME,2015-05-31,0.009085358881503015,0.0006345679960416107,-0.01946452875383934,0.03091270007013691,0.021168098193842196,0.02116809819384219,4.20128341838133e-18,ALL,1M,carry,,inv_vol,0.4,60,ME,0.1,4.0,0,True,1.0,False,,,2007-05-01,2026-06-30,27
ME,2015-06-30,0.010169383651152827,0.0007492976529527024,-0.00019337032438165955,-0.02658330991101584,-0.015857998931291972,-0.015857998931291972,-5.637851296924623e-18,ALL,1M,carry,,inv_vol,0.4,60,ME,0.1,4.0,0,True,1.0,False,,,2007-05-01,2026-06-30,27
ME,2015-07-31,0.008444248173656596,0.0006403968107212175,-0.0327976263882179,0.02075277777196612,-0.002960203631873962,-0.0029602036318739687,7.37257477290143e-18,ALL,1M,carry,,inv_vol,0.4,60,ME,0.1,4.0,0,True,1.0,False,,,2007-05-01,2026-06-30,27
ME,2015-08-31,0.009789149455258158,0.0005996897303756944,-0.03535686028036446,-0.0008075529271781134,-0.02577557402190872,-0.025775574021908717,-5.163512846462215e-18,ALL,1M,carry,,inv_vol,0.4,60,ME,0.1,4.0,0,True,1.0,False,,,2007-05-01,2026-06-30,27
ME,2015-09-30,0.008626345000812894,0.0006683751195432884,-0.021281824170880533,-0.0029723571455556523,-0.014959461196080001,-0.014959461196080005,2.3310346708438345e-18,ALL,1M,carry,,inv_vol,0.4,60,ME,0.1,4.0,0,True,1.0,False,,,2007-05-01,2026-06-30,27
ME,2015-10-31,0.006940747301150908,0.000523426652581466,0.01759368163027806,0.006479969542716644,0.03153782512672707,0.03153782512672708,-3.577867169202165e-18,ALL,1M,carry,,inv_vol,0.4,60,ME,0.1,4.0,0,True,1.0,False,,,2007-05-01,2026-06-30,27
ME,2015-11-30,0.005751407744110344,0.00048683343676379765,-0.01817191947556786,0.02124685546500753,0.009313177170313814,0.009313177170313812,1.8431436932253575e-18,ALL,1M,carry,,inv_vol,0.4,60,ME,0.1,4.0,0,True,1.0,False,,,2007-05-01,2026-06-30,27
ME,2015-12-31,0.008665914390873936,0.0016671710102101394,-0.01287947668696092,-0.025941232126950466,-0.028487623412827307,-0.0284876234128273,-8.348356728138384e-18,ALL,1M,carry,,inv_vol,0.4,60,ME,0.1,4.0,0,True,1.0,False,,,2007-05-01,2026-06-30,27
ME,2016-01-31,0.0070042971962712515,0.0009339107589620973,-0.00881235860020749,0.015206700714045819,0.014332550069071678,0.014332550069071685,-5.9631119486702744e-18,ALL,1M,carry,,inv_vol,0.4,60,ME,0.1,4.0,0,True,1.0,False,,,2007-05-01,2026-06-30,27
ME,2016-02-29,0.006456241316524894,0.0009437870495496589,0.010146391936217448,-0.02720604362390523,-0.00965962332161323,-0.00965962332161323,-4.607859233063394e-19,ALL,1M,carry,,inv_vol,0.4,60,ME,0.1,4.0,0,True,1.0,False,,,2007-05-01,2026-06-30,27
ME,2016-03-31,0.007105249264178753,0.0011769810681202858,0.049055515871860016,-0.041293412485147826,0.016044333719011226,0.01604433371901122,9.215718466126788e-18,ALL,1M,carry,,inv_vol,0.4,60,ME,0.1,4.0,0,True,1.0,False,,,2007-05-01,2026-06-30,27
ME,2016-04-30,0.006475032044730002,0.0010735533284279516,0.010321028856865689,-0.01679458628201531,0.0010750279480083317,0.0010750279480083317,2.168404344971009e-19,ALL,1M,carry,,inv_vol,0.4,60,ME,0.1,4.0,0,True,1.0,False,,,2007-05-01,2026-06-30,27
ME,2016-05-31,0.009813228187534006,0.0013339433223550695,-0.0641464325396544,0.04845914543475518,-0.004540115595010138,-0.004540115595010149,8.890457814381136e-18,ALL,1M,carry,,inv_vol,0.4,60,ME,0.1,4.0,0,True,1.0,False,,,2007-05-01,2026-06-30,27
ME,2016-06-30,0.010438043791631645,0.0019022423528753734,0.07489197961410297,-0.013711458364802923,0.07352080739380708,0.07352080739380706,1.5829351718288365e-17,ALL,1M,carry,,inv_vol,0.4,60,ME,0.1,4.0,0,True,1.0,False,,,2007-05-01,2026-06-30,27
ME,2016-07-31,0.008769425109248566,0.0016205239371836733,-0.00856760543898652,-0.008538539903151045,-0.006716196295705327,-0.006716196295705325,-1.3010426069826053e-18,ALL,1M,carry,,inv_vol,0.4,60,ME,0.1,4.0,0,True,1.0,False,,,2007-05-01,2026-06-30,27
ME,2016-08-31,0.009080277257492757,0.001986529909468861,-0.001268002521846188,0.009909779916813426,0.019708584561928855,0.019708584561928852,3.7947076036992655e-18,ALL,1M,carry,,inv_vol,0.4,60,ME,0.1,4.0,0,True,1.0,False,,,2007-05-01,2026-06-30,27
ME,2016-09-30,0.006635075336669575,0.001870713267593867,0.004967279946081078,-0.008514394161531345,0.004958674388813168,0.0049586743888131715,-4.824699667560495e-18,ALL,1M,carry,,inv_vol,0.4,60,ME,0.1,4.0,0,True,1.0,False,,,2007-05-01,2026-06-30,27
ME,2016-10-31,0.006964819242224606,0.0013864234052426514,-0.0071910739977065884,0.03311881047729082,0.034278979127051495,0.034278979127051495,8.673617379884035e-19,ALL,1M,carry,,inv_vol,0.4,60,ME,0.1,4.0,0,True,1.0,False,,,2007-05-01,2026-06-30,27
ME,2016-11-30,0.007447404821755029,0.0016400386980632224,-0.07638597650294272,0.04244407583957578,-0.02485445714354869,-0.024854457143548697,7.426784881525705e-18,ALL,1M,carry,,inv_vol,0.4,60,ME,0.1,4.0,0,True,1.0,False,,,2007-05-01,2026-06-30,27
ME,2016-12-31,0.007395151603143623,0.00273529817025931,0.01158845419796388,0.006482836971716064,0.028201740943082875,0.028201740943082875,-1.7618285302889447e-18,ALL,1M,carry,,inv_vol,0.4,60,ME,0.1,4.0,0,True,1.0,False,,,2007-05-01,2026-06-30,27
ME,2017-01-31,0.008658790120327504,0.0017112191443748829,0.009396573384523647,-0.038080624227091804,-0.01831404157786577,-0.01831404157786577,-2.3852447794681098e-18,ALL,1M,carry,,inv_vol,0.4,60,ME,0.1,4.0,0,True,1.0,False,,,2007-05-01,2026-06-30,27
ME,2017-02-28,0.006337628581729461,0.0013884439845192362,0.01071475206776085,0.02421726597276909,0.04265809060677864,0.04265809060677863,8.239936510889834e-18,ALL,1M,carry,,inv_vol,0.4,60,ME,0.1,4.0,0,True,1.0,False,,,2007-05-01,2026-06-30,27
ME,2017-03-31,0.009767582874338553,0.0026423304303583566,0.026900924690292285,-0.010067399772931883,0.029243438222057307,0.029243438222057307,-9.75781955236954e-19,ALL,1M,carry,,inv_vol,0.4,60,ME,0.1,4.0,0,True,1.0,False,,,2007-05-01,2026-06-30,27
ME,2017-04-30,0.006344109776727602,0.0015969026119330163,-0.015706860744872105,-0.013335654379379773,-0.02110150273559126,-0.02110150273559126,-2.8189256484623115e-18,ALL,1M,carry,,inv_vol,0.4,60,ME,0.1,4.0,0,True,1.0,False,,,2007-05-01,2026-06-30,27
ME,2017-05-31,0.007991494916281167,0.0018952184462710648,0.0050864213551326054,-0.03140482148863348,-0.01643168677094864,-0.01643168677094864,1.9786689647860456e-18,ALL,1M,carry,,inv_vol,0.4,60,ME,0.1,4.0,0,True,1.0,False,,,2007-05-01,2026-06-30,27
ME,2017-06-30,0.005145881930173184,0.0017457441960472262,0.0017401779372670794,-0.011264985322068955,-0.0026331812585814645,-0.002633181258581467,2.6020852139652106e-18,ALL,1M,carry,,inv_vol,0.4,60,ME,0.1,4.0,0,True,1.0,False,,,2007-05-01,2026-06-30,27
ME,2017-07-31,0.006155030497570099,0.001728441346572588,0.01545011853111061,-0.02850249122131794,-0.005168900846064648,-0.005168900846064643,-5.7462715141731735e-18,ALL,1M,carry,,inv_vol,0.4,60,ME,0.1,4.0,0,True,1.0,False,,,2007-05-01,2026-06-30,27
ME,2017-08-31,0.006636190562435714,0.0018992198977716987,0.010370186365794598,-0.007538129570948493,0.011367467255053516,0.011367467255053516,-3.2526065174565133e-19,ALL,1M,carry,,inv_vol,0.4,60,ME,0.1,4.0,0,True,1.0,False,,,2007-05-01,2026-06-30,27
ME,2017-09-30,0.006910147588566944,0.0022488371745224035,-0.026056886904813573,0.024848583924027265,0.00795068178230304,0.007950681782303048,-8.40256683676266e-18,ALL,1M,carry,,inv_vol,0.4,60,ME,0.1,4.0,0,True,1.0,False,,,2007-05-01,2026-06-30,27
ME,2017-10-31,0.006915068425334817,0.002205535449938495,-0.03580621415831742,0.025195338510105025,-0.0014902717729390813,-0.0014902717729390752,-3.957337929572091e-18,ALL,1M,carry,,inv_vol,0.4,60,ME,0.1,4.0,0,True,1.0,False,,,2007-05-01,2026-06-30,27
ME,2017-11-30,0.0071136731024494014,0.0023002888812878523,0.008431167744131402,-0.017587126281635664,0.0002580034462329934,0.00025800344623299796,-2.656295322589486e-18,ALL,1M,carry,,inv_vol,0.4,60,ME,0.1,4.0,0,True,1.0,False,,,2007-05-01,2026-06-30,27
ME,2017-12-31,0.006775259940502162,0.0044381045946313286,0.011519311051686371,-0.015880942793434882,0.006851732793384979,0.006851732793384976,1.3010426069826053e-18,ALL,1M,carry,,inv_vol,0.4,60,ME,0.1,4.0,0,True,1.0,False,,,2007-05-01,2026-06-30,27
ME,2018-01-31,0.006605015396219123,0.0025219823738574596,0.036823315255569804,-0.050496448835306094,-0.0045461358096597106,-0.004546135809659712,2.927345865710862e-18,ALL,1M,carry,,inv_vol,0.4,60,ME,0.1,4.0,0,True,1.0,False,,,2007-05-01,2026-06-30,27
ME,2018-02-28,0.006547962064124278,0.0027535035353427775,-0.029237241112676726,0.026583836234636716,0.00664806072142704,0.006648060721427045,-4.119968255444917e-18,ALL,1M,carry,,inv_vol,0.4,60,ME,0.1,4.0,0,True,1.0,False,,,2007-05-01,2026-06-30,27
ME,2018-03-31,0.009236652066729743,0.004841647150422873,-0.008761651263566143,-0.005133647630140701,0.0001830003234457693,0.00018300032344576844,-9.75781955236954e-19,ALL,1M,carry,,inv_vol,0.4,60,ME,0.1,4.0,0,True,1.0,False,,,2007-05-01,2026-06-30,27
ME,2018-04-30,0.008936147320381125,0.004222770075594153,-0.06723119949714608,0.06123845627211427,0.007166174170943472,0.007166174170943467,4.0115480381963664e-18,ALL,1M,carry,,inv_vol,0.4,60,ME,0.1,4.0,0,True,1.0,False,,,2007-05-01,2026-06-30,27
ME,2018-05-31,0.008979964340086006,0.004233548500778593,-0.047092146796925353,0.006261588265244672,-0.027617045690816085,-0.027617045690816085,-2.2768245622195593e-18,ALL,1M,carry,,inv_vol,0.4,60,ME,0.1,4.0,0,True,1.0,False,,,2007-05-01,2026-06-30,27
ME,2018-06-30,0.007111553476162624,0.004035570489564199,-0.029378553544722057,0.021156356393462812,0.0029249268144675698,0.0029249268144675737,-4.87890977618477e-19,ALL,1M,carry,,inv_vol,0.4,60,ME,0.1,4.0,0,True,1.0,False,,,2007-05-01,2026-06-30,27
ME,2018-07-31,0.007969691665152474,0.003925573169674598,0.004968103807709068,0.0021413996376242585,0.0190047682801604,0.0190047682801604,0.0,ALL,1M,carry,,inv_vol,0.4,60,ME,0.1,4.0,0,True,1.0,False,,,2007-05-01,2026-06-30,27
ME,2018-08-31,0.010027221268280553,0.004206084602878802,-0.13361973953220452,0.004853877217361146,-0.11453255644368401,-0.11453255644368399,-1.3877787807814457e-17,ALL,1M,carry,,inv_vol,0.4,60,ME,0.1,4.0,0,True,1.0,False,,,2007-05-01,2026-06-30,27
ME,2018-09-30,0.004543671906958305,0.0023783975210571115,-0.005350989662495691,0.0076248108124903355,0.009195890578010062,0.009195890578010062,-5.421010862427522e-19,ALL,1M,carry,,inv_vol,0.4,60,ME,0.1,4.0,0,True,1.0,False,,,2007-05-01,2026-06-30,27
ME,2018-10-31,0.005331560329520572,0.002678141628062288,-0.0283129532829777,0.026018924332904425,0.005715673007509586,0.005715673007509586,1.2739375526704677e-18,ALL,1M,carry,,inv_vol,0.4,60,ME,0.1,4.0,0,True,1.0,False,,,2007-05-01,2026-06-30,27
ME,2018-11-30,0.004252758513411376,0.0025702469072113915,0.048626363702789895,-0.0022750089210844546,0.05317436020232821,0.053174360202328214,-2.168404344971009e-18,ALL,1M,carry,,inv_vol,0.4,60,ME,0.1,4.0,0,True,1.0,False,,,2007-05-01,2026-06-30,27
ME,2018-12-31,0.008397342429285826,0.005238735277513305,-0.0038795896659540377,-0.03686374341541981,-0.027107255374574712,-0.02710725537457472,8.294146619514109e-18,ALL,1M,carry,,inv_vol,0.4,60,ME,0.1,4.0,0,True,1.0,False,,,2007-05-01,2026-06-30,27
ME,2019-01-31,0.009821534877740616,0.004355235476102745,0.03677275659552704,-0.005376629692870322,0.04557289725650008,0.04557289725650008,5.2583805365546965e-18,ALL,1M,carry,,inv_vol,0.4,60,ME,0.1,4.0,0,True,1.0,False,,,2007-05-01,2026-06-30,27
ME,2019-02-28,0.0071106650495139445,0.0031455937600186326,-0.02473655416775286,0.017354037089887576,0.002873741731667292,0.002873741731667292,-1.4094628242311558e-18,ALL,1M,carry,,inv_vol,0.4,60,ME,0.1,4.0,0,True,1.0,False,,,2007-05-01,2026-06-30,27
ME,2019-03-31,0.011585463548383279,0.004563701115498692,-0.011755370185068089,0.012480975851933517,0.0168747703307474,0.0168747703307474,-8.673617379884035e-19,ALL,1M,carry,,inv_vol,0.4,60,ME,0.1,4.0,0,True,1.0,False,,,2007-05-01,2026-06-30,27
ME,2019-04-30,0.009459468194148652,0.004768353147999381,-0.007499473890006747,0.020202408734875388,0.026930756187016673,0.026930756187016673,5.421010862427522e-20,ALL,1M,carry,,inv_vol,0.4,60,ME,0.1,4.0,0,True,1.0,False,,,2007-05-01,2026-06-30,27
ME,2019-05-31,0.010901557725973047,0.005452803447925858,-0.023736351023289477,-0.018865750605309747,-0.02624774045470032,-0.026247740454700328,8.131516293641283e-18,ALL,1M,carry,,inv_vol,0.4,60,ME,0.1,4.0,0,True,1.0,False,,,2007-05-01,2026-06-30,27
ME,2019-06-30,0.007160089981563849,0.004044582342334193,0.023278354602215133,-0.030888224115793207,0.0035948028103199685,0.0035948028103199746,-7.15573433840433e-18,ALL,1M,carry,,inv_vol,0.4,60,ME,0.1,4.0,0,True,1.0,False,,,2007-05-01,2026-06-30,27
ME,2019-07-31,0.010386769441935166,0.004958470290008178,0.009135736484508102,0.04441011513688031,0.06889109135333177,0.06889109135333175,5.421010862427522e-18,ALL,1M,carry,,inv_vol,0.4,60,ME,0.1,4.0,0,True,1.0,False,,,2007-05-01,2026-06-30,27
ME,2019-08-31,0.008536121933689004,0.004026145665749077,-0.051403382538237605,0.005632484150855871,-0.033208630787943644,-0.033208630787943644,-4.9873299934333204e-18,ALL,1M,carry,,inv_vol,0.4,60,ME,0.1,4.0,0,True,1.0,False,,,2007-05-01,2026-06-30,27
ME,2019-09-30,0.0064831542229545295,0.0031437430429650144,0.01653337910076141,0.013979997751368614,0.040140274118049574,0.04014027411804957,2.3852447794681098e-18,ALL,1M,carry,,inv_vol,0.4,60,ME,0.1,4.0,0,True,1.0,False,,,2007-05-01,2026-06-30,27
ME,2019-10-31,0.00739251195133018,0.0033115990458570757,0.007437904775044694,-0.0285524870429998,-0.01041047127076785,-0.01041047127076785,5.421010862427522e-19,ALL,1M,carry,,inv_vol,0.4,60,ME,0.1,4.0,0,True,1.0,False,,,2007-05-01,2026-06-30,27
ME,2019-11-30,0.007375537216150267,0.0033180784905275295,-0.004943872626610099,0.006210071434741327,0.011959814514809024,0.011959814514809028,-1.5178830414797062e-18,ALL,1M,carry,,inv_vol,0.4,60,ME,0.1,4.0,0,True,1.0,False,,,2007-05-01,2026-06-30,27
ME,2019-12-31,0.00855203330273853,0.005600519154494471,0.03125273721276432,-0.04806374526910295,-0.0026584555991056302,-0.002658455599105628,-2.6020852139652106e-18,ALL,1M,carry,,inv_vol,0.4,60,ME,0.1,4.0,0,True,1.0,False,,,2007-05-01,2026-06-30,27
ME,2020-01-31,0.01129350287196174,0.005259072509325032,0.001024625965823098,0.014004364621928063,0.03158156596903793,0.03158156596903794,-1.3118846287074604e-17,ALL,1M,carry,,inv_vol,0.4,60,ME,0.1,4.0,0,True,1.0,False,,,2007-05-01,2026-06-30,27
ME,2020-02-29,0.010121191199113824,0.0038083615638431607,-0.08281808828672985,0.0038975098494123672,-0.0649910256743605,-0.0649910256743605,6.505213034913027e-19,ALL,1M,carry,,inv_vol,0.4,60,ME,0.1,4.0,0,True,1.0,False,,,2007-05-01,2026-06-30,27
ME,2020-03-31,0.013113685659868205,0.003269405901715433,-0.17546178190281236,0.013897666495955825,-0.1451810238452729,-0.1451810238452729,-1.0842021724855044e-17,ALL,1M,carry,,inv_vol,0.4,60,ME,0.1,4.0,0,True,1.0,False,,,2007-05-01,2026-06-30,27
ME,2020-04-30,0.006609973748065891,0.0008806895129975664,-0.002410276696960269,-0.0011997197139172484,0.003880666850185939,0.0038806668501859334,5.7462715141731735e-18,ALL,1M,carry,,inv_vol,0.4,60,ME,0.1,4.0,0,True,1.0,False,,,2007-05-01,2026-06-30,27
ME,2020-05-31,0.005285266292589629,0.0005089173730560612,0.023128214205762797,-0.00797502606092481,0.020947371810483676,0.020947371810483673,4.336808689942018e-19,ALL,1M,carry,,inv_vol,0.4,60,ME,0.1,4.0,0,True,1.0,False,,,2007-05-01,2026-06-30,27
ME,2020-06-30,0.004500033498030898,0.0006465856237742185,-0.0008917561742258199,-0.011666383141936918,-0.00741152019435762,-0.0074115201943576224,2.2768245622195593e-18,ALL,1M,carry,,inv_vol,0.4,60,ME,0.1,4.0,0,True,1.0,False,,,2007-05-01,2026-06-30,27
ME,2020-07-31,0.008997732633405926,0.000717722816176307,0.0012660525059353914,-0.03604825823218444,-0.025066750276666817,-0.02506675027666682,5.854691731421724e-18,ALL,1M,carry,,inv_vol,0.4,60,ME,0.1,4.0,0,True,1.0,False,,,2007-05-01,2026-06-30,27
ME,2020-08-31,0.010957011087607956,0.0009339032637070036,-0.004322373151204513,-0.018644722238684557,-0.011076181038574112,-0.011076181038574114,4.336808689942018e-19,ALL,1M,carry,,inv_vol,0.4,60,ME,0.1,4.0,0,True,1.0,False,,,2007-05-01,2026-06-30,27
ME,2020-09-30,0.008661794582769852,0.0011232909724949059,-0.02667276105106549,0.03179459491903936,0.01490691942323863,0.014906919423238633,0.0,ALL,1M,carry,,inv_vol,0.4,60,ME,0.1,4.0,0,True,1.0,False,,,2007-05-01,2026-06-30,27
ME,2020-10-31,0.007583524601495239,0.000931714501163469,-0.00047241985150552014,-0.005955202016953757,0.002087617234199431,0.002087617234199429,2.8189256484623115e-18,ALL,1M,carry,,inv_vol,0.4,60,ME,0.1,4.0,0,True,1.0,False,,,2007-05-01,2026-06-30,27
ME,2020-11-30,0.008074811265001007,0.0005710376390036939,0.06765053643450546,-0.024044083691834625,0.052252301646675534,0.052252301646675534,-1.5178830414797062e-18,ALL,1M,carry,,inv_vol,0.4,60,ME,0.1,4.0,0,True,1.0,False,,,2007-05-01,2026-06-30,27
ME,2020-12-31,0.007182523696470937,0.0019425941117845338,0.02786989829907989,-0.05757136503158962,-0.020576348924254258,-0.020576348924254268,8.517763317589244e-18,ALL,1M,carry,,inv_vol,0.4,60,ME,0.1,4.0,0,True,1.0,False,,,2007-05-01,2026-06-30,27
ME,2021-01-31,0.006906855721893317,0.0006675187246953391,-0.01618809744573328,0.019223318455080313,0.010609595455935693,0.010609595455935688,3.63207727782644e-18,ALL,1M,carry,,inv_vol,0.4,60,ME,0.1,4.0,0,True,1.0,False,,,2007-05-01,2026-06-30,27
ME,2021-02-28,0.005695792877084588,0.0007661005217963181,-0.0206173497173651,0.011753252265301323,-0.002402204053182871,-0.0024022040531828676,-3.903127820947816e-18,ALL,1M,carry,,inv_vol,0.4,60,ME,0.1,4.0,0,True,1.0,False,,,2007-05-01,2026-06-30,27
ME,2021-03-31,0.013295378733831572,0.0013336059304162391,-0.020695202038356127,0.0503982227362774,0.04433200536216909,0.04433200536216909,4.553649124439119e-18,ALL,1M,carry,,inv_vol,0.4,60,ME,0.1,4.0,0,True,1.0,False,,,2007-05-01,2026-06-30,27
ME,2021-04-30,0.006982755825229434,0.0007906687020849158,0.005099271179474669,-0.04091764573074316,-0.028044950023954143,-0.028044950023954143,-2.0599841277224584e-18,ALL,1M,carry,,inv_vol,0.4,60,ME,0.1,4.0,0,True,1.0,False,,,2007-05-01,2026-06-30,27
ME,2021-05-31,0.008332357956992357,0.0013453004445399019,0.032436221845673845,-0.015026473569966996,0.027087406677239113,0.02708740667723911,-9.75781955236954e-19,ALL,1M,carry,,inv_vol,0.4,60,ME,0.1,4.0,0,True,1.0,False,,,2007-05-01,2026-06-30,27
ME,2021-06-30,0.008107063306673275,0.001894004533510597,-0.036406104373122646,0.04501408400664927,0.018609047473710498,0.018609047473710498,1.5178830414797062e-18,ALL,1M,carry,,inv_vol,0.4,60,ME,0.1,4.0,0,True,1.0,False,,,2007-05-01,2026-06-30,27
ME,2021-07-31,0.012788476536344203,0.0012694331366264312,-0.01727689335398233,-0.01408111362835996,-0.017300097309371657,-0.017300097309371647,-1.3444106938820255e-17,ALL,1M,carry,,inv_vol,0.4,60,ME,0.1,4.0,0,True,1.0,False,,,2007-05-01,2026-06-30,27
ME,2021-08-31,0.011462385531269782,0.00087471139435028,0.024619691280158784,0.010019047249280863,0.046975835455059706,0.046975835455059706,-2.3852447794681098e-18,ALL,1M,carry,,inv_vol,0.4,60,ME,0.1,4.0,0,True,1.0,False,,,2007-05-01,2026-06-30,27
ME,2021-09-30,0.012400761852688309,0.0005473635102250095,-0.06250540000713727,0.043639411328733425,-0.005917863315490529,-0.005917863315490524,-3.835365185167472e-18,ALL,1M,carry,,inv_vol,0.4,60,ME,0.1,4.0,0,True,1.0,False,,,2007-05-01,2026-06-30,27
ME,2021-10-31,0.013647064175018868,0.0009776570202939166,-0.05224337233380757,-0.011788425040224173,-0.049407076178718964,-0.049407076178718964,-3.2526065174565133e-19,ALL,1M,carry,,inv_vol,0.4,60,ME,0.1,4.0,0,True,1.0,False,,,2007-05-01,2026-06-30,27
ME,2021-11-30,0.010852957979856442,0.0009279543423988709,-0.13012532520754583,0.016092223669062253,-0.10225218921622825,-0.10225218921622824,-2.1250362580715887e-17,ALL,1M,carry,,inv_vol,0.4,60,ME,0.1,4.0,0,True,1.0,False,,,2007-05-01,2026-06-30,27
ME,2021-12-31,0.008982325093159193,0.001195541480507751,0.002453366573395303,-0.012669628324716195,-3.839517765394807e-05,-3.8395177653947204e-05,-3.2526065174565133e-19,ALL,1M,carry,,inv_vol,0.4,60,ME,0.1,4.0,0,True,1.0,False,,,2007-05-01,2026-06-30,27
ME,2022-01-31,0.006124509026682436,0.0004522621439798498,0.0305104080358282,0.011649688244378453,0.04873686745086894,0.048736867450868936,8.673617379884035e-19,ALL,1M,carry,,inv_vol,0.4,60,ME,0.1,4.0,0,True,1.0,False,,,2007-05-01,2026-06-30,27
ME,2022-02-28,0.0052176737195581925,0.0004496027430394535,0.008095679301358714,0.0027315782342890015,0.01649453399824536,0.016494533998245357,1.9244588561617704e-18,ALL,1M,carry,,inv_vol,0.4,60,ME,0.1,4.0,0,True,1.0,False,,,2007-05-01,2026-06-30,27
ME,2022-03-31,0.007565217977596833,0.0010512492745367282,0.028258697975099573,0.019256912120708278,0.056132077347941414,0.056132077347941414,-2.0599841277224584e-18,ALL,1M,carry,,inv_vol,0.4,60,ME,0.1,4.0,0,True,1.0,False,,,2007-05-01,2026-06-30,27
ME,2022-04-30,0.012448095107921093,0.0014245002171860723,-0.058094933361682144,0.0762690412929234,0.03204670325634843,0.03204670325634844,-5.9631119486702744e-18,ALL,1M,carry,,inv_vol,0.4,60,ME,0.1,4.0,0,True,1.0,False,,,2007-05-01,2026-06-30,27
ME,2022-05-31,0.02369172792224672,0.002064354324845896,-0.01026282334527116,-0.0146260001142127,0.0008672587876087561,0.0008672587876087474,1.1817803680091998e-17,ALL,1M,carry,,inv_vol,0.4,60,ME,0.1,4.0,0,True,1.0,False,,,2007-05-01,2026-06-30,27
ME,2022-06-30,0.025876400174253765,0.0024823195128387586,-0.07100442929410761,0.04751404274435598,0.0048683331373408955,0.0048683331373408955,4.336808689942018e-19,ALL,1M,carry,,inv_vol,0.4,60,ME,0.1,4.0,0,True,1.0,False,,,2007-05-01,2026-06-30,27
ME,2022-07-31,0.017940487231518806,0.0023434190856178737,-0.02204757461890015,0.01200028956903508,0.010236621267271605,0.010236621267271605,2.2768245622195593e-18,ALL,1M,carry,,inv_vol,0.4,60,ME,0.1,4.0,0,True,1.0,False,,,2007-05-01,2026-06-30,27
ME,2022-08-31,0.014674406494916846,0.0021632606098950405,-0.00977035787685085,0.027492049257242905,0.03455935848520394,0.03455935848520394,-1.5178830414797062e-18,ALL,1M,carry,,inv_vol,0.4,60,ME,0.1,4.0,0,True,1.0,False,,,2007-05-01,2026-06-30,27
ME,2022-09-30,0.01558107634861762,0.0024377719174384044,-0.03738695064322111,0.03813261441955411,0.018764512042389027,0.018764512042389023,1.8431436932253575e-18,ALL,1M,carry,,inv_vol,0.4,60,ME,0.1,4.0,0,True,1.0,False,,,2007-05-01,2026-06-30,27
ME,2022-10-31,0.01909753094352978,0.0029980308688397628,0.0043181989959512135,0.00037943610902144934,0.026793196917342207,0.026793196917342207,-9.75781955236954e-19,ALL,1M,carry,,inv_vol,0.4,60,ME,0.1,4.0,0,True,1.0,False,,,2007-05-01,2026-06-30,27
ME,2022-11-30,0.01632139140495987,0.00450726440417989,0.02700611422715176,-0.08741410723157561,-0.0395793371952841,-0.0395793371952841,5.637851296924623e-18,ALL,1M,carry,,inv_vol,0.4,60,ME,0.1,4.0,0,True,1.0,False,,,2007-05-01,2026-06-30,27
ME,2022-12-31,0.011607186023873296,0.004074487570175308,0.0024848685590848386,-0.031186091611289726,-0.013019549458156282,-0.013019549458156292,9.540979117872439e-18,ALL,1M,carry,,inv_vol,0.4,60,ME,0.1,4.0,0,True,1.0,False,,,2007-05-01,2026-06-30,27
ME,2023-01-31,0.012656972455978369,0.003491234417046845,0.025666751068906916,-0.023617496246436838,0.018197461695495295,0.01819746169549529,4.4994390158148434e-18,ALL,1M,carry,,inv_vol,0.4,60,ME,0.1,4.0,0,True,1.0,False,,,2007-05-01,2026-06-30,27
ME,2023-02-28,0.011998695765133226,0.0025797549567234223,-0.004771814192753592,0.04257857368985899,0.052385210218962044,0.052385210218962044,1.5178830414797062e-18,ALL,1M,carry,,inv_vol,0.4,60,ME,0.1,4.0,0,True,1.0,False,,,2007-05-01,2026-06-30,27
ME,2023-03-31,0.026960989601433453,0.0054965685054092234,0.015078275384219866,-0.0383851594912781,0.009150673999784455,0.009150673999784462,-9.974659986866641e-18,ALL,1M,carry,,inv_vol,0.4,60,ME,0.1,4.0,0,True,1.0,False,,,2007-05-01,2026-06-30,27
ME,2023-04-30,0.03089739094897633,0.0035710264220842752,-0.002249680941392327,0.0028511360088143067,0.035069872438482586,0.035069872438482586,-4.391018798566293e-18,ALL,1M,carry,,inv_vol,0.4,60,ME,0.1,4.0,0,True,1.0,False,,,2007-05-01,2026-06-30,27
ME,2023-05-31,0.05892951052215688,0.004512762427531049,-0.0305733076846212,0.03946981617545582,0.07233878144052254,0.07233878144052254,-4.0657581468206416e-19,ALL,1M,carry,,inv_vol,0.4,60,ME,0.1,4.0,0,True,1.0,False,,,2007-05-01,2026-06-30,27
ME,2023-06-30,0.027874050781548764,0.003822750639419808,-0.08729956737848901,0.01520444999809879,-0.04039831595942165,-0.04039831595942164,-1.3010426069826053e-18,ALL,1M,carry,,inv_vol,0.4,60,ME,0.1,4.0,0,True,1.0,False,,,2007-05-01,2026-06-30,27
ME,2023-07-31,0.009598792553973823,0.0034491891452230598,0.009528596533580716,-0.031608432755562826,-0.00903185452278523,-0.00903185452278523,-9.75781955236954e-19,ALL,1M,carry,,inv_vol,0.4,60,ME,0.1,4.0,0,True,1.0,False,,,2007-05-01,2026-06-30,27
ME,2023-08-31,0.010062625043217355,0.0032620417201823606,-0.024855690413439668,0.020841787029884897,0.009310763379844942,0.00931076337984494,1.734723475976807e-18,ALL,1M,carry,,inv_vol,0.4,60,ME,0.1,4.0,0,True,1.0,False,,,2007-05-01,2026-06-30,27
ME,2023-09-30,0.00982427666789791,0.0030406954835619526,-0.024801385365745495,0.030646838179777886,0.018710424965492252,0.018710424965492252,-1.2874900798265365e-18,ALL,1M,carry,,inv_vol,0.4,60,ME,0.1,4.0,0,True,1.0,False,,,2007-05-01,2026-06-30,27
ME,2023-10-31,0.014214900996335596,0.0036241192594023944,-0.016128322004077725,0.0019442923606425022,0.003654990612302777,0.0036549906123027696,4.553649124439119e-18,ALL,1M,carry,,inv_vol,0.4,60,ME,0.1,4.0,0,True,1.0,False,,,2007-05-01,2026-06-30,27
ME,2023-11-30,0.01276043615680149,0.003935091828902014,0.021161029154633033,-0.03697785866822937,0.0008786984721071665,0.0008786984721071657,0.0,ALL,1M,carry,,inv_vol,0.4,60,ME,0.1,4.0,0,True,1.0,False,,,2007-05-01,2026-06-30,27
ME,2023-12-31,0.016758549773752785,0.0039139917980027545,0.0015096944179640937,-0.03496052263608748,-0.012778286646367848,-0.012778286646367844,-3.469446951953614e-18,ALL,1M,carry,,inv_vol,0.4,60,ME,0.1,4.0,0,True,1.0,False,,,2007-05-01,2026-06-30,27
ME,2024-01-31,0.025018890994859308,0.00434595276764501,-0.020218290458192848,0.03618279666701154,0.045329349971323006,0.045329349971323006,9.75781955236954e-19,ALL,1M,carry,,inv_vol,0.4,60,ME,0.1,4.0,0,True,1.0,False,,,2007-05-01,2026-06-30,27
ME,2024-02-29,0.02787164145095189,0.004342993353134922,-0.03592564287474631,0.018614665213493985,0.01490365714283449,0.014903657142834491,-2.1141942363467336e-18,ALL,1M,carry,,inv_vol,0.4,60,ME,0.1,4.0,0,True,1.0,False,,,2007-05-01,2026-06-30,27
ME,2024-03-31,0.049701577724223595,0.006801380905832059,-0.026610191909026765,0.021139495841634097,0.05103226256266299,0.05103226256266299,6.505213034913027e-19,ALL,1M,carry,,inv_vol,0.4,60,ME,0.1,4.0,0,True,1.0,False,,,2007-05-01,2026-06-30,27
ME,2024-04-30,0.040118033673684356,0.00658543263451335,-0.03562895204760834,0.04464706848415673,0.05572158274474609,0.0557215827447461,-7.15573433840433e-18,ALL,1M,carry,,inv_vol,0.4,60,ME,0.1,4.0,0,True,1.0,False,,,2007-05-01,2026-06-30,27
ME,2024-05-31,0.02789050809868688,0.00535378280135383,-0.000317033142291848,-0.01264666889844756,0.0202805888593013,0.020280588859301302,-3.144186300207963e-18,ALL,1M,carry,,inv_vol,0.4,60,ME,0.1,4.0,0,True,1.0,False,,,2007-05-01,2026-06-30,27
ME,2024-06-30,0.027629589467143324,0.005085337284146735,-0.06210569989069518,0.010176709150191329,-0.01921406398921379,-0.019214063989213784,-5.800481622797449e-18,ALL,1M,carry,,inv_vol,0.4,60,ME,0.1,4.0,0,True,1.0,False,,,2007-05-01,2026-06-30,27
ME,2024-07-31,0.02775675901887465,0.004829296418789012,-0.009159806524192373,-0.03776500687661887,-0.01433875796314758,-0.014338757963147573,-5.854691731421724e-18,ALL,1M,carry,,inv_vol,0.4,60,ME,0.1,4.0,0,True,1.0,False,,,2007-05-01,2026-06-30,27
ME,2024-08-31,0.025491706274061218,0.005562889508904182,-0.03418070050323397,-0.04913278045721871,-0.05225888517748728,-0.05225888517748729,1.0299920638612292e-18,ALL,1M,carry,,inv_vol,0.4,60,ME,0.1,4.0,0,True,1.0,False,,,2007-05-01,2026-06-30,27
ME,2024-09-30,0.02056981425894484,0.003872600308030785,0.008867327484206072,-0.030350438121236965,0.0029593039299447284,0.0029593039299447297,-7.589415207398531e-19,ALL,1M,carry,,inv_vol,0.4,60,ME,0.1,4.0,0,True,1.0,False,,,2007-05-01,2026-06-30,27
ME,2024-10-31,0.02199549152820924,0.0032895884289874944,-0.027747038969006148,0.03470105002503762,0.0322390910132282,0.0322390910132282,-1.3552527156068805e-19,ALL,1M,carry,,inv_vol,0.4,60,ME,0.1,4.0,0,True,1.0,False,,,2007-05-01,2026-06-30,27
ME,2024-11-30,0.024849892686962166,0.0036209938414418163,-0.024361041243479126,0.024501230652417882,0.028611075937342738,0.028611075937342745,-7.047314121155779e-18,ALL,1M,carry,,inv_vol,0.4,60,ME,0.1,4.0,0,True,1.0,False,,,2007-05-01,2026-06-30,27
ME,2024-12-31,0.027890230877205994,0.004065014484126919,-0.03546219288876361,0.032590200427264626,0.02908325289983393,0.029083252899833933,-1.734723475976807e-18,ALL,1M,carry,,inv_vol,0.4,60,ME,0.1,4.0,0,True,1.0,False,,,2007-05-01,2026-06-30,27
ME,2025-01-31,0.02660982318257324,0.004300338558687765,-0.0009940858185410796,-0.013599334642720189,0.016316741279999734,0.01631674127999973,1.1926223897340549e-18,ALL,1M,carry,,inv_vol,0.4,60,ME,0.1,4.0,0,True,1.0,False,,,2007-05-01,2026-06-30,27
ME,2025-02-28,0.02670462349334067,0.004666367123008091,-0.01288366552964594,-0.019679886684251836,-0.0011925615975490154,-0.0011925615975490102,-3.0357660829594124e-18,ALL,1M,carry,,inv_vol,0.4,60,ME,0.1,4.0,0,True,1.0,False,,,2007-05-01,2026-06-30,27
ME,2025-03-31,0.030612866389290092,0.005087391158737132,-0.01998977970784379,-0.02938428594443841,-0.01367380810425497,-0.013673808104254984,1.3444106938820255e-17,ALL,1M,carry,,inv_vol,0.4,60,ME,0.1,4.0,0,True,1.0,False,,,2007-05-01,2026-06-30,27
ME,2025-04-30,0.02025562424555628,0.004894489559221967,-0.0016666379546641723,-0.05831324621795753,-0.034829770367843446,-0.03482977036784344,-4.553649124439119e-18,ALL,1M,carry,,inv_vol,0.4,60,ME,0.1,4.0,0,True,1.0,False,,,2007-05-01,2026-06-30,27
ME,2025-05-31,0.02003984157002121,0.003536440354520835,0.002760255326706028,-0.00524705542013702,0.02108948183111105,0.021089481831111055,-1.1926223897340549e-18,ALL,1M,carry,,inv_vol,0.4,60,ME,0.1,4.0,0,True,1.0,False,,,2007-05-01,2026-06-30,27
ME,2025-06-30,0.016462426045683116,0.0032315355686533876,0.016483117341431937,-0.018614008465879874,0.017563070489888564,0.017563070489888567,-2.0599841277224584e-18,ALL,1M,carry,,inv_vol,0.4,60,ME,0.1,4.0,0,True,1.0,False,,,2007-05-01,2026-06-30,27
ME,2025-07-31,0.020577450593034428,0.004007091363982088,-0.03164811273350925,0.029511619202006307,0.02244804842551357,0.02244804842551357,8.673617379884035e-19,ALL,1M,carry,,inv_vol,0.4,60,ME,0.1,4.0,0,True,1.0,False,,,2007-05-01,2026-06-30,27
ME,2025-08-31,0.029143729766024765,0.005992783245904201,0.026621214308530775,-0.03330036889849792,0.028457358421961825,0.028457358421961825,6.505213034913027e-19,ALL,1M,carry,,inv_vol,0.4,60,ME,0.1,4.0,0,True,1.0,False,,,2007-05-01,2026-06-30,27
ME,2025-09-30,0.034884661230829464,0.007000607709835047,0.021059750653672393,0.0020673180171082925,0.06501233761144519,0.06501233761144519,2.1141942363467336e-18,ALL,1M,carry,,inv_vol,0.4,60,ME,0.1,4.0,0,True,1.0,False,,,2007-05-01,2026-06-30,27
ME,2025-10-31,0.047568615913712,0.009348367848488639,-0.022624969094720383,0.02901580592798558,0.06330782059546583,0.06330782059546583,-6.071532165918825e-18,ALL,1M,carry,,inv_vol,0.4,60,ME,0.1,4.0,0,True,1.0,False,,,2007-05-01,2026-06-30,27
ME,2025-11-30,0.02945272369844747,0.005851507935932435,0.016798178008695843,-0.007366235726067125,0.044736173917008626,0.044736173917008626,-1.8431436932253575e-18,ALL,1M,carry,,inv_vol,0.4,60,ME,0.1,4.0,0,True,1.0,False,,,2007-05-01,2026-06-30,27
ME,2025-12-31,0.030033055058588,0.006037324933304956,-0.002846745110125514,-0.02826326558269707,0.004960369299070373,0.0049603692990703675,3.469446951953614e-18,ALL,1M,carry,,inv_vol,0.4,60,ME,0.1,4.0,0,True,1.0,False,,,2007-05-01,2026-06-30,27
ME,2026-01-31,0.027662923682885296,0.005148645135644512,-0.0021658002827698933,-0.027818946006017788,0.002826822529742127,0.002826822529742127,0.0,ALL,1M,carry,,inv_vol,0.4,60,ME,0.1,4.0,0,True,1.0,False,,,2007-05-01,2026-06-30,27
ME,2026-02-28,0.027164448337434557,0.005096204542762153,0.007389356468880398,-0.013483650325065499,0.026166359024011612,0.02616635902401161,0.0,ALL,1M,carry,,inv_vol,0.4,60,ME,0.1,4.0,0,True,1.0,False,,,2007-05-01,2026-06-30,27
ME,2026-03-31,0.042822860326417175,0.006419827995135116,-0.04075151834613718,0.04650809443521381,0.05499926441062892,0.054999264410628926,-2.168404344971009e-18,ALL,1M,carry,,inv_vol,0.4,60,ME,0.1,4.0,0,True,1.0,False,,,2007-05-01,2026-06-30,27
ME,2026-04-30,0.035553137922623664,0.0059556566180125215,-0.007624491612702704,-0.03200045033612915,0.0018838525918043261,0.0018838525918043296,-4.228388472693467e-18,ALL,1M,carry,,inv_vol,0.4,60,ME,0.1,4.0,0,True,1.0,False,,,2007-05-01,2026-06-30,27
ME,2026-05-31,0.03929080084699713,0.006665545985959142,-0.021919331979257974,-0.0017166371260034026,0.022320377727694896,0.022320377727694893,2.3852447794681098e-18,ALL,1M,carry,,inv_vol,0.4,60,ME,0.1,4.0,0,True,1.0,False,,,2007-05-01,2026-06-30,27
ME,2026-06-30,0.043604743278917744,0.007696198082331939,-0.00838402227178985,0.049086302426225616,0.09200322151568545,0.09200322151568543,4.336808689942018e-18,ALL,1M,carry,,inv_vol,0.4,60,ME,0.1,4.0,0,True,1.0,False,,,2007-05-01,2026-06-30,27
QE,2007-06-30,0.02265750140711409,0.010089239780110552,0.04199589626913727,0.014537132494412134,0.08927976995077405,0.08927976995077404,1.1058862159352145e-17,ALL,1M,carry,,inv_vol,0.4,60,ME,0.1,4.0,0,True,1.0,False,,,2007-05-01,2026-06-30,27
QE,2007-09-30,0.030832477266099702,0.012130406459939798,0.08155540159460813,-0.055280301868487966,0.06923798345215966,0.06923798345215966,2.168404344971009e-19,ALL,1M,carry,,inv_vol,0.4,60,ME,0.1,4.0,0,True,1.0,False,,,2007-05-01,2026-06-30,27
QE,2007-12-31,0.018382845526940948,0.008226619569942023,0.00025747097865419944,-0.029036901558152,-0.0021699654826148255,-0.002169965482614835,8.944667923005412e-18,ALL,1M,carry,,inv_vol,0.4,60,ME,0.1,4.0,0,True,1.0,False,,,2007-05-01,2026-06-30,27
QE,2008-03-31,0.021726891751305627,0.007024863669924961,-0.015855305473024946,-0.07147735317986005,-0.058580903231654415,-0.05858090323165442,3.550762114890027e-18,ALL,1M,carry,,inv_vol,0.4,60,ME,0.1,4.0,0,True,1.0,False,,,2007-05-01,2026-06-30,27
QE,2008-06-30,0.02625272472074797,0.004419818213537946,0.013115325887558605,0.037997499304920676,0.0817853681267652,0.08178536812676519,5.637851296924623e-18,ALL,1M,carry,,inv_vol,0.4,60,ME,0.1,4.0,0,True,1.0,False,,,2007-05-01,2026-06-30,27
QE,2008-09-30,0.03085433527387657,0.004088056695442201,-0.09206799587741595,0.0564224047999702,-0.0007031991081269812,-0.0007031991081269985,2.054563116860031e-17,ALL,1M,carry,,inv_vol,0.4,60,ME,0.1,4.0,0,True,1.0,False,,,2007-05-01,2026-06-30,27
QE,2008-12-31,0.01484872867781959,0.0022727422335503456,-0.08974674915480856,0.005590081112803326,-0.06703519713063529,-0.0670351971306353,8.863352760068999e-18,ALL,1M,carry,,inv_vol,0.4,60,ME,0.1,4.0,0,True,1.0,False,,,2007-05-01,2026-06-30,27
QE,2009-03-31,0.015299141230200488,0.0003171977830590997,-0.015201176903090018,0.029554467771071968,0.029969629881241536,0.02996962988124153,7.914675859144182e-18,ALL,1M,carry,,inv_vol,0.4,60,ME,0.1,4.0,0,True,1.0,False,,,2007-05-01,2026-06-30,27
QE,2009-06-30,0.01901576919770697,0.0009107264748898419,0.12364898604793136,-0.061740501178352815,0.08183498054217536,0.08183498054217533,2.1575623232461538e-17,ALL,1M,carry,,inv_vol,0.4,60,ME,0.1,4.0,0,True,1.0,False,,,2007-05-01,2026-06-30,27
QE,2009-09-30,0.01987853474178572,0.0022546662959365134,0.050786035328349535,-0.0415881731881006,0.031331063177971165,0.031331063177971165,-6.0173220572945496e-18,ALL,1M,carry,,inv_vol,0.4,60,ME,0.1,4.0,0,True,1.0,False,,,2007-05-01,2026-06-30,27
QE,2009-12-31,0.021130880013464217,0.0024339392386338718,0.0021232987816372515,-0.006135240713689488,0.019552877320045854,0.01955287732004587,-1.6317242695906842e-17,ALL,1M,carry,,inv_vol,0.4,60,ME,0.1,4.0,0,True,1.0,False,,,2007-05-01,2026-06-30,27
QE,2010-03-31,0.025164563098894803,0.001133991403727052,-0.010974993613815062,-0.00036825611711793684,0.01495530477168886,0.014955304771688858,-1.6263032587282567e-19,ALL,1M,carry,,inv_vol,0.4,60,ME,0.1,4.0,0,True,1.0,False,,,2007-05-01,2026-06-30,27
QE,2010-06-30,0.025889551783976467,0.001521574595758615,-0.0700128694487529,0.06800582074956715,0.025404077680549336,0.025404077680549315,1.680513367352532e-17,ALL,1M,carry,,inv_vol,0.4,60,ME,0.1,4.0,0,True,1.0,False,,,2007-05-01,2026-06-30,27
QE,2010-09-30,0.019986819174497305,0.0017813093372958438,0.06913655317023933,-0.09426746389008774,-0.003362782208055246,-0.003362782208055238,-6.993104012531504e-18,ALL,1M,carry,,inv_vol,0.4,60,ME,0.1,4.0,0,True,1.0,False,,,2007-05-01,2026-06-30,27
QE,2010-12-31,0.03786653092443794,0.008273477600993414,-0.0011161253363772203,-0.02979324247049257,0.015230640718561568,0.01523064071856157,-7.15573433840433e-18,ALL,1M,carry,,inv_vol,0.4,60,ME,0.1,4.0,0,True,1.0,False,,,2007-05-01,2026-06-30,27
QE,2011-03-31,0.035732468096264736,0.004405413173827179,0.03108499181940021,-0.011126485161534106,0.060096387927958024,0.060096387927958024,1.3010426069826053e-18,ALL,1M,carry,,inv_vol,0.4,60,ME,0.1,4.0,0,True,1.0,False,,,2007-05-01,2026-06-30,27
QE,2011-06-30,0.03329422321284349,0.001422426632882061,-0.007865179341357123,-0.084166108962658,-0.05731463845828956,-0.057314638458289574,7.37257477290143e-18,ALL,1M,carry,,inv_vol,0.4,60,ME,0.1,4.0,0,True,1.0,False,,,2007-05-01,2026-06-30,27
QE,2011-09-30,0.034325424881350465,0.0002821772018972014,-0.11868724517353245,-0.021362087589793397,-0.10544173068007819,-0.10544173068007819,-1.0842021724855044e-18,ALL,1M,carry,,inv_vol,0.4,60,ME,0.1,4.0,0,True,1.0,False,,,2007-05-01,2026-06-30,27
QE,2011-12-31,0.01853165695672976,0.00017438460416051123,-0.03505544309691701,0.012354142299857752,-0.003995259236168985,-0.003995259236168985,-4.607859233063394e-18,ALL,1M,carry,,inv_vol,0.4,60,ME,0.1,4.0,0,True,1.0,False,,,2007-05-01,2026-06-30,27
QE,2012-03-31,0.030928101623106687,0.00045843644987036606,0.02747759686507492,-0.0070284425700303955,0.051835692368021574,0.05183569236802158,-5.990217002982412e-18,ALL,1M,carry,,inv_vol,0.4,60,ME,0.1,4.0,0,True,1.0,False,,,2007-05-01,2026-06-30,27
QE,2012-06-30,0.0315720933074725,0.00040293433659349405,-0.1057185944937867,0.022387055059122803,-0.05135651179059791,-0.051356511790597914,3.333921680392926e-18,ALL,1M,carry,,inv_vol,0.4,60,ME,0.1,4.0,0,True,1.0,False,,,2007-05-01,2026-06-30,27
QE,2012-09-30,0.024021953276582245,0.0008750448161536291,0.022226316504106353,-0.03939567399136349,0.0077276406054787375,0.007727640605478736,2.168404344971009e-18,ALL,1M,carry,,inv_vol,0.4,60,ME,0.1,4.0,0,True,1.0,False,,,2007-05-01,2026-06-30,27
QE,2012-12-31,0.03541688707968888,0.001634528866692909,0.01984955005929806,0.03390794355909044,0.09080890956477028,0.09080890956477027,1.5504091066542713e-17,ALL,1M,carry,,inv_vol,0.4,60,ME,0.1,4.0,0,True,1.0,False,,,2007-05-01,2026-06-30,27
QE,2013-03-31,0.03376541758717674,0.0015864875800431545,-0.048744602625857475,0.06109610487641678,0.047703407417779196,0.04770340741777919,4.580754178751256e-18,ALL,1M,carry,,inv_vol,0.4,60,ME,0.1,4.0,0,True,1.0,False,,,2007-05-01,2026-06-30,27
QE,2013-06-30,0.03306237394552878,0.00030322773899741067,-0.14495109604091821,0.0699639342687773,-0.04162156008761472,-0.04162156008761472,-1.5178830414797062e-17,ALL,1M,carry,,inv_vol,0.4,60,ME,0.1,4.0,0,True,1.0,False,,,2007-05-01,2026-06-30,27
QE,2013-09-30,0.018501060547955642,0.00036535499377336175,-0.04426067142652421,-0.025719736369600985,-0.0511139922543962,-0.0511139922543962,1.6805133673525319e-18,ALL,1M,carry,,inv_vol,0.4,60,ME,0.1,4.0,0,True,1.0,False,,,2007-05-01,2026-06-30,27
QE,2013-12-31,0.025696600441346643,0.0014569481734801,-0.0797227573871452,0.013840466421929305,-0.03872874235038915,-0.03872874235038915,3.130633773051894e-18,ALL,1M,carry,,inv_vol,0.4,60,ME,0.1,4.0,0,True,1.0,False,,,2007-05-01,2026-06-30,27
QE,2014-03-31,0.03548595067972327,6.17351199583193e-05,0.022993279399390353,-0.006286823112508324,0.05225414208656362,0.05225414208656362,-4.336808689942018e-19,ALL,1M,carry,,inv_vol,0.4,60,ME,0.1,4.0,0,True,1.0,False,,,2007-05-01,2026-06-30,27
QE,2014-06-30,0.03953582237042739,0.00012089963096825342,-0.02539332154342195,-0.015549699912121061,-0.0012862994541473693,-0.0012862994541473797,7.752045533271357e-18,ALL,1M,carry,,inv_vol,0.4,60,ME,0.1,4.0,0,True,1.0,False,,,2007-05-01,2026-06-30,27
QE,2014-09-30,0.038606705564038196,0.0008055914819430976,-0.12245906745758227,0.14346083469652174,0.06041406428492078,0.060414064284920785,-6.3696877633523385e-18,ALL,1M,carry,,inv_vol,0.4,60,ME,0.1,4.0,0,True,1.0,False,,,2007-05-01,2026-06-30,27
QE,2014-12-31,0.027048870661278868,0.0008470756683145004,-0.050969707957372004,0.08709042282056839,0.06401666119278976,0.06401666119278977,-2.222614453595284e-17,ALL,1M,carry,,inv_vol,0.4,60,ME,0.1,4.0,0,True,1.0,False,,,2007-05-01,2026-06-30,27
QE,2015-03-31,0.015349204752480338,0.000998489280123412,-0.04749993375464782,0.03706465113749596,0.005912411415451893,0.005912411415451902,-1.100465205072787e-17,ALL,1M,carry,,inv_vol,0.4,60,ME,0.1,4.0,0,True,1.0,False,,,2007-05-01,2026-06-30,27
QE,2015-06-30,0.024655773894497773,0.001721698838909834,-0.02705675008001065,-0.020506570701784577,-0.02118584804838762,-0.02118584804838762,-1.7618285302889447e-18,ALL,1M,carry,,inv_vol,0.4,60,ME,0.1,4.0,0,True,1.0,False,,,2007-05-01,2026-06-30,27
QE,2015-09-30,0.026859742629727647,0.0019084616606402003,-0.0894363108394629,0.016972867699232355,-0.043695238849862685,-0.04369523884986269,4.54009659728305e-18,ALL,1M,carry,,inv_vol,0.4,60,ME,0.1,4.0,0,True,1.0,False,,,2007-05-01,2026-06-30,27
QE,2015-12-31,0.021358069436135187,0.002677431099555403,-0.013457714532250722,0.001785592880773708,0.012363378884213582,0.012363378884213587,-1.0083080204115191e-17,ALL,1M,carry,,inv_vol,0.4,60,ME,0.1,4.0,0,True,1.0,False,,,2007-05-01,2026-06-30,27
QE,2016-03-31,0.020565787776974896,0.003054678876632042,0.05038954920786998,-0.05329275539500724,0.020717260466469677,0.020717260466469673,2.791820594150174e-18,ALL,1M,carry,,inv_vol,0.4,60,ME,0.1,4.0,0,True,1.0,False,,,2007-05-01,2026-06-30,27
QE,2016-06-30,0.026726304023895656,0.004309739003658395,0.02106657593131427,0.017953100787936944,0.07005571974680527,0.07005571974680525,2.4936649967166602e-17,ALL,1M,carry,,inv_vol,0.4,60,ME,0.1,4.0,0,True,1.0,False,,,2007-05-01,2026-06-30,27
QE,2016-09-30,0.024484777703410898,0.005477767114246401,-0.004868328014751629,-0.007143154147868967,0.017951062655036695,0.017951062655036702,-2.3310346708438345e-18,ALL,1M,carry,,inv_vol,0.4,60,ME,0.1,4.0,0,True,1.0,False,,,2007-05-01,2026-06-30,27
QE,2016-12-31,0.021807375667123256,0.005761760273565184,-0.07198859630268543,0.08204572328858267,0.03762626292658568,0.03762626292658567,6.532318089225164e-18,ALL,1M,carry,,inv_vol,0.4,60,ME,0.1,4.0,0,True,1.0,False,,,2007-05-01,2026-06-30,27
QE,2017-03-31,0.02476400157639552,0.005741993559252476,0.04701225014257678,-0.0239307580272546,0.05358748725097018,0.05358748725097017,4.87890977618477e-18,ALL,1M,carry,,inv_vol,0.4,60,ME,0.1,4.0,0,True,1.0,False,,,2007-05-01,2026-06-30,27
QE,2017-06-30,0.019481486623181953,0.005237865254251307,-0.008880261452472421,-0.056005461190082206,-0.040166370765121355,-0.04016637076512136,1.7618285302889447e-18,ALL,1M,carry,,inv_vol,0.4,60,ME,0.1,4.0,0,True,1.0,False,,,2007-05-01,2026-06-30,27
QE,2017-09-30,0.01970136864857276,0.00587649841886669,-0.00023658200790836612,-0.011192036868239176,0.014149248191291907,0.014149248191291918,-1.4474099002681484e-17,ALL,1M,carry,,inv_vol,0.4,60,ME,0.1,4.0,0,True,1.0,False,,,2007-05-01,2026-06-30,27
QE,2017-12-31,0.02080400146828638,0.008943928925857676,-0.015855735362499648,-0.008272730564965525,0.005619464466678892,0.005619464466678899,-5.312590645178972e-18,ALL,1M,carry,,inv_vol,0.4,60,ME,0.1,4.0,0,True,1.0,False,,,2007-05-01,2026-06-30,27
QE,2018-03-31,0.022389629527073143,0.01011713305962311,-0.0011755771206730663,-0.029046260230810084,0.002284925235213099,0.0022849252352131,-2.168404344971009e-18,ALL,1M,carry,,inv_vol,0.4,60,ME,0.1,4.0,0,True,1.0,False,,,2007-05-01,2026-06-30,27
QE,2018-06-30,0.025027665136629754,0.012491889065936944,-0.14370189983879347,0.08865640093082175,-0.01752594470540504,-0.017525944705405045,1.2468324983583301e-18,ALL,1M,carry,,inv_vol,0.4,60,ME,0.1,4.0,0,True,1.0,False,,,2007-05-01,2026-06-30,27
QE,2018-09-30,0.022540584840391332,0.010510055293610512,-0.13400262538699112,0.014620087667475742,-0.08633189758551355,-0.08633189758551353,-1.441988889405721e-17,ALL,1M,carry,,inv_vol,0.4,60,ME,0.1,4.0,0,True,1.0,False,,,2007-05-01,2026-06-30,27
QE,2018-12-31,0.017981661272217776,0.010487123812786985,0.01643382075385816,-0.01311982800359984,0.03178277783526308,0.03178277783526308,7.399679827213568e-18,ALL,1M,carry,,inv_vol,0.4,60,ME,0.1,4.0,0,True,1.0,False,,,2007-05-01,2026-06-30,27
QE,2019-03-31,0.028517663475637837,0.012064530351620069,0.0002808322427060873,0.024458383248950773,0.06532140931891477,0.06532140931891477,2.9815559743351372e-18,ALL,1M,carry,,inv_vol,0.4,60,ME,0.1,4.0,0,True,1.0,False,,,2007-05-01,2026-06-30,27
QE,2019-06-30,0.027521115901685548,0.014265738938259432,-0.00795747031108109,-0.029551565986227567,0.004277818542636324,0.00427781854263632,1.0299920638612292e-18,ALL,1M,carry,,inv_vol,0.4,60,ME,0.1,4.0,0,True,1.0,False,,,2007-05-01,2026-06-30,27
QE,2019-09-30,0.0254060455985787,0.012128358998722269,-0.025734266952968092,0.0640225970391048,0.07582273468343768,0.07582273468343768,2.8189256484623115e-18,ALL,1M,carry,,inv_vol,0.4,60,ME,0.1,4.0,0,True,1.0,False,,,2007-05-01,2026-06-30,27
QE,2019-12-31,0.023320082470218974,0.012230196690879077,0.03374676936119892,-0.07040616087736143,-0.0011091123550644542,-0.0011091123550644503,-3.577867169202165e-18,ALL,1M,carry,,inv_vol,0.4,60,ME,0.1,4.0,0,True,1.0,False,,,2007-05-01,2026-06-30,27
QE,2020-03-31,0.03452837973094377,0.012336839974883626,-0.2572552442237191,0.03179954096729626,-0.17859048355059548,-0.17859048355059545,-2.3310346708438345e-17,ALL,1M,carry,,inv_vol,0.4,60,ME,0.1,4.0,0,True,1.0,False,,,2007-05-01,2026-06-30,27
QE,2020-06-30,0.016395273538686417,0.002036192509827846,0.01982618133457671,-0.020841128916778976,0.01741651846631199,0.017416518466311988,8.456776945386935e-18,ALL,1M,carry,,inv_vol,0.4,60,ME,0.1,4.0,0,True,1.0,False,,,2007-05-01,2026-06-30,27
QE,2020-09-30,0.028616538303783735,0.0027749170523782164,-0.029729081696334612,-0.02289838555182963,-0.021236011892002297,-0.0212360118920023,6.288372600415926e-18,ALL,1M,carry,,inv_vol,0.4,60,ME,0.1,4.0,0,True,1.0,False,,,2007-05-01,2026-06-30,27
QE,2020-12-31,0.02284085956296718,0.0034453462519516967,0.09504801488207983,-0.087570650740378,0.033763569956620706,0.03376356995662069,9.81880592457185e-18,ALL,1M,carry,,inv_vol,0.4,60,ME,0.1,4.0,0,True,1.0,False,,,2007-05-01,2026-06-30,27
QE,2021-03-31,0.02589802733280948,0.002767225176907896,-0.05750064920145451,0.08137479345665904,0.05253939676492191,0.052539396764921906,4.2825985813177425e-18,ALL,1M,carry,,inv_vol,0.4,60,ME,0.1,4.0,0,True,1.0,False,,,2007-05-01,2026-06-30,27
QE,2021-06-30,0.023422177088895067,0.004029973680135414,0.0011293886520258659,-0.010930035294060891,0.01765150412699546,0.017651504126995465,-1.5178830414797062e-18,ALL,1M,carry,,inv_vol,0.4,60,ME,0.1,4.0,0,True,1.0,False,,,2007-05-01,2026-06-30,27
QE,2021-09-30,0.036651623920302294,0.002691508041201721,-0.05516260208096081,0.03957734494965433,0.023757874830197517,0.023757874830197537,-1.9664716903455837e-17,ALL,1M,carry,,inv_vol,0.4,60,ME,0.1,4.0,0,True,1.0,False,,,2007-05-01,2026-06-30,27
QE,2021-12-31,0.033482347248034505,0.0031011528432005387,-0.1799153309679581,-0.008365829695878119,-0.15169766057260117,-0.15169766057260115,-2.190088388420719e-17,ALL,1M,carry,,inv_vol,0.4,60,ME,0.1,4.0,0,True,1.0,False,,,2007-05-01,2026-06-30,27
QE,2022-03-31,0.018907400723837463,0.0019531141615560313,0.06686478531228648,0.03363817859937573,0.12136347879705571,0.12136347879705571,7.318364664277155e-19,ALL,1M,carry,,inv_vol,0.4,60,ME,0.1,4.0,0,True,1.0,False,,,2007-05-01,2026-06-30,27
QE,2022-06-30,0.06201622320442157,0.005971174054870727,-0.13936218600106093,0.1091570839230667,0.03778229518129809,0.03778229518129808,6.288372600415926e-18,ALL,1M,carry,,inv_vol,0.4,60,ME,0.1,4.0,0,True,1.0,False,,,2007-05-01,2026-06-30,27
QE,2022-09-30,0.048195970075053274,0.006944451612951319,-0.0692048831389721,0.07762495324583209,0.06356049179486457,0.06356049179486457,2.6020852139652106e-18,ALL,1M,carry,,inv_vol,0.4,60,ME,0.1,4.0,0,True,1.0,False,,,2007-05-01,2026-06-30,27
QE,2022-12-31,0.04702610837236294,0.01157978284319496,0.03380918178218781,-0.1182207627338439,-0.02580568973609818,-0.02580568973609819,1.4203048459560108e-17,ALL,1M,carry,,inv_vol,0.4,60,ME,0.1,4.0,0,True,1.0,False,,,2007-05-01,2026-06-30,27
QE,2023-03-31,0.05161665782254505,0.01156755787917949,0.03597321226037319,-0.01942408204785594,0.07973334591424178,0.07973334591424179,-3.957337929572091e-18,ALL,1M,carry,,inv_vol,0.4,60,ME,0.1,4.0,0,True,1.0,False,,,2007-05-01,2026-06-30,27
QE,2023-06-30,0.11770095225268197,0.011906539489035133,-0.12012255600450254,0.057525402182368915,0.06701033791958348,0.06701033791958348,-6.0986372202309624e-18,ALL,1M,carry,,inv_vol,0.4,60,ME,0.1,4.0,0,True,1.0,False,,,2007-05-01,2026-06-30,27
QE,2023-09-30,0.02948569426508909,0.009751926348967373,-0.04012847924560445,0.019880192454099953,0.01898933382255196,0.01898933382255196,-5.285485590866834e-19,ALL,1M,carry,,inv_vol,0.4,60,ME,0.1,4.0,0,True,1.0,False,,,2007-05-01,2026-06-30,27
QE,2023-12-31,0.04373388692688987,0.011473202886307163,0.006542401568519404,-0.06999408894367434,-0.008244597561957907,-0.00824459756195791,1.0842021724855044e-18,ALL,1M,carry,,inv_vol,0.4,60,ME,0.1,4.0,0,True,1.0,False,,,2007-05-01,2026-06-30,27
QE,2024-03-31,0.10259211017003479,0.015490327026611992,-0.08275412524196593,0.07593695772213963,0.11126526967682047,0.11126526967682049,-4.87890977618477e-19,ALL,1M,carry,,inv_vol,0.4,60,ME,0.1,4.0,0,True,1.0,False,,,2007-05-01,2026-06-30,27
QE,2024-06-30,0.09563813123951456,0.017024552720013915,-0.09805168508059536,0.0421771087359005,0.05678810761483359,0.05678810761483362,-1.610040226140974e-17,ALL,1M,carry,,inv_vol,0.4,60,ME,0.1,4.0,0,True,1.0,False,,,2007-05-01,2026-06-30,27
QE,2024-09-30,0.07381827955188071,0.01426478623572398,-0.034473179543220274,-0.11724822545507455,-0.06363833921069013,-0.06363833921069012,-5.583641188300348e-18,ALL,1M,carry,,inv_vol,0.4,60,ME,0.1,4.0,0,True,1.0,False,,,2007-05-01,2026-06-30,27
QE,2024-12-31,0.0747356150923774,0.010975596754556229,-0.08757027310124887,0.09179248110472013,0.08993341985040487,0.08993341985040489,-8.917562868693274e-18,ALL,1M,carry,,inv_vol,0.4,60,ME,0.1,4.0,0,True,1.0,False,,,2007-05-01,2026-06-30,27
QE,2025-03-31,0.083927313065204,0.014054096840432987,-0.03386753105603081,-0.06266350727141043,0.0014503715781957454,0.001450371578195735,1.1600963245594897e-17,ALL,1M,carry,,inv_vol,0.4,60,ME,0.1,4.0,0,True,1.0,False,,,2007-05-01,2026-06-30,27
QE,2025-06-30,0.0567578918612606,0.01166246548239619,0.01757673471347379,-0.08217431010397443,0.00382278195315617,0.003822781953156178,-7.806255641895632e-18,ALL,1M,carry,,inv_vol,0.4,60,ME,0.1,4.0,0,True,1.0,False,,,2007-05-01,2026-06-30,27
QE,2025-09-30,0.08460584158988865,0.017000482319721337,0.016032852228693915,-0.0017214316793833194,0.11591774445892059,0.11591774445892059,3.63207727782644e-18,ALL,1M,carry,,inv_vol,0.4,60,ME,0.1,4.0,0,True,1.0,False,,,2007-05-01,2026-06-30,27
QE,2025-12-31,0.10705439467074747,0.02123720071772603,-0.008673536196150054,-0.006613695380778616,0.11300436381154483,0.11300436381154483,-4.445228907190568e-18,ALL,1M,carry,,inv_vol,0.4,60,ME,0.1,4.0,0,True,1.0,False,,,2007-05-01,2026-06-30,27
QE,2026-03-31,0.09765023234673703,0.01666467767354178,-0.03552796216002668,0.0052054981041305265,0.08399244596438266,0.08399244596438266,-2.168404344971009e-18,ALL,1M,carry,,inv_vol,0.4,60,ME,0.1,4.0,0,True,1.0,False,,,2007-05-01,2026-06-30,27
QE,2026-06-30,0.11844868204853853,0.020317400686303604,-0.03792784586375053,0.015369214964093065,0.11620745183518466,0.11620745183518466,2.4936649967166602e-18,ALL,1M,carry,,inv_vol,0.4,60,ME,0.1,4.0,0,True,1.0,False,,,2007-05-01,2026-06-30,27
YE,2007-12-31,0.07187282420015474,0.030446265809992375,0.1238087688423996,-0.06978007093222784,0.1563477879203189,0.15634778792031886,2.0220370516854658e-17,ALL,1M,carry,,inv_vol,0.4,60,ME,0.1,4.0,0,True,1.0,False,,,2007-05-01,2026-06-30,27
YE,2008-12-31,0.09368268042374976,0.017805480812455452,-0.18455472461769085,0.028532632037834144,-0.04453393134365148,-0.044533931343651516,3.859759734048396e-17,ALL,1M,carry,,inv_vol,0.4,60,ME,0.1,4.0,0,True,1.0,False,,,2007-05-01,2026-06-30,27
YE,2009-12-31,0.07532432518315739,0.0059165297925193264,0.1613571432548281,-0.07990944730907093,0.16268855092143392,0.16268855092143392,7.15573433840433e-18,ALL,1M,carry,,inv_vol,0.4,60,ME,0.1,4.0,0,True,1.0,False,,,2007-05-01,2026-06-30,27
YE,2010-12-31,0.1089074649818065,0.012710352937774925,-0.012967435228705852,-0.05642314172813109,0.05222724096274452,0.05222724096274451,2.4936649967166602e-18,ALL,1M,carry,,inv_vol,0.4,60,ME,0.1,4.0,0,True,1.0,False,,,2007-05-01,2026-06-30,27
YE,2011-12-31,0.12188377314718846,0.006284401612766952,-0.13052287579240637,-0.10430053941412774,-0.1066552404465787,-0.10665524044657872,2.9815559743351372e-18,ALL,1M,carry,,inv_vol,0.4,60,ME,0.1,4.0,0,True,1.0,False,,,2007-05-01,2026-06-30,27
YE,2012-12-31,0.12193903528685032,0.003370944469310398,-0.036165131065307374,0.009870882056819352,0.09901573074767268,0.09901573074767267,1.5016200088924236e-17,ALL,1M,carry,,inv_vol,0.4,60,ME,0.1,4.0,0,True,1.0,False,,,2007-05-01,2026-06-30,27
YE,2013-12-31,0.1110254525220078,0.003712018486294027,-0.31767912748044513,0.1191807691975224,-0.08376088727462089,-0.08376088727462089,-5.78692909564138e-18,ALL,1M,carry,,inv_vol,0.4,60,ME,0.1,4.0,0,True,1.0,False,,,2007-05-01,2026-06-30,27
YE,2014-12-31,0.1406773492754677,0.0018353019011841706,-0.17582881755898586,0.20871473449246075,0.17539856811012677,0.1753985681101268,-2.1277467635028025e-17,ALL,1M,carry,,inv_vol,0.4,60,ME,0.1,4.0,0,True,1.0,False,,,2007-05-01,2026-06-30,27
YE,2015-12-31,0.08822279071284095,0.00730608087922885,-0.17745070920637207,0.03531654101571744,-0.04660529659858483,-0.046605296598584825,-1.8309464187848956e-17,ALL,1M,carry,,inv_vol,0.4,60,ME,0.1,4.0,0,True,1.0,False,,,2007-05-01,2026-06-30,27
YE,2016-12-31,0.0935842451714047,0.01860394526810202,-0.00540079917825281,0.03956291453364341,0.14635030579489733,0.1463503057948973,3.1929753979698106e-17,ALL,1M,carry,,inv_vol,0.4,60,ME,0.1,4.0,0,True,1.0,False,,,2007-05-01,2026-06-30,27
YE,2017-12-31,0.08475085831643661,0.025800286158228148,0.022039671319696346,-0.0994009866505415,0.03318982914381961,0.03318982914381962,-1.3145951341386741e-17,ALL,1M,carry,,inv_vol,0.4,60,ME,0.1,4.0,0,True,1.0,False,,,2007-05-01,2026-06-30,27
YE,2018-12-31,0.08793954077631201,0.043606201231957555,-0.26244628159259953,0.061110400363887575,-0.06979013922044242,-0.0697901392204424,-7.94178091345632e-18,ALL,1M,carry,,inv_vol,0.4,60,ME,0.1,4.0,0,True,1.0,False,,,2007-05-01,2026-06-30,27
YE,2019-12-31,0.10476490744612106,0.050688824979480844,0.00033586433985582486,-0.01147674657553342,0.14431285018992432,0.14431285018992432,3.2526065174565133e-18,ALL,1M,carry,,inv_vol,0.4,60,ME,0.1,4.0,0,True,1.0,False,,,2007-05-01,2026-06-30,27
YE,2020-12-31,0.1023810511363811,0.020593295789041385,-0.1721101297033972,-0.09951062424169035,-0.14864640701966508,-0.14864640701966508,1.2536087619363645e-18,ALL,1M,carry,,inv_vol,0.4,60,ME,0.1,4.0,0,True,1.0,False,,,2007-05-01,2026-06-30,27
YE,2021-12-31,0.11945417559004134,0.01258985974144557,-0.29144919359834753,0.10165627341637437,-0.057748884850486286,-0.05774888485048624,-3.880088524782499e-17,ALL,1M,carry,,inv_vol,0.4,60,ME,0.1,4.0,0,True,1.0,False,,,2007-05-01,2026-06-30,27
YE,2022-12-31,0.17614570237567526,0.026448522672573038,-0.10789310204555871,0.10219945303443062,0.1969005760371202,0.19690057603712016,2.382534274036896e-17,ALL,1M,carry,,inv_vol,0.4,60,ME,0.1,4.0,0,True,1.0,False,,,2007-05-01,2026-06-30,27
YE,2023-12-31,0.242537191267206,0.044699226603489156,-0.11773542142121439,-0.012012576355061425,0.15748842009441932,0.15748842009441932,-9.500321536404233e-18,ALL,1M,carry,,inv_vol,0.4,60,ME,0.1,4.0,0,True,1.0,False,,,2007-05-01,2026-06-30,27
YE,2024-12-31,0.3467841360538075,0.057755262736906114,-0.30284926296703046,0.09265832210768571,0.19434845793136882,0.19434845793136885,-3.108949729602184e-17,ALL,1M,carry,,inv_vol,0.4,60,ME,0.1,4.0,0,True,1.0,False,,,2007-05-01,2026-06-30,27
YE,2025-12-31,0.33234544118710074,0.06395424536027654,-0.008931480310013156,-0.1531729444355468,0.23419526180181732,0.23419526180181732,2.9815559743351372e-18,ALL,1M,carry,,inv_vol,0.4,60,ME,0.1,4.0,0,True,1.0,False,,,2007-05-01,2026-06-30,27
YE,2026-12-31,0.21609891439527557,0.036982078359845384,-0.07345580802377721,0.02057471306822359,0.20019989779956732,0.20019989779956732,3.2526065174565133e-19,ALL,1M,carry,,inv_vol,0.4,60,ME,0.1,4.0,0,True,1.0,False,,,2007-05-01,2026-06-30,27
FULL,ann_contribution,0.14312359699682947,0.024746950540276706,-0.10430204173413275,0.006721539799246629,0.07029004560222009,0.07029004560222012,-2.7755575615628914e-17,ALL,1M,carry,,inv_vol,0.4,60,ME,0.1,4.0,0,True,1.0,False,,,2007-05-01,2026-06-30,27
