date,AUD,CAD,CHF,EUR,GBP,JPY,NOK,NZD,SEK,BRL,CLP,CNH,COP,HUF,IDR,ILS,INR,KRW,MXN,MYR,PEN,PHP,PLN,SGD,THB,TRY,ZAR
2007-01-31,,,,,,,,,,,,,,,,,,,,,,,,,,,
2007-02-28,,,,,,,,,,,,,,,,,,,,,,,,,,,
2007-03-31,0.0,0.0,-0.12837706451978317,0.0,0.0,-0.09072804067120971,0.0,0.0,-0.09015668574818639,0.22483783287933384,0.0,0.0,0.0,0.0,0.0,0.0,0.4000118435651196,0.0,0.0,-0.400004747692175,0.0,0.0,0.0,-0.29073346136864575,0.10769517280225327,0.16145515194454793,0.1059999988087454
2007-04-30,0.0,0.0,-0.1382190747810453,0.0,0.0,-0.08540966216905649,0.0,0.0,-0.10587102223787219,0.1928343033819557,0.0,0.0,0.0,0.0,0.29414587611565685,0.0,0.2585001562307797,0.0,0.0,-0.36573885008181856,0.0,0.0,0.0,-0.3047613907302074,0.10927559207363216,0.14524407219797567,0.0
2007-05-31,0.0,0.0,-0.11948069742280261,0.0,0.0,-0.07977895094621001,0.0,0.0,-0.10600087946223881,0.16820271290256167,0.0,0.0,0.0,0.0,0.2955747803531989,0.0,0.1831963607322939,0.0,0.0,0.0,-0.4000425069178869,0.0,0.0,-0.29469696525086175,0.2358209329120808,0.11720521309986483,0.0
2007-06-30,0.0,0.0,-0.12445478884805049,0.0,0.0,-0.1099438833586626,0.0,0.0,-0.10731208269458344,0.18855976592341214,0.0,0.0,0.0,0.0,0.22057446530154015,0.0,0.0,0.0,0.0,0.0,-0.40000879570303166,0.0,0.0,-0.2582804493956717,0.29192328787636085,0.16480820777910163,0.13413427311958523
2007-07-31,0.0,0.0,-0.10854424129859955,0.0,0.0,-0.14692714648374314,0.0,0.0,-0.08860962163059417,0.1360793690669607,0.0,0.0,0.0,0.0,0.0,0.0,0.20442754638898178,0.0,0.0,0.0,-0.40000248446732156,0.0,0.0,-0.25591650611974165,0.4000202517015775,0.12998761486812943,0.1294852179743505
2007-08-31,0.0,0.0,-0.16074395892592658,0.0,0.0,-0.16113032210708764,0.0,0.0,-0.14218534392787313,0.10896881038468159,0.0,0.0,0.0,0.0,0.0,0.0,0.2786213809541408,0.0,0.0,-0.16878233041390248,0.0,0.0,0.0,-0.3671580446252101,0.37843551365118605,0.11533827506150382,0.11863601994848769
2007-09-30,0.0,0.0,-0.16166682904552898,0.0,0.0,-0.10636975974281623,0.0,0.0,0.0,0.13518476101135818,0.0,0.0,0.14492015000447414,0.0,0.0,0.0,0.40001583610549374,-0.24073653375390205,0.0,-0.1812547907335985,0.0,0.0,0.0,-0.3099720867241542,0.0,0.14291027455486488,0.176968978323809
2007-10-31,0.0,0.0,-0.15239513147530415,0.0,0.0,-0.09436317333186184,0.0,0.0,0.0,0.09396950371511668,0.0,0.0,0.0,0.0,0.2781371862330169,0.0,-0.25888148378094866,0.0,0.0,-0.21078482098982246,0.0,0.0,0.0,-0.2835753904220629,0.4000033637374077,0.10168956001561619,0.12620038629884253
2007-11-30,0.0,0.0,-0.150150242315205,0.0,0.0,-0.09416417790630228,0.0,0.19398766716051163,0.0,0.1828856435135637,0.0,0.0,0.18608054051457865,0.0,0.0,0.0,0.0,-0.20757922792712505,0.0,0.0,-0.29779244157317336,0.0,0.0,-0.2503139102781944,0.0,0.20764027193060533,0.22940587688074074
2007-12-31,0.0,0.0,-0.15995515608883681,0.0,0.0,-0.10816598680498311,0.0,0.1322950147930203,0.0,0.0,0.0,0.0,0.18523056247554542,0.0,0.0,0.0,0.40000860526676796,-0.22662223038698084,0.0,-0.23147787896442473,0.0,0.0,0.0,-0.27377874775477445,0.0,0.15423296808072404,0.12823284938394228
2008-01-31,0.0,0.0,-0.12335744627708163,0.0,0.0,-0.08888700917088277,0.0,0.0,0.0,0.13529750321928455,0.0,0.0,0.22674432456332352,0.0,0.0,0.0,0.0,-0.18713037747419115,0.0,0.0,-0.3808367673229639,0.0,0.0,-0.21978839975488051,0.40005191502298515,0.1376484249947791,0.10025783219962767
2008-02-29,0.0,0.0,-0.13601193795031233,0.0,0.0,-0.10529772752175441,0.0,0.1642485226950551,0.0,0.17600399037783554,0.0,0.0,0.31443111557422243,0.0,0.0,0.0,0.0,-0.23005002519854528,0.0,0.0,-0.27575801109788417,0.0,0.0,-0.2528822982315038,0.0,0.20598854988552476,0.13932782146736222
2008-03-31,0.0,0.0,-0.10861415395128296,0.0,0.0,-0.10643810686410439,0.0,0.0,0.0,0.14565374188318106,0.0,0.0,0.235152070912197,0.0,0.36292915208789767,0.0,-0.3014990954912994,0.0,0.0,0.0,-0.23390001613336361,0.0,0.0,-0.2495486275599497,0.0,0.15635332223173495,0.09991171288498941
2008-04-30,0.0,0.0,0.0,0.0,0.0,-0.09865878027145013,0.0,0.2060865037998693,0.0,0.19772413924395457,0.0,0.0,0.2797399914642155,0.0,0.0,0.0,-0.25108196777544994,-0.11648014748337703,0.0,0.0,-0.25158592387779566,0.0,0.0,-0.28219318059192716,0.0,0.17963845096459968,0.13681091452736077
2008-05-31,0.0,-0.17169227444686128,-0.1308407101259758,0.0,0.0,-0.13379044015326663,0.0,0.2240711899915492,0.0,0.20250208354326774,0.0,0.0,0.2745796446858853,0.0,0.0,0.0,0.0,0.0,0.0,0.0,-0.19132408906567397,0.0,0.0,-0.37235248620822237,0.0,0.16116203159098255,0.13768505018831528
2008-06-30,0.0,0.0,-0.1497618679135471,0.0,0.0,-0.15887027552418453,0.0,0.2107430598442396,0.0,0.18692010112327073,-0.13947342238579377,0.0,0.2848999680033397,0.0,0.0,0.0,0.0,0.0,0.0,0.0,-0.19736395656238676,0.0,0.0,-0.3545304776140878,0.0,0.16625815936715602,0.15117871166199395
2008-07-31,0.0,0.0,-0.13490873267933498,0.0,0.0,-0.17609281107742303,0.0,0.0,0.0,0.19111790839050505,0.0,0.0,0.1380836446589241,0.0,0.0,0.0,0.3307214672258578,0.0,0.0,-0.24833866089588455,-0.15033524906338774,0.0,0.0,-0.29032454628396964,0.0,0.19058063969739206,0.14949634002732087
2008-08-31,0.0,0.0,-0.1312870439726495,0.0,0.0,-0.1576850073904339,0.0,0.0,0.0,0.22562780284135028,0.0,0.0,0.08584110362106875,0.0,0.40001981591675007,0.0,0.0,0.0,0.0,-0.2357954413960505,-0.1602097106251544,0.0,0.0,-0.3150227966157117,0.0,0.16795978180794374,0.12055149581288709
2008-09-30,0.0,0.0,-0.13866582371885544,0.0,0.0,-0.15067513062088264,0.0,0.0,0.0,0.21475144982757613,0.0,0.0,0.08531082785385646,0.0,0.40002107332662906,0.0,0.0,-0.14172877798358247,0.0,-0.30869584483433377,0.0,0.0,0.0,-0.26023442284234566,0.0,0.18292113749504524,0.1169955114968931
2008-10-31,0.0,0.0,-0.17118456238163093,-0.18752447035691064,0.0,-0.15947910860301046,0.0,0.0,0.0,0.14362682953892442,0.0,0.0,0.1291812525575566,0.0,0.0,0.0,0.3412217219437716,-0.12055111238067931,0.0,-0.36126074627776866,0.0,0.0,0.0,0.0,0.0,0.21714789898827597,0.16882229697147141
2008-11-30,0.0,-0.17360150038501834,-0.231896060705703,0.0,0.0,-0.15520439842895362,0.0,0.0,0.0,0.1300452128161983,0.0,0.0,0.0,0.0,0.0,0.0,0.400012733275604,-0.07093397980030551,0.17676755979370215,0.0,0.0,0.0,0.0,-0.3683640606800195,0.0,0.1723754269799525,0.12079906713454304
2008-12-31,0.0,-0.15174776477438406,-0.2292032108401021,0.0,0.0,-0.15470657457129977,0.0,0.0,0.0,0.10055912216027672,0.0,0.0,0.0,0.0,0.2533171424465242,0.0,0.37735248965021834,-0.07679744765037089,0.1421929169638663,0.0,0.0,0.0,0.0,-0.3875450021638432,0.0,0.12657832877911437,0.0
2009-01-31,0.0,-0.2068707434049843,-0.27494540712078236,0.0,0.0,-0.22820301209706217,0.0,0.0,-0.1790478328351965,0.15836977675761293,0.0,0.0,0.0,0.0,0.284189278163017,0.0,0.0,-0.11093300454197455,0.21646969255423246,0.0,0.0,0.0,0.0,0.0,0.0,0.19533966114798554,0.14563159137715215
2009-02-28,0.0,-0.19881162755563853,-0.20566817877851887,-0.20730605505577632,0.0,-0.22284077514906758,0.0,0.0,0.0,0.12282984342869463,0.0,0.0,0.3325767053597229,0.0,0.1955216449671407,0.0,0.0,-0.16537336346099868,0.0,0.0,0.0,0.0,0.0,0.0,0.0,0.18231401977877637,0.16675778646566547
2009-03-31,0.0,-0.21785149663958078,-0.19486141958713135,0.0,-0.18187584442547003,-0.23885641117281076,0.0,0.0,0.0,0.12751876821299865,0.0,0.0,0.0,0.0,0.1743454016766469,0.0,0.3193962152664936,-0.1665548281750071,0.0,0.0,0.0,0.0,0.0,0.0,0.0,0.22327718982057937,0.15546242502328153
2009-04-30,0.0,-0.1848459894084415,-0.2001713034477162,0.0,0.0,-0.19973770831627674,0.0,0.0,0.0,0.19286801038926438,0.0,0.0,0.0,0.1497004880829543,0.2776067331099841,-0.27963244285504485,0.0,-0.13561255597252084,0.0,0.0,0.0,0.0,0.0,0.0,0.0,0.21850517563745686,0.16131959278034033
2009-05-31,0.0,-0.19674911544530793,-0.20019553514828448,0.0,0.0,-0.20404775613759202,0.0,0.0,0.0,0.2021679718899879,0.0,0.0,0.0,0.1437092966067915,0.2901059581624654,0.0,-0.27523866358877147,-0.123768929680044,0.0,0.0,0.0,0.0,0.0,0.0,0.0,0.20282146585751418,0.161195307483241
2009-06-30,0.0,-0.20657378402536503,-0.1930528946020013,0.0,0.0,-0.21290317577658166,0.0,0.0,0.0,0.19339055310277858,-0.25424521440666725,0.0,0.0,0.14546729239953538,0.288910085804712,0.0,0.0,-0.13322493118938478,0.0,0.0,0.0,0.0,0.0,0.0,0.0,0.20213366817357156,0.1700984005194025
2009-07-31,0.0,-0.17785772923506982,-0.18956105307131113,0.0,0.0,-0.21760611093617632,0.0,0.0,0.0,0.17330190444225396,-0.24333004509248185,0.0,0.0,0.14464834536265625,0.2777445803268361,0.0,0.0,-0.17164506166496085,0.0,0.0,0.0,0.0,0.0,0.0,0.0,0.22332717038416344,0.18097799948409019
2009-08-31,0.0,0.0,-0.19924079464876343,0.0,0.0,-0.20703588442587983,0.0,0.0,-0.1288258163691869,0.1728520002437177,-0.25873011041643146,0.0,0.0,0.13622859547397,0.2983508538544537,-0.20616739413973834,0.0,0.0,0.0,0.0,0.0,0.0,0.0,0.0,0.0,0.2224414830336631,0.17012706739419553
2009-09-30,0.0,0.0,-0.19801901731349594,0.0,0.0,-0.22125105215778565,0.0,0.0,-0.14424728932076716,0.1700876727290346,-0.2334147508576265,0.0,0.0,0.1443868525909119,0.2987731304628021,-0.20306789035032494,0.0,0.0,0.0,0.0,0.0,0.0,0.0,0.0,0.0,0.22007187675979598,0.16668046745745538
2009-10-31,0.0,0.0,-0.21788474013018547,0.0,0.0,-0.20362804763003903,0.0,0.0,-0.1376152258845787,0.17475967187962715,-0.24438952907956343,0.0,0.0,0.15848159084254382,0.3035335687862616,-0.1964824572756333,0.0,0.0,0.0,0.0,0.0,0.0,0.0,0.0,0.0,0.20752623479427174,0.15569893369729582
2009-11-30,0.0,0.0,-0.23261082633468483,0.0,0.0,-0.18390809606081637,0.0,0.0,-0.1286880506901069,0.1393076853693243,-0.22944361718454395,0.0,0.0,0.0,0.24577759923888304,-0.225349409729848,0.28965335408976767,0.0,0.0,0.0,0.0,0.0,0.0,0.0,0.0,0.19710734738549152,0.1281540139165335
2009-12-31,0.0,0.0,-0.22178049204445396,0.0,0.0,-0.19453837835405155,0.0,0.0,-0.14091093216908773,0.1797260602608851,-0.19781765732096057,0.0,0.0,0.15525148148828652,0.2893924013673847,-0.24495254011144624,0.0,0.0,0.0,0.0,0.0,0.0,0.0,0.0,0.0,0.23793763008721242,0.13769242679623117
2010-01-31,0.0,0.0,-0.17875901841696737,0.0,0.0,-0.1408925074310216,0.0,0.0,-0.1196112570315424,0.16998529273147941,-0.16072077502774396,0.0,0.0,0.1394451913757753,0.3324452541282052,0.0,0.0,0.0,0.0,0.0,0.0,0.0,0.0,0.0,-0.40001644209272463,0.22463274987125423,0.13349151189328598
2010-02-28,0.0,-0.20256445418394237,-0.2440339096165847,0.0,0.0,-0.19819997651059207,0.0,0.0,-0.17397202707139572,0.18606752362567688,-0.18122963261748498,0.0,0.0,0.13093184838149333,0.3281373086382733,0.0,0.0,0.0,0.0,0.0,0.0,0.0,0.0,0.0,0.0,0.21474448370958205,0.1401188356449744
2010-03-31,0.0,-0.20822286765392048,-0.24715216466138348,0.0,0.0,-0.1948364520276193,0.0,0.0,-0.16557411127721622,0.1613757427730041,-0.18421440437986047,0.0,0.0,0.1332842670605608,0.3468438303193431,0.0,0.0,0.0,0.0,0.0,0.0,0.0,0.0,0.0,0.0,0.2173864202716971,0.1411097395753949
2010-04-30,0.0,0.0,-0.22424311119849283,-0.21529406444375235,0.0,-0.20012687567276036,0.0,0.0,-0.17876640533504132,0.1586552099898725,-0.181569543349953,0.0,0.0,0.13673339811752003,0.33250058435014074,0.0,0.0,0.0,0.0,0.0,0.0,0.0,0.0,0.0,0.0,0.21225273155491917,0.15985807598754764
2010-05-31,0.0,-0.1986524058958027,-0.20471265867700716,-0.19218967664252176,0.0,-0.21329382335973893,0.0,0.0,-0.19115143542492946,0.12137749873238667,0.0,0.0,0.0,0.0,0.33979846511004264,0.0,0.26550121103105045,0.0,0.0,0.0,0.0,0.0,0.0,0.0,0.0,0.14927864685584258,0.12404417827067765
2010-06-30,0.0,0.0,-0.24046223937173083,-0.18911359356477045,-0.21935706600400373,-0.19099673869404007,0.0,0.0,-0.16007036236545505,0.11385197426619059,0.0,0.0,0.0,0.0,0.33638029154015964,0.0,0.25253814869063385,0.0,0.0,0.0,0.0,0.0,0.0,0.0,0.0,0.1487650009713147,0.1484645845317012
2010-07-31,0.0,0.0,-0.2177297279926782,-0.17228133575286722,0.0,-0.18212572661568063,0.0,0.0,0.0,0.11864778327308238,-0.20016029412913997,0.0,-0.227702915509634,0.0,0.32385855120931395,0.0,0.2502891254247196,0.0,0.0,0.0,0.0,0.0,0.0,0.0,0.0,0.15571681326601033,0.15148772682687367
2010-08-31,0.0,0.0,-0.1362894242520354,0.0,0.0,-0.13916276151976237,0.0,0.0,0.0,0.12161754222405673,-0.12819462842407095,0.0,0.0,0.0,0.3149694156592258,0.0,0.22605467699500734,0.0,0.0,0.0,-0.4000341361538543,0.0,0.0,-0.19631904965027705,0.0,0.18919853435790163,0.14815983076380862
2010-09-30,0.0,0.0,-0.1244461680994977,-0.12189415111417304,0.0,-0.1538095685538523,0.0,0.0,0.0,0.12635291189783526,0.0,0.0,0.0,0.0,0.36707925425477805,0.0,0.21937419544555836,0.0,0.0,0.0,-0.4000364045554426,0.0,0.0,-0.19981370767703438,0.0,0.15824521940581227,0.1289484189960161
2010-10-31,0.11402914139600459,0.0,-0.10920125892709584,0.0,-0.13790660140026675,-0.1109619237804352,0.0,0.0,0.0,0.15417066942321023,0.0,0.0,0.0,0.0,0.4000058335595969,0.0,0.0,0.0,0.0,0.0,-0.40002997646534705,0.0,0.0,-0.24190023942685515,0.0,0.17585546206245087,0.15593889355873736
2010-11-30,0.0,0.0,-0.1273119414437812,0.0,0.0,-0.13517272422255677,0.0,0.0,0.0,0.13105340112914765,0.0,-0.2755377974129264,-0.2047624804575302,0.0,0.4000037501269001,0.0,0.21065848894515168,0.0,0.0,0.0,0.0,0.0,0.0,-0.25721505646320536,0.0,0.13047497556070203,0.1278093842380986
2010-12-31,0.0,0.0,-0.1287227103001077,0.0,0.0,-0.14800873040337692,0.0,0.0,0.0,0.13904898651494474,0.0,-0.29034913454714595,-0.20257887090661744,0.0,0.4000048975156957,0.0,0.21263272969414654,0.0,0.0,0.0,0.0,0.0,0.0,-0.23034055384275198,0.0,0.1223324172250645,0.12598096905014855
2011-01-31,0.11414797355839743,0.0,-0.12684753058722154,0.0,0.0,-0.18149099239407393,0.0,0.0,0.0,0.14846718680252805,0.0,-0.34802704463393347,-0.09738331833915878,0.0,0.40000930824086184,0.0,0.2049773040281009,0.0,0.0,0.0,0.0,-0.2462511140456123,0.0,0.0,0.0,0.0,0.1323982273701118
2011-02-28,0.0,0.0,-0.12544747826233185,0.0,0.0,-0.15867573004724378,0.0,0.0,0.0,0.1668570779106043,0.0,-0.4000128370367538,-0.09280549690576237,0.0,0.4000067727739907,0.0,0.19975171701898256,0.0,0.0,0.0,0.0,0.0,0.0,-0.22305845774790828,0.0,0.1101095223082965,0.12327490998812592
2011-03-31,0.0,0.0,-0.11394945891868775,0.0,0.0,-0.14973149231503732,0.0,0.0,0.0,0.16921592279338832,0.0,-0.4000142696177796,-0.08516152403824262,0.0921170295197266,0.4000061455415196,0.0,0.21300600884588167,0.0,0.0,0.0,0.0,0.0,0.0,-0.25114325511025276,0.0,0.0,0.12565489329948387
2011-04-30,0.0,0.0,-0.10930546101346433,0.0,0.0,-0.11110736158444146,0.0,0.0,0.0,0.17278886488768566,0.0,-0.40001914675118966,-0.15119476408213345,0.0,0.4000035256217048,0.0,0.23567644017328987,0.0,0.0,0.0,0.0,0.0,0.0,-0.22837326656877113,0.0,0.10150896883242763,0.09002220048489197
2011-05-31,0.0,0.0,-0.11300408577120809,0.0,0.0,-0.10509814606441352,0.0,0.0,0.0,0.0,0.0,-0.40001231567538864,-0.14556368995683874,0.10421055913465459,0.40000333420801626,0.0,0.24445178092098552,0.0,0.0,0.0,0.0,0.0,0.0,-0.23632176253215112,0.0,0.1421241247316882,0.10921020100465544
2011-06-30,0.0,0.0,-0.11364209731605886,0.0,0.0,-0.11333086123710444,0.0,0.0,0.0,0.11714844012448239,0.0,-0.4000140333536007,-0.1651222164970374,0.0,0.3930687711599679,0.0,0.2615923067341945,0.0,0.0,0.0,0.0,0.0,0.0,-0.20789079159619853,0.0,0.13173087221652424,0.09645960976483102
2011-07-31,0.0,0.0,-0.10489806009222394,0.0,-0.14699716581888353,-0.15538121716056005,0.0,0.0,0.0,0.12017587110596459,0.0,-0.40001105450782315,0.0,0.0,0.3667405066398641,0.0,0.2847465041331064,0.0,0.0,0.0,0.0,0.0,0.0,-0.19271250242050936,0.0,0.12786348538148726,0.10047363273957756
2011-08-31,0.1643603977423907,0.0,-0.09708815575019522,0.0,-0.14078194104729708,-0.15581945000864808,0.0,0.0,0.0,0.1640466158194013,0.0,-0.40001756622157447,0.0,0.0,0.40000559604003794,0.0,0.0,0.0,0.0,0.0,0.0,0.0,0.0,-0.2062928869722851,0.0,0.1525504218737423,0.11903696852442773
2011-09-30,0.15155558189438997,0.0,-0.06219330071937913,0.0,0.0,-0.14238321093105483,0.0,0.0,0.0,0.1592449514567482,0.0,-0.4000189169076273,0.0,0.0,0.40001224881218195,0.0,0.0,0.0,0.0,0.0,0.0,-0.22946203311040567,0.0,-0.16594253833153313,0.0,0.16209891450132624,0.1270883033353537
2011-10-31,0.0,0.0,-0.06282973788312111,-0.14751879325585335,0.0,-0.2113493831681203,0.0,0.0,0.0,0.1359313437377636,0.21880626224187277,-0.40000408281919325,0.0,0.0,0.0,0.0,0.3343351726180971,0.0,0.0,0.0,0.0,0.0,0.0,-0.17829800287371203,0.0,0.1971217186955657,0.11380550270670078
2011-11-30,0.0,0.0,-0.07413988171638496,0.0,-0.22798786803429927,-0.20668329329138638,0.0,0.0,0.0,0.14066338806824996,0.0,-0.3286831558738852,0.0,0.15814070846556713,0.0,0.0,0.317502448242546,0.0,0.0,0.0,0.0,0.0,0.0,-0.16250580108404422,0.0,0.2530051516614526,0.13068830356218436
2011-12-31,0.0,0.0,-0.1685772767786707,-0.18308456975263926,0.0,-0.2744780944105883,0.0,0.0,0.0,0.09668024568497309,0.0,0.0,-0.19320654088051253,0.0,0.0,0.0,0.22976822011046627,0.0,0.0,0.0,0.0,0.0,0.0,-0.1806535181775892,0.4000037811883219,0.18206487145442946,0.09148288156180916
2012-01-31,0.18162521074593105,0.0,-0.15148857645093278,-0.1706560196079973,0.0,-0.2427016513119452,0.0,0.0,0.0,0.15759699838569957,0.0,0.0,-0.2414919514901142,0.0,0.0,0.0,0.28490852535255645,0.0,0.0,0.0,0.0,0.0,0.0,-0.19366180113901035,0.0,0.23146101776910752,0.14440824774670546
2012-02-29,0.0,0.0,-0.14853117695956417,-0.14976424385655693,-0.187563138686821,-0.3114026192071831,0.0,0.0,0.0,0.17351567291963402,0.0,0.0,0.0,0.12870152774131563,0.0,0.0,0.27356892561830004,0.0,0.0,0.0,0.0,0.0,0.0,-0.2027388212898749,0.0,0.2572066297799616,0.16700724394078872
2012-03-31,0.0,0.0,-0.15902467482326801,-0.16430305705315587,-0.2085444107037788,-0.22229189114045206,0.0,0.0,0.0,0.1845089673356436,0.0,0.0,0.0,0.1277423136347372,0.0,0.0,0.2614102014523374,0.0,0.0,0.0,0.0,0.0,0.0,-0.24583596627934515,0.0,0.26229682554506684,0.16404169203221494
2012-04-30,0.0,0.0,-0.17067487528436512,-0.1744741093685663,-0.22266845950995845,-0.18054368103977086,0.0,0.0,0.0,0.17005037817577814,0.0,0.0,0.3050686231735576,0.0,0.0,0.0,0.1817361203317038,0.0,0.0,0.0,0.0,0.0,0.0,-0.25163887479733926,0.0,0.21188928250053468,0.13125559581842577
2012-05-31,0.0,0.0,-0.13456079957758021,-0.1392465628838846,0.0,-0.1175210462213586,0.0,0.0,0.0,0.23457413123355492,0.0,0.0,0.0,0.12985789540173068,0.0,0.0,0.23606094670240216,0.0,0.0,0.0,-0.40000974906791786,0.0,0.0,-0.2086618422492587,0.0,0.2567478483441475,0.14275917831816476
2012-06-30,0.0,0.0,-0.17283238281595587,-0.1825077039926675,-0.21333947568847034,-0.15701309006510936,0.0,0.0,0.0,0.17752030054059692,0.0,0.0,0.0,0.1544724404941789,0.0,0.0,0.2324394816046408,0.0,0.0,0.0,0.0,0.0,0.0,-0.274307347437797,0.0,0.2676423082020643,0.16792546915851916
2012-07-31,0.0,0.0,-0.17053420125292176,-0.1703893011139622,-0.21710094415221218,-0.19018924871182516,0.0,0.0,0.0,0.1338198442277498,0.0,0.0,0.264049217542827,0.0,0.0,0.0,0.20738815187093904,0.0,0.0,0.0,0.0,0.0,0.0,-0.2517863047690788,0.0,0.24908268946989426,0.14566009688858997
2012-08-31,0.0,0.0,-0.164818600199908,-0.16298325234581507,-0.20326076679327823,-0.2207220727145936,0.0,0.0,0.0,0.14136747414451967,0.0,0.0,0.274433782081837,0.12451947825172945,0.0,0.0,0.1916625001441792,0.0,0.0,0.0,0.0,0.0,0.0,-0.24821530794640512,0.0,0.2680167653777348,0.0
2012-09-30,0.0,0.0,-0.15049570340624635,-0.14854362402156351,-0.1923265097386973,-0.23741534360843403,0.0,0.0,0.0,0.16011427815598245,0.0,0.0,0.28752074024276036,0.11410191681459592,0.0,0.0,0.17866285855729533,0.0,0.0,0.0,0.0,0.0,0.0,-0.2712188192250588,0.0,0.2596002062293659,0.0
2012-10-31,0.0,0.0,-0.15840760792372607,-0.14387419761576736,-0.20104165863276097,-0.20617177020104113,0.0,0.0,0.0,0.0,0.0,0.0,0.30776150606823405,0.11787132853512083,0.0,0.0,0.17736787721017183,0.0,0.0,0.0,0.0,0.0,0.0,-0.29050476562670446,0.0,0.27396392293313415,0.1230353652533392
2012-11-30,0.0,0.0,-0.16502430360765005,-0.14535655239323297,-0.21517317860025598,-0.17414140010556287,0.0,0.0,0.0,0.0,0.0,0.0,0.0,0.11477616767526724,0.38425018866612387,0.0,0.14366590462347076,0.0,0.0,0.0,0.0,0.0,0.0,-0.3003045652932981,0.0,0.2577480873804596,0.09955965165467842
2012-12-31,0.0,0.0,-0.16207938832972324,-0.14965609543090452,0.0,-0.14708556398342443,0.0,0.0,0.0,0.23393135480582364,0.2222093006904312,0.0,0.2988750843680239,0.0,0.0,0.0,0.13739418462372874,0.0,0.0,0.0,0.0,-0.23645390317273943,0.0,-0.3047250490832084,0.0,0.0,0.10759007551199255
2013-01-31,0.0,0.0,-0.1454823323721418,-0.14090674690327976,0.0,-0.11808159217605918,0.0,0.0,0.0,0.1842451324075681,0.23355413583022408,0.0,0.0,0.0,0.0,0.0,0.1726720142974473,0.0,0.0,0.0,0.0,-0.27485047529152346,0.0,-0.3206788532569958,0.0,0.2886667932106531,0.12086192425410743
2013-02-28,0.0,0.0,-0.13271211498633007,-0.13575998812596593,0.0,-0.09319211657226863,0.0,0.0,0.0,0.0,0.2654040648117798,0.0,0.0,0.13171737874155046,0.0,0.0,0.16938526627131206,0.0,0.0,0.0,-0.3645421784395966,-0.27379360187583895,0.0,0.0,0.0,0.31876977578270477,0.114723514392653
2013-03-31,0.0,0.0,-0.13099176726648515,-0.11535932604215665,0.0,-0.07888025286098027,0.0,0.0,0.0,0.0,0.33365511076322024,0.0,0.0,0.11883736967396286,0.0,0.0,0.1784809473654968,0.0,0.0,0.0,-0.38518367321155056,0.0,0.0,-0.2895849806188275,0.0,0.2613247313889497,0.10770184080837024
2013-04-30,0.0,0.0,-0.12782658301636793,-0.11569540673345925,0.0,-0.08481842416826346,0.0,0.0,0.0,0.0,0.2792519062306096,0.0,0.0,0.0,0.31649738989914955,0.0,0.1416096116170325,0.0,0.0,0.0,0.0,-0.3720946545344262,0.0,-0.29956493154748315,0.0,0.18066572864714273,0.08197536360606567
2013-05-31,0.0,0.0,-0.16617004548652164,-0.16068072234931643,-0.17769043827028103,-0.09545691465713378,0.0,0.0,0.0,0.1294676317764315,0.28120618322104235,0.0,0.0,0.09201410416394043,0.4000024050375488,0.0,0.0,0.0,0.0,0.0,0.0,0.0,0.0,-0.4000018792367471,0.0,0.0,0.09730967580103686
2013-06-30,0.0,0.0,-0.14909611749843707,-0.19326437006102004,-0.21274230810176162,-0.10802619237703849,0.0,0.0,0.0,0.1609388586642839,0.22268660244993466,0.0,0.0,0.0,0.0,0.0,0.23336611262239654,0.0,0.0,0.0,0.0,0.0,0.0,-0.33687101196174274,0.0,0.26851979291944816,0.1144886333439368
2013-07-31,0.0,0.0,-0.1596947254014555,-0.22268417513487454,-0.2190864672164104,-0.11476043887797001,0.0,0.0,0.0,0.1871309237343404,0.19386245588154047,0.0,0.0,0.0,0.0,0.0,0.21310568727260112,0.0,0.0,0.0,0.0,0.0,0.0,-0.2837741933692895,0.0,0.27516535222049865,0.1307355808910194
2013-08-31,0.0,0.0,-0.15746925280132215,-0.2206938465562867,0.0,-0.12369215215348332,0.0,0.0,0.0,0.1269280893229369,0.1404306606645588,0.0,0.0,0.0,0.4000054556344702,0.0,0.15581925104628425,0.0,0.0,0.0,0.0,-0.23563202343803022,0.0,-0.26251272505087747,0.0,0.17681654333174976,0.0
2013-09-30,0.0,0.0,-0.1718316154192658,-0.21385239678350135,0.0,-0.1172332883018001,0.0,0.0,0.0,0.12470194593791491,0.1823380236039785,0.0,0.0,0.0,0.0,0.0,0.11738285561132492,0.0,0.0,0.0,0.3699137207410576,-0.23345923267585758,0.0,-0.26362346681957516,0.0,0.2056634541057241,0.0
2013-10-31,0.0,0.0,-0.1584851036468453,-0.2049453391463741,0.0,-0.12154101838092829,0.0,0.0,0.0,0.144824380054708,0.0,0.0,0.0,0.0,0.3316800697847026,0.0,0.13048558909789199,0.0,0.0,0.0,0.0,-0.26384222981963845,0.0,-0.2511863090062138,0.0,0.2155223299818932,0.1774876310808042
2013-11-30,0.0,0.0,-0.16261587140169137,-0.20757273222311526,0.0,-0.13350602556398952,0.0,0.0,0.0,0.1405293666072598,0.27904017437923656,0.0,0.0,0.0,0.2519748699687142,0.0,0.12181402716265169,0.0,0.0,0.0,0.0,-0.22934007065994189,0.0,-0.2669653001512619,0.0,0.2066415618821377,0.0
2013-12-31,0.0,0.0,-0.16419002150764328,-0.18597958990151273,0.0,-0.13901985088504074,0.0,0.0,0.0,0.13494638472714524,0.0,0.0,0.0,0.0,0.2072755370881233,0.0,0.19055617944538025,0.0,0.0,0.0,0.0,-0.20631526703436656,0.0,-0.30449527067143684,0.27186100732013774,0.19536089141921353,0.0
2014-01-31,0.0,0.0,-0.14077263536041307,-0.16199811696623145,0.0,-0.1239346990055783,0.0,0.0,0.0,0.11978964930895791,0.0,0.0,0.0,0.0,0.17188853214323188,0.0,0.21250723292664758,0.0,0.0,0.0,0.32577475015303303,-0.24700912473886558,0.0,-0.3262854239289116,0.0,0.17003983546812956,0.0
2014-02-28,0.0,0.0,-0.14579894162594742,-0.19067604802944524,-0.18712387067560046,-0.1263275526131793,0.0,0.0,0.0,0.09810391289760881,0.0,0.0,0.0,0.0,0.0,0.0,0.16673382025065875,0.0,0.0,0.0,0.3487352096660584,0.0,0.0,-0.35007358705582764,0.2863485384904936,0.10007851869518042,0.0
2014-03-31,0.0,0.0,-0.15096055914846965,-0.2018403793209755,-0.1898457185824006,-0.13912576139115218,0.0,0.0,0.0,0.10741904829039733,0.0,0.0,0.0,0.0,0.20411919207485069,0.0,0.20418256631370071,0.0,0.0,0.0,0.390552062400342,0.0,0.0,-0.3182275815570022,0.0,0.09372713092070928,0.0
2014-04-30,0.0,0.0,-0.1642986130161281,-0.20146720438062696,-0.21027094654873152,-0.14628115007374473,0.0,0.0,0.0,0.16698609532810513,0.0,0.0,0.0,0.0,0.2774891672105859,0.0,0.28645496305897494,0.0,0.0,0.0,0.0,0.0,0.0,-0.2776820859807687,0.0,0.1330284427861766,0.1360413316161574
2014-05-31,0.0,0.0,-0.18039003478461998,-0.2006478722027787,-0.22530062443896023,-0.15771363554267423,0.0,0.0,0.0,0.1515546708584039,0.0,0.0,0.0,0.0,0.24683440758117597,0.0,0.29042998408062254,0.0,0.0,0.0,0.0,0.0,0.0,-0.23594783303096686,0.0,0.1559610212264425,0.155219916253355
2014-06-30,0.0,0.0,-0.18762653764419587,-0.20889054596662449,-0.2100552811571091,-0.1546316027329325,0.0,0.0,0.0,0.1521348910677848,0.0,0.0,0.0,0.0,0.24546265088160663,0.0,0.27716889754747503,0.0,0.0,0.0,0.0,0.0,0.0,-0.23879603249913794,0.0,0.16350904298665492,0.16172451751647868
2014-07-31,0.0,0.0,-0.17974278781386913,-0.2052080872948284,-0.1796199411900783,-0.17492772929861483,0.0,0.0,0.0,0.15161389815292936,0.0,0.0,0.0,0.0,0.21494508335364867,0.0,0.3019668961948892,0.0,0.0,0.0,0.0,0.0,0.0,-0.2605014544026092,0.0,0.176303350527628,0.15517077177090474
2014-08-31,0.0,0.0,-0.16652189202029583,-0.194139521564618,0.0,-0.17499613150536553,0.0,0.0,0.0,0.1648653577254937,0.0,0.0,0.0,0.0,0.1931650468292349,-0.2056409882995442,0.2955548182227945,0.0,0.0,0.0,0.0,0.0,0.0,-0.2587014666101765,0.0,0.17934793369663263,0.16706684352584422
2014-09-30,0.0,0.0,-0.1824009309716503,-0.20698917895683738,0.0,-0.18269787063640586,0.0,0.0,0.0,0.16424510634975215,0.0,0.0,0.0,0.0,0.1903235461339357,-0.14013404829691256,0.26858357896349316,0.0,0.0,0.0,0.0,0.0,0.0,-0.2877779711381938,0.0,0.18882647589638024,0.18802129265643877
2014-10-31,0.0,0.0,-0.15821240792681854,-0.174320105215512,0.0,-0.18295167269946164,0.0,0.0,0.0,0.11621407341436067,0.0,0.0,0.0,0.0,0.17299934555638724,-0.17539371879862778,0.20259706654275178,0.0,0.0,0.0,0.3616348641373383,0.0,0.0,-0.30912209535958,0.0,0.14655465034916199,0.0
2014-11-30,0.0,0.0,-0.19696135120419303,-0.20317248396114063,0.0,-0.1773573453634274,0.0,0.0,-0.16897219341089287,0.0945450916999455,0.0,0.0,0.0,0.0,0.2728454071932029,-0.25353662606034616,0.29412320164328887,0.0,0.0,0.0,0.0,0.0,0.0,0.0,0.0,0.17318602887969503,0.16530027058386776
2014-12-31,0.0,0.0,-0.1888956992816675,-0.19464314924282514,0.0,-0.16516051214977603,0.0,0.0,-0.16091156053760836,0.08490036997509981,0.0,0.0,0.0,0.0,0.2787544909722603,-0.290389078788123,0.3160933685771398,0.0,0.0,0.0,0.0,0.0,0.0,0.0,0.0,0.16941683114264242,0.1508349393328577
2015-01-31,0.0,0.0,-0.21148956758174406,-0.21356647403430354,0.0,-0.15599801796636348,0.0,0.0,-0.1761261744703504,0.07149524810603318,0.0,0.0,0.0,0.0,0.19363214012997343,-0.24281976594723864,0.24447924221037562,0.0,0.0,0.0,0.36582324792248844,0.0,0.0,0.0,0.0,0.12457012163112938,0.0
2015-02-28,0.0,0.0,-0.053986296140428325,-0.2368779413674121,0.0,-0.20917135667828343,0.0,0.0,-0.23229496288369442,0.10779497048102804,0.0,0.0,0.0,0.0,0.2533013509874207,-0.26766944293018174,0.31149395830966875,0.0,0.0,0.0,0.0,0.0,0.0,0.0,0.0,0.15989949274361315,0.1675102274782693
2015-03-31,0.0,0.0,-0.05854574162766789,-0.2332385835548998,0.0,-0.2278235698174889,0.0,0.0,-0.2174781217672045,0.0885512427403094,0.0,0.0,0.0,0.0,0.0,-0.2629139832327388,0.272930209670568,0.0,0.0,0.0,0.3796526456761854,0.0,0.0,0.0,0.0,0.12492760739238327,0.13393829452055384
2015-04-30,0.0,0.0,-0.0605858068977014,-0.18414748803734426,0.0,-0.30424268337361804,0.0,0.0,-0.21234743882472054,0.06155529762370662,0.0,0.0,0.0,0.0,0.20352035138124933,-0.2386765828666157,0.2566353564459519,0.0,0.0,0.0,0.38725072810048344,0.0,0.0,0.0,0.0,0.09103826644860868,0.0
2015-05-31,0.0,0.0,-0.1623469580179329,-0.1602859484325667,0.0,-0.30811417427346044,0.0,0.0,-0.1620670838123758,0.08419474659851879,0.0,0.0,0.0,0.0,0.29613204715048075,-0.20718583546366415,0.36215567826347883,0.0,0.0,0.0,0.0,0.0,0.0,0.0,0.0,0.13904936748465563,0.11846816050286599
2015-06-30,0.0,0.0,-0.15112383728535644,-0.14750924810877689,0.0,-0.3238016056832316,0.0,0.0,-0.16434084737222995,0.09097144016784418,0.0,0.0,0.0,0.0,0.3012517659302558,-0.2132244615504052,0.33344038047269914,0.0,0.0,0.0,0.0,0.0,0.0,0.0,0.0,0.14667026525754703,0.12766614817165378
2015-07-31,0.0,0.0,-0.16086006990709292,-0.16077506561651944,0.0,-0.2693598541235481,0.0,0.0,-0.15643642208185118,0.09792695323526317,0.0,0.0,0.0,0.0,0.32195712273751287,-0.2525685882709883,0.31083316868103383,0.0,0.0,0.0,0.0,0.0,0.0,0.0,0.0,0.12673771321691954,0.1425450421292706
2015-08-31,0.0,0.0,-0.18086919816487745,-0.16038278364404537,0.0,-0.23247090756448902,0.0,0.0,-0.17142324339809364,0.05652748132564525,0.0,0.0,0.0,0.0,0.23662988101958254,-0.25485386722849457,0.23314935243739607,0.0,0.0,0.0,0.40000307088466547,0.0,0.0,0.0,0.0,0.07369021433271064,0.0
2015-09-30,0.0,0.0,-0.18585693785278415,-0.1839881471212081,0.0,-0.20441388091842458,0.0,0.0,-0.1850557393992001,0.0841901099745262,0.0,0.0,0.0,0.0,0.2536240172046416,-0.24068529470838293,0.25546284309915057,0.0,0.0,0.0,0.2797425765255991,0.0,0.0,0.0,0.0,0.12698045319608253,0.0
2015-10-31,0.0,0.0,-0.19051382531132532,-0.1751400997831444,0.0,-0.20646124566563623,0.0,0.0,-0.17724877791972063,0.0628955909924697,0.0,0.0,0.0,0.0,0.2677651219553242,-0.25063605132017347,0.2760020563222554,0.0,0.0,0.0,0.24116614161365668,0.0,0.0,0.0,0.0,0.15217108911629412,0.0
2015-11-30,0.0,0.0,-0.1878213556590517,-0.1745657458903775,0.0,-0.2110914754063442,0.0,0.0,-0.17651665632009883,0.08854250804010018,0.0,0.0,0.0,0.0,0.17527639178293414,-0.25000476672412775,0.3824602864091916,0.0,0.0,0.0,0.0,0.0,0.0,0.0,0.0,0.20262205149209697,0.15109876227567715
2015-12-31,0.0,0.0,-0.18574928455629885,-0.1595939900982275,0.0,-0.27570403121386067,0.0,0.0,-0.15487317786941834,0.09111596099870863,0.0,0.0,0.0,0.0,0.18337380699543934,-0.22407951626219458,0.4000036092071882,0.0,0.0,0.0,0.0,0.0,0.0,0.0,0.0,0.17552878758409748,0.14997783521456648
2016-01-31,0.0,0.0,-0.17306918948606745,-0.1493939770800317,0.0,-0.2572794677976866,0.0,0.0,-0.16624059801835503,0.12061956329985034,0.0,0.0,0.0,0.0,0.20129791413666634,-0.25401676761785924,0.0,0.0,0.0,0.0,0.4000243877919651,0.0,0.0,0.0,0.0,0.16887533811300615,0.10918279665851204
2016-02-29,0.0,0.0,-0.1714661283608446,-0.16276713447240027,0.0,-0.20768049145095463,0.0,0.0,-0.1736417453446189,0.10783311500318471,0.0,0.34055620921862356,0.0,0.0,0.2728454409146575,-0.28444450037118163,0.0,0.0,0.0,0.0,0.0,0.0,0.0,0.0,0.0,0.18822919192878793,0.09053604293474635
2016-03-31,0.0,0.0,-0.17096891335050107,-0.17916208267636924,0.0,-0.15012539123398178,0.0,0.0,-0.18073564269251868,0.11094483870670917,0.0,0.0,0.0,0.0,0.25072184422950095,-0.31900797004662923,0.37951873174984324,0.0,0.0,0.0,0.0,0.0,0.0,0.0,0.0,0.17732765536260087,0.08148692995134588
2016-04-30,0.0,0.0,-0.18358587010904523,-0.18168077377819145,0.0,-0.14511886013821312,0.0,0.0,-0.19471140067205966,0.09691770000439816,0.0,0.0,0.0,0.0,0.2572169435517457,-0.29490309530249054,0.3620111797496757,0.0,0.0,0.0,0.0,0.0,0.0,0.0,0.0,0.19251567021941268,0.09133850647476768
2016-05-31,0.0,0.0,-0.188293247807034,-0.19708595429812642,0.0,-0.12099050960525073,0.0,0.0,-0.21144232459231943,0.10509908249530628,0.0,0.0,0.1329730740433749,0.0,0.0,-0.28218796369726945,0.40000632374523376,0.0,0.0,0.0,0.0,0.0,0.0,0.0,0.0,0.24166197004686618,0.12025954966921888
2016-06-30,0.0,0.0,-0.20787640854024708,-0.20803474041282477,0.0,-0.1327321039656669,0.0,0.0,-0.20061581623308913,0.11472728448677162,0.0,0.0,0.15551736564984797,0.0,0.39294267707074454,-0.25074093084817217,0.0,0.0,0.0,0.0,0.0,0.0,0.0,0.0,0.0,0.20661212633723203,0.13020054645540377
2016-07-31,0.0,0.0,-0.24210300966261,-0.20522896701567286,0.0,-0.12936953362884035,0.0,0.0,-0.1558880245384221,0.1351360550872786,0.0,0.0,0.14393938706778742,0.0,0.0,-0.2674104651544547,0.4000134119011025,0.0,0.0,0.0,0.0,0.0,0.0,0.0,0.0,0.19814384312468838,0.12276730281914308
2016-08-31,0.0,0.0,-0.3068054022991428,-0.2534725958200898,-0.10585633961386359,-0.14741375113806984,0.0,0.0,-0.18645191112883402,0.15589858934105613,0.0,0.0,0.15355772387989663,0.0,0.0,0.0,0.4000130632080712,0.0,0.0,0.0,0.0,0.0,0.0,0.0,0.0,0.1698216403892657,0.12070898318171039
2016-09-30,0.0,0.0,-0.2934892426314303,-0.26783726834614596,-0.10103864908408186,-0.14840262735880538,0.0,0.0,-0.18923221257953646,0.16941115627516032,0.0,0.0,0.14273763202410936,0.0,0.0,0.0,0.40001378279479205,0.0,0.0,0.0,0.0,0.0,0.0,0.0,0.0,0.16847131299319182,0.11936611591274641
2016-10-31,0.0,0.0,-0.1786244850813124,-0.22351747833492092,0.0,-0.10359101368641481,0.0,0.0,-0.17260801487878485,0.15755849960501053,0.0,0.0,0.1495297482740043,0.0,0.0,-0.3216590080185671,0.4000155292103369,0.0,0.0,0.0,0.0,0.0,0.0,0.0,0.0,0.17195441419172938,0.12094180871891884
2016-11-30,0.0,0.0,-0.189902190588476,-0.2169860479629451,0.0,-0.14581851677977642,0.0,0.0,-0.14858356133596926,0.1250562312101335,0.0,0.0,0.12462906381478717,0.0,0.0,-0.2987096833328331,0.4000103240181183,0.0,0.0,0.0,0.0,0.0,0.0,0.0,0.0,0.25685155228686046,0.09345282867010055
2016-12-31,0.0,0.0,-0.24458253039348254,-0.25197610666546527,-0.15560754050224757,-0.15985572194803674,0.0,0.0,-0.1879781004907677,0.12848523034128298,0.0,0.0,0.12918862603213366,0.0,0.4000071367339978,0.0,0.0,0.0,0.0,0.0,0.0,0.0,0.0,0.0,0.0,0.23974122805523432,0.10257777883735128
2017-01-31,0.0,0.0,-0.257994107676425,-0.2156891901515662,-0.18044930993230915,-0.17525366954164542,0.0,0.0,-0.1706137226980541,0.14833464395361218,0.0,0.40001950406721437,0.1476404354570222,0.0,0.0,0.0,0.0,0.0,0.0,0.0,0.0,0.0,0.0,0.0,0.0,0.19437921189976387,0.10962620462238735
2017-02-28,0.0,0.0,-0.26085494458291103,-0.2112426390090017,0.0,-0.14816648302272775,0.0,0.0,-0.19867750891405161,0.16608075221695734,0.0,0.4000014522726886,0.14849102978201825,-0.18105842447130804,0.0,0.0,0.0,0.0,0.0,0.0,0.0,0.0,0.0,0.0,0.0,0.15187794162795648,0.1335488241003793
2017-03-31,0.0,0.0,-0.24575508146976346,-0.21432307090474476,0.0,-0.15246771428216677,0.0,0.0,-0.1939474844992573,0.24528994937474027,0.0,0.0,0.25206827546022775,-0.19350664884406762,0.0,0.0,0.0,0.0,0.18119104533764208,0.0,0.0,0.0,0.0,0.0,0.0,0.14960975912336,0.17184097070402976
2017-04-30,0.0,0.0,-0.24527490509646283,-0.21234463145496774,0.0,-0.156284663091278,0.0,0.0,-0.2057905931445485,0.219914531371025,0.0,0.0,0.2673069497266232,-0.18030520721274296,0.0,0.0,0.0,0.0,0.1763150418567817,0.0,0.0,0.0,0.0,0.0,0.0,0.16153494984315409,0.1749285272024159
2017-05-31,0.0,0.0,-0.2540299875173308,-0.20487354759903964,0.0,-0.18585249133045628,0.0,0.0,-0.1838543786153519,0.19876718903198407,0.0,0.0,0.26649072500343207,-0.17138959493782138,0.0,0.0,0.0,0.0,0.18937124135367997,0.0,0.0,0.0,0.0,0.0,0.0,0.19354755988367803,0.15182328472722584
2017-06-30,0.0,0.0,-0.2305719732327034,-0.20714767926563554,0.0,-0.1882798733899773,0.0,0.0,-0.1959183765215737,0.10586400812650308,0.0,0.40001318602035624,0.0,-0.17808209759011012,0.0,0.0,0.0,0.0,0.18538825094626996,0.0,0.0,0.0,0.0,0.0,0.0,0.1843003387661503,0.12443421614072052
2017-07-31,0.0,0.0,-0.22661665855361568,-0.21498197187793155,0.0,-0.18488113496855585,0.0,0.0,-0.1926353068092581,0.12548277904035116,0.0,0.0,0.24258628750278893,-0.18088492779063878,0.0,0.0,0.0,0.0,0.22963098367942786,0.0,0.0,0.0,0.0,0.0,0.0,0.23693733667668412,0.16536261310074793
2017-08-31,0.0,0.0,-0.21128230839331033,-0.2149600624169318,0.0,-0.19302758082466515,0.0,0.0,-0.20507663286689826,0.11760339232830595,0.0,0.0,0.25137168046704905,-0.17565341549819444,0.0,0.0,0.0,0.0,0.2341088048536198,0.0,0.0,0.0,0.0,0.0,0.0,0.238553585703645,0.1583625366473802
2017-09-30,0.0,0.0,-0.20405044106344383,-0.20857619136264485,0.0,-0.21744174376690883,0.0,0.0,-0.19991924936548003,0.1937275915752766,0.0,0.0,0.21785468769449312,-0.1700123744415226,0.0,0.0,0.0,0.0,0.19753959596018625,0.0,0.0,0.0,0.0,0.0,0.0,0.25000308868426496,0.1408750360857791
2017-10-31,0.0,0.0,-0.20299725196096705,-0.21583757151093869,0.0,-0.2072358312613514,0.0,0.0,-0.1986453785613095,0.16297459906245282,0.0,0.0,0.0,-0.1752839667054335,0.0,0.0,0.3787567715081946,0.0,0.1608740424575834,0.0,0.0,0.0,0.0,0.0,0.0,0.17923014464063108,0.11816444233113801
2017-11-30,0.0,0.0,-0.20673443467961797,-0.21486912592257554,0.0,-0.21200720635230852,0.0,0.0,-0.18735980845831884,0.160331806434675,0.0,0.0,0.0,-0.17902942458717924,0.0,0.0,0.3768217470890748,0.0,0.1666701225884642,0.0,0.0,0.0,0.0,0.0,0.0,0.154845306933426,0.14133101695435998
2017-12-31,0.0,0.0,-0.22201219503840444,-0.20566180054639077,0.0,-0.2111364613336433,0.0,0.0,-0.18516552222229413,0.18596287002003759,0.0,0.0,0.2898568265807804,-0.17602402085926724,0.0,0.0,0.0,0.0,0.2168100923740846,0.0,0.0,0.0,0.0,0.0,0.0,0.16187874677447717,0.1454914642506203
2018-01-31,0.0,0.0,-0.16567827833350246,-0.16768138392569887,0.0,0.0,0.0,0.0,-0.12755795552400787,0.1636091849273625,0.0,0.0,0.0,-0.1433972271666232,0.4000358237452541,0.0,0.0,0.0,0.18745166865417343,0.0,0.0,0.0,0.0,0.0,-0.39568515505016766,0.13964884465312516,0.10925447802008477
2018-02-28,0.0,0.0,-0.19608621956049996,-0.21842736152379902,0.0,-0.2170007621399798,0.0,0.0,-0.17623215703101958,0.1591826298177603,0.0,0.0,0.0,-0.19225349974470177,0.0,0.0,0.40000291969282425,0.0,0.1786971246676962,0.0,0.0,0.0,0.0,0.0,0.0,0.15194392773497659,0.11017339808674267
2018-03-31,0.0,0.0,-0.2073007649869071,-0.2201009338312742,0.0,-0.21921295654690276,0.0,0.0,-0.16912911417721802,0.1573749532842706,0.0,0.0,0.0,-0.18425623045769796,0.0,0.0,0.40000190017964665,0.0,0.1583495510696305,0.0,0.0,0.0,0.0,0.0,0.0,0.17017484953642814,0.11409874593002411
2018-04-30,0.0,0.0,-0.2082140065859375,-0.21261781756213555,0.0,-0.21244364673532307,0.0,0.0,-0.18024350037146314,0.14870875786224844,0.0,0.0,0.0,-0.1864810287451407,0.0,0.0,0.4000002990189114,0.0,0.15720388790105264,0.0,0.0,0.0,0.0,0.0,0.0,0.16279215400726055,0.13129490121052703
2018-05-31,0.0,0.0,-0.2129272650233945,-0.20687259009912715,0.0,-0.19190514119406346,0.0,0.0,-0.1539161816338236,0.0,0.0,0.0,0.0,0.0,0.3874241556459505,-0.23437882204959123,0.28850145020510676,0.0,0.11019289631995344,0.0,0.0,0.0,0.0,0.0,0.0,0.117847787050027,0.09603371077896228
2018-06-30,0.0,0.0,-0.24779429646214157,-0.20136221053496856,0.0,-0.19570129602017572,0.0,0.0,-0.12795867242034759,0.0,0.0,0.0,0.0,0.0,0.35277805767141746,-0.22718352456236654,0.30371669812350166,0.0,0.1321115726416823,0.0,0.0,0.0,0.0,0.0,0.0,0.093735718964718,0.11765795259868055
2018-07-31,0.0,0.0,-0.23624403387659737,-0.17100686730297995,0.0,-0.2387937134742556,0.0,0.0,-0.12042978715360242,0.0,0.0,0.0,0.0,0.0,0.34082890568590724,-0.2335255981925647,0.3168005897440115,0.0,0.12757467718531837,0.0,0.0,0.0,0.0,0.0,0.0,0.09663434726043658,0.11816148012432634
2018-08-31,0.0,0.0,-0.26978800654867574,-0.19581890883316183,0.0,-0.25951614194145967,0.0,0.0,-0.14154926269966392,0.14019560004435,0.0,0.0,0.0,-0.13332767997703873,0.0,0.0,0.40000472420783795,0.0,0.18290874821500433,0.0,0.0,0.0,0.0,0.0,0.0,0.1186292608237202,0.15826166670908742
2018-09-30,0.0,0.0,-0.2307851548380716,-0.1615218414310097,0.0,-0.2398354618604626,0.0,0.0,-0.1366345077463682,0.0,0.0,0.0,0.0,0.0,0.40000303887004873,-0.2312230341240879,0.33160762400582006,0.0,0.12821342873030775,0.0,0.0,0.0,0.0,0.0,0.0,0.03977147072108537,0.1004044376727381
2018-10-31,0.0,0.0,-0.2239373610956303,-0.20465795931883138,0.0,0.0,0.0,0.0,-0.15722507715226,0.0,0.0,0.0,0.0,-0.1502535948070885,0.4000023282437514,-0.2639260076261899,0.2929157064948165,0.0,0.16930110772739582,0.0,0.0,0.0,0.0,0.0,0.0,0.039838665916696936,0.0979421916173394
2018-11-30,0.0,0.0,-0.20729021106604303,-0.18653612950887324,0.0,-0.22653684978628363,0.0,0.0,-0.1387640220074865,0.0,0.0,0.0,0.0,0.0,0.40000430788243296,-0.2408727876313136,0.30075588099449363,0.0,0.14786741352614452,0.0,0.0,0.0,0.0,0.0,0.0,0.045377733909113656,0.10599466368781531
2018-12-31,0.0,0.0,-0.23039043407800347,-0.1988896139712266,0.0,-0.26169330573979677,0.0,0.0,-0.14426810729044284,0.0,0.0,0.0,0.0,-0.16475853892053027,0.31283876597303584,0.0,0.2762604063627598,0.0,0.1676950836988407,0.0,0.0,0.0,0.0,0.0,0.0,0.11234052697823307,0.1308652169871306
2019-01-31,0.0,0.0,-0.21963193392119723,-0.18652567977731535,0.0,-0.20170435236180861,0.0,0.0,-0.12684310742527438,0.0,0.0,0.0,0.0,0.0,0.2846907030064122,-0.2652949265144044,0.2603815877347418,0.0,0.17097912432527562,0.0,0.0,0.0,0.0,0.0,0.0,0.14475485444013092,0.1391937304934394
2019-02-28,0.0,0.0,-0.23135122759201227,-0.21065569874179557,0.0,-0.22989000306253382,0.0,0.0,-0.16420890432366417,0.0,0.0,0.0,0.0,-0.16389416627999423,0.24311392877541432,0.0,0.2529715323042825,0.0,0.22654199196307978,0.0,0.0,0.0,0.0,0.0,0.0,0.13458489160495857,0.14278765535226487
2019-03-31,0.0,0.0,-0.22683949224861577,-0.22923363424533053,0.0,-0.21183083717373452,0.0,0.0,-0.1691014456567337,0.0,0.0,0.0,0.0,-0.1629945906755855,0.25534099552955486,0.0,0.2484912038178502,0.0,0.22122530944392282,0.0,0.0,0.0,0.0,0.0,0.0,0.13951968006338475,0.13542281114528748
2019-04-30,0.0,0.0,-0.23890419182597616,-0.21197338718139272,0.0,-0.24887144346552467,0.0,0.0,-0.1622458087799737,0.0,0.0,0.0,0.0,-0.13800516874713284,0.2970741942484191,0.0,0.30054020180386437,0.0,0.19809812828425621,0.0,0.0,0.0,0.0,0.0,0.0,0.08053279331375668,0.12375468234970376
2019-05-31,0.0,0.0,-0.27768276212221316,-0.21829184237422875,0.0,-0.23205182344661365,0.0,0.0,-0.13742883352278035,0.0,0.0,0.0,0.0,-0.13454473853416415,0.3963588417642276,0.0,0.24021613650575332,0.0,0.17347050462576888,0.0,0.0,0.0,0.0,0.0,0.0,0.07630634469746142,0.11364817240678883
2019-06-30,0.0,0.0,-0.2495474699462936,-0.25508450298254964,0.0,-0.19702783852286418,0.0,0.0,-0.15047789858892252,0.0,0.0,0.0,0.0,-0.14786228995937017,0.40000056322391075,0.0,0.2428820119021024,0.0,0.16347506481326726,0.0,0.0,0.0,0.0,0.0,0.0,0.07217190573478457,0.12147045432593512
2019-07-31,0.0,0.0,-0.1995165235861219,-0.23923696017456542,0.0,-0.22615040037781367,0.0,0.0,-0.17442384999907518,0.0,0.0,0.0,0.0,-0.16067226586242395,0.34710482089355804,0.0,0.2679373473912522,0.0,0.15410879768776095,0.0,0.0,0.0,0.0,0.0,0.0,0.11326517493002167,0.11758385909740704
2019-08-31,0.0,0.0,-0.1868593911368096,-0.24143807480068732,0.0,-0.2255193742771907,0.0,0.0,-0.16843212352907339,0.0,0.0,0.0,0.0,-0.177751036256239,0.33405413063727635,0.0,0.3039101541123872,0.0,0.14851642484406732,0.0,0.0,0.0,0.0,0.0,0.0,0.10399968643910965,0.10951960396715932
2019-09-30,0.0,0.0,-0.1866006205336505,-0.2531737347168022,0.0,-0.18729793467062486,0.0,0.0,-0.16857561483821243,0.0,0.0,0.0,0.0,-0.20435209524070988,0.34175276658677023,0.0,0.2653763254943845,0.0,0.153901985457029,0.0,0.0,0.0,0.0,0.0,0.0,0.12691074504681607,0.11205817741500022
2019-10-31,0.0,0.0,-0.20451316288746982,-0.2474445854349247,0.0,-0.1850645567650236,0.0,0.0,-0.17250715938993455,0.0,0.0,0.0,0.0,-0.19047053552264723,0.33737959437079573,0.0,0.23351752750523946,0.0,0.16507468796442573,0.0,0.0,0.0,0.0,0.0,0.0,0.1446068344069554,0.11942135575258371
2019-11-30,0.0,0.0,-0.19379329528731978,-0.23488365233068595,0.0,-0.1813728353731875,0.0,0.0,-0.15389836621851935,0.0,0.0,0.0,0.0,0.0,0.3692872812199879,-0.23605185079028732,0.24262942203206986,0.0,0.16670157042557676,0.0,0.0,0.0,0.0,0.0,0.0,0.11613351030389628,0.10524821601846909
2019-12-31,0.0,0.0,-0.24072852708208461,-0.25709213207424525,0.0,-0.2563141728164064,0.0,0.0,-0.1766557640565044,0.0,-0.06920940397075938,0.0,0.0,0.0,0.36273011540157446,0.0,0.23355798821478155,0.0,0.18706783309404051,0.0,0.0,0.0,0.0,0.0,0.0,0.11474989642147775,0.1018941668681258
2020-01-31,0.0,0.0,-0.1957550336480458,-0.23560080174661782,0.0,-0.2201587896246649,0.0,0.0,0.0,0.0,0.0,0.0,0.0,-0.1271330829830707,0.35103327933710093,-0.2213522919976007,0.2920013584006652,0.0,0.15333011757836792,0.0,0.0,0.0,0.0,0.0,0.0,0.12147761218007576,0.08215763250379023
2020-02-29,0.0,0.0,-0.18313478124520752,-0.22079399608830458,0.0,-0.20608872803641012,0.0,0.0,-0.17743409425733614,0.0,0.0,0.0,0.0,0.0,0.28085551958841426,-0.21254840037274164,0.28920573813283473,0.0,0.15312477894947682,0.0,0.0,0.0,0.0,0.0,0.0,0.18474540848966955,0.09206855483960462
2020-03-31,0.0,0.0,-0.21330334731680892,-0.21770509192246398,0.0,-0.15388805331578298,0.0,0.0,-0.16793670694675225,0.0,0.0,0.0,0.0,0.0,0.1842887718334847,-0.24716680049819176,0.3211605210007572,0.0,0.15980546752324185,0.0,0.0,0.0,0.0,0.0,0.0,0.23357932217172958,0.10116591747078668
2020-04-30,0.0,0.0,-0.25334806343547095,-0.2437623683428745,0.0,-0.15926121581607505,0.0,0.0,0.0,0.0,0.0,0.0,0.0,0.0,0.1588288509812585,-0.18382301668799003,0.3795822076643068,-0.15980533571758954,0.10324709554490238,0.0,0.0,0.0,0.0,0.0,0.0,0.2256394815549597,0.13270236425457252
2020-05-31,0.0,0.0,-0.24854599650100345,-0.2356114102056836,0.0,-0.16604872786573818,0.0,0.0,0.0,0.0,-0.16943863650488358,0.0,0.0,0.0,0.16146543937785499,-0.18035522892269112,0.36656022851886017,0.0,0.10623474388970283,0.0,0.0,0.0,0.0,0.0,0.0,0.2316871965799744,0.13405239163360774
2020-06-30,0.0,0.0,-0.25046684756443954,-0.23333796917538505,0.0,-0.1759913162118874,0.0,0.0,-0.16295362463606483,0.0,0.0,0.0,0.0,0.0,0.1581056814314919,-0.1772502424122232,0.394507635964992,0.0,0.10062495237205227,0.0,0.0,0.0,0.0,0.0,0.0,0.21472970415843143,0.13203202607303252
2020-07-31,0.0,0.0,-0.19768046369372702,-0.1835946712170487,0.0,0.0,0.0,0.0,0.0,0.0,-0.0897107672442761,0.0,0.0,0.0,0.1809298846180423,-0.21879709877138412,0.4000003185983858,0.0,0.09484475831767662,0.0,0.0,0.0,0.0,0.0,-0.310216999073564,0.20776507725511056,0.1164599612107848
2020-08-31,0.0,0.0,-0.2206367803132223,-0.19804241716824203,0.0,-0.2091839948563668,0.0,0.0,-0.12800273957419825,0.0,0.0,0.0,0.0,0.0,0.19225396399076203,-0.2441340680879707,0.40000323524076137,0.0,0.08912015639286222,0.0,0.0,0.0,0.0,0.0,0.0,0.21842875286199806,0.10019389151361636
2020-09-30,0.0,0.0,-0.19674783625908468,-0.19624785033074096,0.0,-0.20503834381813224,0.0,0.0,-0.13965019640999396,0.0,0.0,0.0,0.0,0.0,0.26115039012204005,-0.2623157731820481,0.39554294929349554,0.0,0.08985715176122427,0.0,0.0,0.0,0.0,0.0,0.0,0.16121741668689432,0.09223209213634578
2020-10-31,0.0,0.0,-0.20350094549744585,-0.2111674899918518,0.0,-0.22281049459431332,0.0,0.0,-0.14644418161609277,0.0,0.0,0.0,0.0,0.0,0.27955070401319587,-0.21607688830029623,0.364626046161645,0.0,0.1109170892107478,0.0,0.0,0.0,0.0,0.0,0.0,0.15030098727390068,0.09460517334051072
2020-11-30,0.0,0.0,-0.15467545395245644,-0.1645269889657126,0.0,-0.1759182046254125,0.0,0.0,-0.1048789165326531,0.0,0.0,0.0,0.0,0.0,0.3198734334323804,0.0,0.31676857880721043,0.0,0.10929800810722119,0.0,0.0,-0.40000043592376544,0.0,0.0,0.0,0.15515996931887852,0.0989000103343094
2020-12-31,0.0,0.0,-0.22664315917356137,-0.24521759648088334,0.0,-0.2246611606139625,0.0,0.0,-0.14769402310289034,0.0,-0.1557840606287023,0.0,0.0,0.0,0.28595781229828154,0.0,0.40000227080987455,0.0,0.11582353392253264,0.0,0.0,0.0,0.0,0.0,0.0,0.08409802774661547,0.11411835522269577
2021-01-31,0.0,0.0,-0.18407964858480183,-0.19430137858737018,0.0,0.0,0.0,0.0,-0.1317342983528973,0.0,0.0,0.0,0.0,0.0,0.2560890979693685,-0.2693906898739657,0.4000025809988955,0.0,0.14129584512040183,0.0,0.0,0.0,0.0,0.0,-0.22049398460096498,0.07318779413960164,0.1294246817717325
2021-02-28,0.0,0.0,-0.25502588922646585,-0.26771942616395045,0.0,0.0,0.0,0.0,0.0,0.0,-0.11215804656711408,0.0,0.0,0.0,0.29175921314403147,-0.1764828705246156,0.40000731076749035,0.0,0.12949217469672364,0.0,0.0,0.0,-0.18861376751785405,0.0,0.0,0.07702400389404268,0.10171729749771186
2021-03-31,0.0,0.0,-0.27387591381494736,-0.27287465402318045,0.0,0.0,0.0,0.0,-0.165801757422694,0.0,-0.11396009346142162,0.0,0.0,0.0,0.2990339317936933,-0.1734875812777566,0.37320170073530634,0.0,0.113478310083141,0.0,0.0,0.0,0.0,0.0,0.0,0.12062332526757245,0.09366273212028693
2021-04-30,0.0,0.0,-0.20677745425242508,-0.23620558732421315,0.0,-0.2966473395003146,0.0,0.0,-0.15860597848422284,0.0,-0.10176364043882433,0.36545549179834386,0.0,0.0,0.0,0.0,0.3546453677827769,0.0,0.11201376777465082,0.0,0.0,0.0,0.0,0.0,0.0,0.06946619119438452,0.09841918144984388
2021-05-31,0.0,0.0,-0.1938285148087792,-0.2288818066056196,0.0,0.0,0.0,0.0,-0.16118854210334496,0.0,0.0,0.0,0.0,0.0,0.40000166492668626,-0.233331768084777,0.26273975648215864,0.0,0.14037237579409054,0.0,-0.18276936839747923,0.0,0.0,0.0,0.0,0.07665794594283332,0.12022825685423119
2021-06-30,0.0,0.0,-0.21024345852239773,-0.23246800546049268,0.0,-0.2828022472370244,0.0,0.0,-0.15309726467423518,0.0,0.0,0.0,0.0,0.0,0.400000105805379,0.0,0.25810772540915355,0.0,0.14579158766753164,0.0,-0.12138902410585009,0.0,0.0,0.0,0.0,0.06783981254774644,0.12826076857018942
2021-07-31,0.0,0.0,-0.23017889493675622,-0.24095462944385448,0.0,-0.2779902451154547,0.0,0.0,-0.15087610311678717,0.12813411813785427,0.0,0.0,0.0,0.0,0.0,0.0,0.3915537995809772,0.0,0.17949349349872318,0.0,-0.10000012738714743,0.0,0.0,0.0,0.0,0.1499902772061589,0.15082831157628654
2021-08-31,-0.15996017510723012,0.0,-0.20647892696086026,-0.24351699736388388,0.0,-0.23291681373735537,0.0,0.0,-0.15712708683067053,0.11746228568062958,0.0,0.0,0.0,0.0,0.0,0.0,0.40000369595686697,0.0,0.1795074719857233,0.0,0.0,0.0,0.0,0.0,0.0,0.16683596503042447,0.1361905813463556
2021-09-30,0.0,0.0,-0.18022768643093695,-0.23501305118519877,0.0,-0.22853268812109717,0.0,0.0,-0.15008725880549645,0.11164182328507608,0.0,0.0,0.0,0.0,0.0,0.0,0.4000012886611497,0.0,0.18481679728704653,0.0,0.0,0.0,0.0,0.0,-0.20613931545727066,0.1774386416954836,0.12610144907124415
2021-10-31,0.0,0.0,-0.17740178812993554,-0.23702238044570736,0.0,-0.2035375060027786,0.0,0.0,-0.14745985820688956,0.10513760866767335,0.0,0.0,0.0,0.0,0.0,-0.23457846721468892,0.40000297221867803,0.0,0.22124444557929066,0.0,0.0,0.0,0.0,0.0,0.0,0.15765779559997964,0.11595717793437837
2021-11-30,0.0,0.0,-0.17573633979436187,-0.2191637790698645,0.0,-0.20337033289647793,0.0,0.0,-0.13470650330038808,0.11476001233028016,0.16051117783462784,0.0,0.0,0.0,0.0,-0.2670230449389076,0.38785009094005296,0.0,0.20023002007026972,0.0,0.0,0.0,0.0,0.0,0.0,0.13664869882476943,0.0
2021-12-31,0.0,0.0,-0.21397245189683592,-0.23610525480697053,-0.20278181796145522,0.0,0.0,0.0,-0.15634938810541546,0.19224875634125954,0.0,0.0,0.3168298298919263,0.0,0.0,-0.1907910872293228,0.0,0.0,0.24236903786407568,0.0,0.0,0.0,0.0,0.0,0.0,0.07590527772339632,0.17264709817934226
2022-01-31,0.0,0.0,-0.22695155327850525,-0.22702450166453828,0.0,-0.22466287950069422,0.0,0.0,-0.15470686668034336,0.23345092617462712,0.21294902409587957,0.0,0.0,0.0,0.0,-0.16665419887591876,0.0,0.0,0.28970668551858436,0.0,0.0,0.0,0.0,0.0,0.0,0.048188967195596295,0.21570439701531277
2022-02-28,0.0,0.0,-0.21771817025928125,-0.22776676158879655,0.0,-0.234363218588989,0.0,0.0,-0.14777350103804843,0.22119382358160944,0.1956725936740215,0.0,0.0,0.0,0.0,-0.17237834852488482,0.0,0.0,0.32201067068211775,0.0,0.0,0.0,0.0,0.0,0.0,0.045357145466851594,0.2157657665953997
2022-03-31,0.0,0.0,-0.21175545891102923,-0.20664890150528473,0.0,-0.2962669071599621,0.0,0.0,-0.12462871019033975,0.1451600351539909,0.0,0.0,0.0,0.0,0.0,-0.16070002223338423,0.3816922354769837,0.0,0.27147132309273614,0.0,0.0,0.0,0.0,0.0,0.0,0.03514409322458157,0.16653231305170763
2022-04-30,0.0,0.0,-0.24631686737824604,-0.19739679734712418,0.0,-0.23746517748590437,0.0,0.0,-0.11138573292150268,0.17964679514838353,0.16452008833973217,0.0,0.22033107288116874,0.0,0.0,-0.20743542486722272,0.0,0.0,0.2540648904790595,0.0,0.0,0.0,0.0,0.0,0.0,0.1814371531516561,0.0
2022-05-31,0.0,0.0,-0.2724008221832978,-0.20757236458942188,0.0,-0.19106678340271507,0.0,0.0,-0.11682303117763382,0.15089813016722092,0.1532489750100118,0.0,0.19004200103160218,0.0,0.0,-0.21213699864693136,0.0,0.0,0.22412295792252257,0.0,0.0,0.0,0.0,0.0,0.0,0.2816879358686423,0.0
2022-06-30,0.0,0.0,-0.25122663484923186,-0.21181743059036298,0.0,-0.19739548614232902,0.0,0.0,-0.132685073428977,0.14061781787266342,0.2002362792876436,0.0,0.0,0.1237042330061218,0.0,-0.2068753749890991,0.0,0.0,0.2524815560779962,0.0,0.0,0.0,0.0,0.0,0.0,0.282960113755575,0.0
2022-07-31,0.0,0.0,-0.17417673777573,-0.19310195387302348,0.0,-0.15561136437721954,0.0,0.0,0.0,0.1458484449297199,0.18482773899405613,0.0,0.19176422324002737,0.0,0.0,-0.1550295758369046,0.0,0.0,0.2409549220985619,0.0,0.0,0.0,0.0,0.0,-0.3220803681371223,0.23660467073763464,0.0
2022-08-31,0.0,0.0,-0.219123435967828,-0.21418207370855685,0.0,-0.19832343488924098,0.0,0.0,-0.170785057854176,0.17954224773879357,0.12064559709934036,0.0,0.0,0.18619357277176682,0.0,-0.19758599758019801,0.0,0.0,0.0,0.0,0.0,0.0,0.23489137137113958,0.0,0.0,0.2787272110189597,0.0
2022-09-30,0.0,0.0,-0.22470896125412468,-0.22210761131534568,0.0,-0.1808705040318996,0.0,0.0,-0.1719838824733433,0.16634010618054,0.0974614487702312,0.0,0.0,0.174817920461083,0.0,-0.2003290409252867,0.0,0.0,0.23800328151853395,0.0,0.0,0.0,0.0,0.0,0.0,0.32337724306961185,0.0
2022-10-31,0.0,0.0,-0.23905233859843958,-0.20594504622508575,0.0,-0.18708359210051617,0.0,0.0,-0.15797414981916702,0.13055585496156702,0.0,0.0,0.1211081535626484,0.1310743259269469,0.0,-0.2099448732567915,0.0,0.0,0.21724690860677315,0.0,0.0,0.0,0.0,0.0,0.0,0.4000147569420646,0.0
2022-11-30,0.0,0.0,-0.23169433924661512,-0.19150903257620477,0.0,-0.2120732686392711,0.0,0.0,-0.15459967748684092,0.11274372261152249,0.09733883961589353,0.0,0.0,0.114925092462672,0.0,0.0,0.0,0.0,0.274965839251929,0.0,0.0,0.0,0.0,0.0,-0.21012368205106802,0.4000265060579829,0.0
2022-12-31,0.0,0.0,-0.20127972627144294,-0.19164970775463624,0.0,-0.1879339649804246,0.0,0.0,0.0,0.0942796654287412,0.0,-0.22080140589666486,0.0,0.1109175317700582,0.0,0.0,0.0,0.0,0.2629370750449643,0.0,0.0,0.0,0.13184972873601164,0.0,-0.19833519509683134,0.4000159990202247,0.0
2023-01-31,0.0,0.0,-0.21893851668422085,-0.2209223078332839,0.0,-0.13904264231443333,0.0,0.0,0.0,0.11423503470815025,0.0,-0.21867847599455034,0.1303896562537934,0.1269784914794371,0.0,0.0,0.0,0.0,0.22837996696564766,0.0,0.0,0.0,0.0,0.0,-0.20241805717351166,0.40001685059297165,0.0
2023-02-28,0.0,0.0,-0.19651872309474372,-0.22424639538867924,0.0,-0.11482710378572271,0.0,0.0,0.0,0.11819276991511829,0.0,-0.2369261628912835,0.13334646090902866,0.14431983030247492,0.0,0.0,0.0,0.0,0.20411236241265124,-0.22748161483957083,0.0,0.0,0.0,0.0,0.0,0.4000285764607269,0.0
2023-03-31,0.0,0.0,-0.1893041494575856,-0.20249136001894255,0.0,-0.1040111955223897,0.0,0.0,0.0,0.13800490362804602,0.0,-0.258191853258547,0.11822289597887428,0.1365091082303085,0.0,0.0,0.0,0.0,0.20720999237883989,-0.24600144174253502,0.0,0.0,0.0,0.0,0.0,0.40005309978393133,0.0
2023-04-30,0.0,0.0,-0.18110562063470717,0.0,0.0,-0.1450997906984482,0.0,0.0,0.0,0.17042879580576475,0.0,-0.25835460938975546,0.13073459041260685,0.12877831354505975,0.0,0.0,0.0,0.0,0.17003471881797172,-0.26014435252485824,0.0,0.0,0.0,0.0,-0.1552956267522309,0.4000235814185969,0.0
2023-05-31,0.0,0.0,-0.1745934269915338,0.0,0.0,-0.15012449831262986,0.0,0.0,0.0,0.1686820740506125,0.0,-0.2662079618813444,0.1278020507558705,0.12517658619975033,0.0,0.0,0.0,0.0,0.17831918096533553,-0.2630950976114742,0.0,0.0,0.0,0.0,-0.14597901520301768,0.4000201080284312,0.0
2023-06-30,0.0,0.0,-0.1536542567015327,0.0,0.0,-0.12754177280671136,0.0,0.0,0.0,0.16716899654535256,0.0,-0.2763138795199346,0.13706302861601663,0.13469430144764186,0.0,0.0,0.0,0.0,0.1685001651108252,-0.27212735949892236,0.0,0.0,0.0,0.0,-0.17036273147289904,0.39257350828016374,0.0
2023-07-31,0.0,0.0,-0.1577486886741504,0.0,0.0,-0.13293967963634845,0.0,0.0,0.0,0.1924571314844898,0.0,-0.27668114409531724,0.15735266310130813,0.21556685901538605,0.0,0.0,0.0,0.0,0.3195336452410711,-0.25392147552505756,0.0,0.0,0.0,0.0,-0.17870901206912626,0.11508970115774504,0.0
2023-08-31,0.0,0.0,-0.180723166382203,0.0,0.0,-0.16101981956718944,0.0,0.0,0.0,0.22905964896277503,0.0,-0.27958613257462733,0.1936041789165543,0.19266946190108603,0.0,0.0,0.0,0.0,0.26872920118201515,-0.20483189920803027,0.0,0.0,0.0,0.0,-0.1738389822679498,0.11593750903756958,0.0
2023-09-30,0.0,0.0,-0.21359231111115357,0.0,0.0,-0.18140832732381473,0.0,0.0,0.0,0.2290979686155919,0.0,0.0,0.1635678473451003,0.20547620725497134,0.0,0.0,0.0,-0.17308939242860777,0.26291317082168514,-0.24117057110232915,0.0,0.0,0.0,0.0,-0.1907393980340949,0.13894480596265127,0.0
2023-10-31,0.0,0.0,-0.21473990929737471,0.0,0.0,-0.18201097651856665,0.0,0.0,0.0,0.2346781221661389,0.0,0.0,0.1655116833442883,0.19027832001823014,0.0,0.0,0.0,-0.18752887694199974,0.22364376703173836,-0.2311376359296698,0.0,0.0,0.0,0.0,-0.18458260131238904,0.18588810743960438,0.0
2023-11-30,0.0,0.0,-0.1736137757791408,0.0,0.0,-0.14994062932194713,0.0,0.0,0.0,0.23311166411790818,0.0,-0.26372023863958566,0.16462859540891783,0.2124031907985688,0.0,0.0,0.0,0.0,0.19498974679225223,-0.27315011611293244,0.0,0.0,0.0,0.0,-0.13957524014639394,0.19486680288235303,0.0
2023-12-31,0.0,0.0,-0.1908223650314987,0.0,0.0,-0.1633602577732116,0.0,0.0,0.0,0.17307118423185042,0.0,-0.3093486867540923,0.11572060069290156,0.16958469202982906,0.0,0.0,0.0,0.0,0.14159759901712046,-0.20482043226747154,0.0,0.0,0.0,0.0,-0.1316482581737259,0.4000259240282986,0.0
2024-01-31,0.0,0.0,-0.1973467357220176,0.0,0.0,-0.13573749456778603,0.0,0.0,0.0,0.1715316963211192,0.0,-0.3295997589661746,0.1202468758867064,0.15256579236492557,0.0,0.0,0.0,0.0,0.1556263633467755,-0.20095931412885792,0.0,0.0,0.0,0.0,-0.1363566966151638,0.4000292720804733,0.0
2024-02-29,0.0,0.0,-0.18898098675647385,0.0,0.0,-0.12945068518999991,0.0,0.0,0.0,0.0,0.0,-0.31160522283368086,0.13417598355546553,0.1644902828412022,0.0,0.0,0.0,-0.12844885934151806,0.17279835316981387,-0.24151424587832726,0.0,0.0,0.0,0.0,0.0,0.4000294068766394,0.12850597355687907
2024-03-31,0.0,0.0,-0.1582351633318293,0.0,0.0,-0.1345043333638831,0.0,0.0,0.0,0.14502350594974073,0.0,-0.34716962554768144,0.13720445919391933,0.13879886445005496,0.0,0.0,0.0,-0.14255173648388178,0.17897028450880287,-0.21753914127272442,0.0,0.0,0.0,0.0,0.0,0.400002885897482,0.0
2024-04-30,0.0,0.0,-0.16602675053098342,0.0,0.0,-0.14841109604403724,0.0,0.0,0.0,0.167041272829016,0.0,0.0,0.17409646505036488,0.0,0.0,0.0,0.0,-0.14426324600084947,0.18820210205557944,-0.22140879725957618,0.0,0.0,0.0,-0.3198901101645536,0.0,0.3382812242816092,0.13237893578343046
2024-05-31,0.0,0.0,-0.16775514173932404,0.0,0.0,-0.14344385813581936,0.0,0.0,0.0,0.1600789427113546,0.0,0.0,0.1824071669293554,0.0,0.0,0.0,0.0,-0.14038758664082615,0.18056047344105725,-0.24795089233531503,0.0,0.0,0.0,-0.30046252114871547,0.0,0.32604748913266796,0.15090592778556478
2024-06-30,0.0,0.0,-0.1574797142026245,0.0,0.0,-0.11765470323912706,0.0,0.0,0.0,0.15970860043310908,0.0,-0.32764617031211263,0.16865968811965912,0.0,0.0,0.0,0.0,-0.12039336266808291,0.16072733925127525,-0.2768260495780529,0.0,0.0,0.0,0.0,0.0,0.36703761931891554,0.14386675287704112
2024-07-31,0.0,0.0,-0.13556206177933322,0.0,0.0,-0.09978576730694265,0.0,0.0,0.0,0.17884098231322323,0.0,-0.35493165825831696,0.1800747782297759,0.0,0.0,0.0,0.0,-0.12182407442175887,0.12466903001064426,-0.28789643823364847,0.0,0.0,0.0,0.0,0.0,0.3522081049928723,0.16420710445348438
2024-08-31,0.0,0.0,-0.17857864388952785,0.0,0.0,-0.12630233245686678,0.0,0.0,0.0,0.18022309964502947,0.0,-0.4000042073322955,0.17536151780116863,0.0,0.0,-0.11581622979233416,0.0,0.0,0.12902212159864937,0.0,0.0,0.0,0.0,0.0,-0.17929858652897562,0.34780598317863626,0.16758727777651622
2024-09-30,0.0,0.0,-0.17773039618461073,0.0,0.0,-0.11942561445070761,0.0,0.0,0.0,0.15061378297695263,0.0,-0.33042259284631936,0.15882901259871265,0.0,0.0,0.0,0.0,0.0,0.12603488467055815,-0.18216996180514516,0.0,0.0,0.0,0.0,-0.19025143471321718,0.38932962360645734,0.1751926961473193
2024-10-31,0.0,0.0,-0.19258688485860068,0.0,0.0,-0.1199887426914855,0.0,0.0,0.0,0.1411740037560243,0.0,-0.30669457298909447,0.15499863155947793,0.0,0.0,0.0,0.0,-0.20368795837399276,0.11479956571460101,0.0,0.0,0.0,0.0,0.0,-0.17704184108682672,0.4000054000178008,0.1890223989520959
2024-11-30,0.0,0.0,-0.22318894907329034,0.0,0.0,-0.12545799286582796,0.0,0.0,-0.17383385895122438,0.14436607141197344,0.0,-0.3071132239986173,0.15616218763818282,0.0,0.0,0.0,0.0,0.0,0.12093783380015705,-0.1704059751110401,0.0,0.0,0.0,0.0,0.0,0.4000140678435784,0.17851983930610837
2024-12-31,0.0,0.0,-0.22755856590866555,0.0,0.0,-0.1376018481569019,0.0,0.0,-0.17994222448344238,0.149854681178876,0.0,-0.2915889478761685,0.14869236974136918,0.0,0.0,0.0,0.0,0.0,0.13848976025547566,0.0,0.0,0.0,0.0,0.0,-0.16330841357482162,0.4000189443018812,0.16294424452239809
2025-01-31,0.0,0.0,-0.20596669967662343,0.0,0.0,-0.13672632496597445,0.0,0.0,-0.1537329957365803,0.06598026234134874,0.0,0.0,0.09520813784917674,0.0,0.0,0.0,0.4000219928431257,0.0,0.08658553749421768,-0.25315643384480596,0.0,0.0,0.0,-0.25041754577601577,0.0,0.35220406947213123,0.0
2025-02-28,0.0,0.0,-0.2437173896224809,-0.2139101966068801,0.0,-0.17070245081697435,0.0,0.0,-0.18350452714071444,0.11505940879431885,0.0,0.0,0.18355775260574173,0.0,0.0,0.0,0.0,0.0,0.1460137469679076,0.0,0.0,0.0,0.0,0.0,-0.18816543581295014,0.4000178004156513,0.15535129121638047
2025-03-31,0.0,0.0,-0.2023868696854604,0.0,0.0,-0.1425007534809865,0.0,0.0,-0.1488302577793611,0.07983685841175246,0.0,-0.30949286209324867,0.11495013612127135,0.0,0.0,0.0,0.3077239651950687,-0.19678925696094332,0.09748900882815292,0.0,0.0,0.0,0.0,0.0,0.0,0.40000003144375457,0.0
2025-04-30,0.0,0.0,-0.2012638424476913,0.0,0.0,-0.1461752574855495,0.0,0.0,-0.11570999555024783,0.14774007771770378,0.0,-0.28643240090226835,0.13534430615575216,0.0,0.0,0.0,0.35260469310889714,0.0,0.14382899296694138,0.0,0.0,0.0,0.0,-0.250418503614243,0.0,0.2204819300507055,0.0
2025-05-31,0.0,0.0,-0.12750137324220076,0.0,0.0,-0.14749663865267462,0.0,0.0,0.0,0.1550446711640626,0.0,-0.32369706682067245,0.1541248190614143,0.0,0.0,0.0,0.0,-0.1889354465298082,0.1892409139467477,0.0,0.0,0.0,0.0,0.0,-0.2123694747546439,0.3296495726408627,0.17194002318691276
2025-06-30,0.0,0.0,-0.13620174827521228,-0.1805647639783764,0.0,-0.1448318367085338,0.0,0.0,0.0,0.15171087724760673,0.0,-0.36484610460988215,0.15996526112834328,0.0,0.0,0.0,0.0,-0.1735555464279953,0.18890414570698494,0.0,0.0,0.0,0.0,0.0,0.0,0.32799300693048483,0.17142670898658027
2025-07-31,0.0,0.0,-0.11948469934514253,-0.16381833366357304,0.0,-0.1279729438740501,0.0,0.0,0.0,0.1317327636069462,0.0,-0.3317915421578607,0.13992464453495962,0.0,0.0,0.0,0.0,0.0,0.16720573597157828,0.0,0.0,0.0,0.0,-0.25693248095937377,0.0,0.40001027100663783,0.16112658487987813
2025-08-31,0.0,0.0,-0.12514498529328114,-0.13447392534594532,0.0,-0.10937500673828687,0.0,0.0,0.0,0.1296375949669092,0.0,-0.3968492389531863,0.1348915314946941,0.0,0.0,0.0,0.0,0.0,0.1871705584972488,0.0,0.0,0.0,0.0,-0.23415684366930045,0.0,0.4000056972440012,0.1482946177971467
2025-09-30,0.0,0.0,-0.13068378147928494,-0.12585192861320205,0.0,-0.10908964459297987,0.0,0.0,0.0,0.13161344970561373,0.0,-0.40000094342841674,0.12219393388121275,0.0,0.0,0.0,0.0,0.0,0.20149612778547982,0.0,0.0,0.0,0.0,-0.23437370188611636,0.0,0.4000075304187549,0.1446889582089388
2025-10-31,0.0,0.0,-0.13383657523618203,0.0,0.0,-0.11460774292288661,0.0,0.0,-0.10302992187551142,0.12890427233370808,0.0,-0.40000241433766104,0.1302026529261261,0.0,0.0,0.0,0.0,0.0,0.19607512264660906,0.0,0.0,0.0,0.0,-0.24852334562775896,0.0,0.4000134410153565,0.14480451107820014
2025-11-30,0.0,0.0,-0.1280216694444924,0.0,0.0,-0.10345078479957204,0.0,0.0,-0.11190012322041772,0.12293459932743238,0.0,-0.4000022758435459,0.1286751082454702,0.0,0.0,0.0,0.0,0.0,0.20816286395199643,0.0,0.0,0.0,0.0,-0.25662514669197195,0.0,0.4000136542360918,0.14021377423900913
2025-12-31,0.0,0.0,-0.12682921926035146,0.0,0.0,-0.09744743143265244,0.0,0.0,-0.12025053812217312,0.13142244020975333,0.0,-0.40000092847788055,0.10811565753377872,0.0,0.0,0.0,0.0,0.0,0.20259081023358066,0.0,0.0,0.0,0.0,-0.2554718827069424,0.0,0.40000351583602267,0.15786757618686464
2026-01-31,0.0,0.0,-0.1262455022070583,0.0,0.0,-0.09870525394227345,0.0,0.0,-0.12044128487861432,0.0900570402437398,0.0,-0.40000063286452664,0.08016239933138682,0.0,0.0,0.0,0.24580185460983883,0.0,0.183978493371511,0.0,0.0,0.0,0.0,-0.2546073261075273,0.0,0.40000021244352363,0.0
2026-02-28,0.0,0.0,-0.10917020927436485,0.0,0.0,-0.10729551361211659,0.0,0.0,-0.117171117801898,0.12277414550611289,0.0,-0.4000050170776087,0.0940701872280693,0.0,0.0,0.0,0.0,0.0,0.2184223547996485,0.0,0.0,0.0,0.0,-0.26635814223401194,0.0,0.4000331186493344,0.16470019381683487
2026-03-31,0.0,0.0,-0.10872734129934811,0.0,0.0,-0.10554975895790271,0.0,0.0,-0.1105894969587726,0.12154748453444915,0.0,-0.4000043211162206,0.08254725847487317,0.0,0.0,0.0,0.24096636285252193,0.0,0.15489072889140265,0.0,0.0,0.0,0.0,-0.27512908166775607,0.0,0.40004816524675313,0.0
2026-04-30,0.0,0.0,-0.1265051408257728,0.0,0.0,-0.13207944296968654,0.0,0.0,-0.10112803997696443,0.1077423801182735,0.0,-0.37584851897483784,0.10013193866450348,0.0,0.0,0.0,0.2671531245444851,0.0,0.12491685408189773,0.0,0.0,0.0,0.0,-0.2644388572527384,0.0,0.4000557025908401,0.0
2026-05-31,0.0,0.0,-0.15270845419794954,0.0,0.0,-0.13401319855912705,0.0,0.0,-0.10333295381281472,0.09368324224672286,0.0,-0.3527831583974001,0.10498358189575455,0.0,0.0,0.0,0.2854388724556568,0.0,0.11585639976948739,0.0,0.0,0.0,0.0,-0.25716223503270846,0.0,0.4000379036323784,0.0
2026-06-30,0.0,0.0,-0.15652779574548872,0.0,0.0,-0.1349292136957822,0.0,0.0,0.0,0.09452101202568987,0.0,-0.36789375053586976,0.11840038362011887,0.0,0.0,0.0,0.24074383743616068,0.0,0.14630316108283356,0.0,0.0,0.0,0.0,-0.23869491642441615,-0.10195432359844318,0.40003160583519703,0.0
