workstream,component,hook,pre_registered_bar,measurement,verdict,reconstruction,evidence_csv,caveat
Arjun,Duration hedge (long TLT),external_legs,§19.4 slot rule: improve MaxDD or CVaR99 in >=4 of 6 pre-2026 stress windows AND cost <0.05 net Sharpe AND survive leave-one-out,"standalone net 0.5145 vs bar 0.4659 (+0.0485); add-one-in 4/6 windows, leave-one-out 4/6",ADOPTED,"re-priced, not rebuilt: TLT return from his committed duration_hedge_series.csv; hedge ratio re-estimated on THIS base's net book with his estimator (expanding 504d, lagged); cost_bps backed out of his own gross-vs-net series (0.678bp, reproduces his net to 1.1e-15)",p4_component_standalone.csv; p4_combined_ladder.csv,"Re-priced, not rebuilt. NW alpha vs the preceding rung is +0.74%/yr at t=1.16 — not significant. The leg costs 0.02bp/yr priced honestly; the 3.8e-5 gross-vs-net gap in his own file was slow beta drift, not an unpriced hedge"
Theo,Bad-skew exclusion (XS top quintile),weight_overlay,"§19.4 slot rule: improve MaxDD or CVaR99 in >=4 of 6 pre-2026 stress windows AND cost <0.05 net Sharpe AND survive leave-one-out; measured against per-currency RR book, net Sharpe 0.4559",standalone net 0.4360 vs bar 0.4559 (-0.0199); 6/6 windows,ADOPTED,"re-priced, not rebuilt: his committed bad_skew25_1m panel with his cross-sectional p80 rule, applied as a post-sizing trim rather than a pre-sort exclusion. NOTE his signal is bit-identical to fx.vol_surface_panel('RR')",p4_component_standalone.csv; p4_combined_ladder.csv; p4_selection_vs_derisking.csv,"MOSTLY DE-RISKING, NOT SELECTION (guardrail §6.12): of the 7.3pp drawdown improvement, 6.8pp is holding less notional and 0.5pp is the signal. Selection alpha 1.25%/yr at t=0.92 — insignificant. What selection DOES buy is skew, -0.63 -> -0.31 against the gross-matched control (baseline itself is -0.65), which de-risking does not deliver at all. The combined book also runs at 8.8% vol, not 10%, so part of its MaxDD is a lower risk level"
Theo,Option-conditioned carry strategy (2026-08-05),(never attached),§19.4 slot rule: improve MaxDD or CVaR99 in >=4 of 6 pre-2026 stress windows AND cost <0.05 net Sharpe AND survive leave-one-out,NOT MEASURED — no return series exists to re-price,NOT EVALUABLE AS COMMITTED,"Impossible from committed data. Commit ec535c6 (2026-08-05) added 07_option_conditioned_carry_strategy.ipynb and theo/06_options_filter_regression(9).ipynb — notebooks only, no data. Notebook 07 is committed UNEXECUTED (14 code cells, 0 execution counts, 0 stored outputs) and its declared input option_filter_regression_panel_primary_v9.parquet exists nowhere on disk or in git, so cell 3 raises FileNotFoundError. It is a specification, not a result",(none — that is the gap),"TO CLOSE: run theo/06_options_filter_regression(9).ipynb and commit the _v9 panel; notebook 07 then produces a return series that re-prices through the same weight_overlay path as everything else. His ADOPTED overlay is unaffected — it keys off fx_option_signal_panel.parquet from commit 9d2ec5e, committed and unchanged since 2026-07-18"
Dafu,VIX percentile gate (p80 / 756d),exposure,"§19.4 slot rule: improve MaxDD or CVaR99 in >=4 of 6 pre-2026 stress windows AND cost <0.05 net Sharpe AND survive leave-one-out || §19.3 tail objective: <=0.02 net Sharpe cost AND >=1.0pp MaxDD or >=5% relative CVaR99, demonstrated per episode","standalone net 0.4653 vs 0.4659 (-0.0007), 4/6 windows vs baseline; on the ladder: add-one-in 3/6 FAIL, leave-one-out on the 4-stack 3/6 FAIL, leave-one-out on the proposed stack 4/6 PASS",REJECTED (contested — see VERDICTS.md),"exact: dafu/regime_lab.py defines it as one fx.exposure_scalar call on shared data/raw, so no file is needed; reproduces his committed headline to 5dp",p4_combined_ladder.csv; p4_reverdict_tail_objective.csv; p4_component_standalone.csv,"THE ONE GENUINELY CONTESTED VERDICT. The tail objective accepts it (-0.0007 Sharpe for +4.82pp MaxDD); the slot rule rejects it on criterion (i) measured add-one-in. Rejecting costs 0.043 net Sharpe and 5.4% relative CVaR99. Whole-sample MaxDD cannot see this gate at all — the combined book's drawdown episode is 2013-05-17..2013-12-05 and the gate is fully invested on all 145 days of it. Runnable as run('COMBINED_TAIL'). Dafu is the ONLY teammate who ported onto the base, and his is the component dropped"
Dafu,Option insurance overlay (premium-paying hedge),weight_overlay (proxy only),§19.4 slot rule: improve MaxDD or CVaR99 in >=4 of 6 pre-2026 stress windows AND cost <0.05 net Sharpe AND survive leave-one-out,NOT MEASURED — cannot be costed,BLOCKED ON DATA,"data/raw carries option MIDS ONLY, no bid/ask, so a premium-paying hedge cannot be honestly costed. A position-trimming proxy is the defensible version and is what the adopted skew overlay does",(none — DATA_SHOPPING_LIST.md §2.2 is the purchase request),Reported to the desk as a data request rather than as a free-premium Sharpe
Vidhi,Macro/regime probability gate,exposure,§19.4 slot rule: improve MaxDD or CVaR99 in >=4 of 6 pre-2026 stress windows AND cost <0.05 net Sharpe AND survive leave-one-out,standalone net 0.0964 vs 0.4659 (-0.3695); removing it from the stack is worth 0.332,REJECTED,"re-priced, not rebuilt: the gate recovered as probability_scaled / static from her committed monthly tracks (173 months from 2012-02, values in [0,1]). Only the gate transfers — her book omits the carry accrual",p4_component_standalone.csv; p4_combined_ladder.csv,"The single most destructive component tested. The diagnostic matters more than the number: its correlation with VIX is ~0 at every lead and lag, and it fails under BOTH possible lag conventions, so the verdict does not rest on a judgement call about a convention her outputs do not record. Her gate covers 173 months from 2012-02, so its euro_2011 window win rests on partial coverage (~11 of 24 months)"
Oleg,(no component submitted),—,§19.4 slot rule: improve MaxDD or CVaR99 in >=4 of 6 pre-2026 stress windows AND cost <0.05 net Sharpe AND survive leave-one-out,NEVER MEASURED — no committed output to re-price,NEVER TESTED,"Impossible. oleg/ holds four files (~140 KB): 'oleg/ v1/carry_backtest.ipynb', 'oleg/ v1/carry_utils.py', requirements.txt, and a 0-byte v2/utils.py. There is no outputs/ directory and zero to_csv/to_parquet calls anywhere in the notebook. A G10 book exists as executed cell output (2007-02-01..2026-06-30, gross Sharpe 0.2109, MaxDD -31.4%) but was never persisted, and carry_utils.RAW_DIR resolves to oleg/data/raw, which does not exist",(none — that is the gap),"TO CLOSE: one committed daily net return series on the common window makes it re-priceable through the same path every other component went through. This is a named gap, not silence"
Cesare,"Tail-event forecast (P4-B, the desk's central ask)",exposure,"run() net Sharpe 0.4659; per-currency RR book, net Sharpe 0.4559; beat the VIX gate; §19.3 tail objective: <=0.02 net Sharpe cost AND >=1.0pp MaxDD or >=5% relative CVaR99, demonstrated per episode",net 0.4179 vs baseline 0.4659; continuous mapping 0.2974; mean OOS AUC 0.4685,REJECTED — null on all three bars,"built here (cesare/tail_forecast.py), purged walk-forward CV",p4_tail_forecast_eval.csv; p4_tail_overlay_stats.csv; p4_tail_overlay_by_episode.csv,"The AUC denominator is 6, not 13: 7 of 13 purged folds contain no tail month at all, so AUC is undefined in them. With ~23 tail months in nineteen years this question may not be answerable at monthly frequency. The model was not iterated — one L2 strength, one pre-registered mapping"
Cesare,D1 — crash-risk-premium-adjusted carry (option skew),signal,"run() net Sharpe 0.4659; per-currency RR book, net Sharpe 0.4559",best skew variant net 0.1474 vs matched carry 0.4962 on the 21-name panel,NULL RESULT,built here; rerun 2026-08-04 on model-free BKM skewness — null survives,skew_carry_comparison.csv; srp_carry_spanning.csv; p3_d1_bkm_comparison.csv; p3_d1_bkm_spanning.csv,"Li-Sarno-Zinna's single-source claim that the skewness risk premium SUBSUMES carry is falsified on this panel — carry subsumes SRP, not the reverse. Note p3_d1_bkm_spanning.csv stores alpha_ann as a DECIMAL while p3_d2_spanning.csv stores it as a PERCENT: combining them is a 100x error"
Cesare,D3 — cross-currency basis / dollar-funding carry,signal + conditioner,run() net Sharpe 0.4659,basis book net -0.1256 vs matched carry -0.3172 on the 7-name universe,NULL RESULT,built here,basis_carry_comparison.csv; basis_carry_spanning.csv,"NOT ON THE COMMON WINDOW. This battery runs 2007-05-01..2024-09-30 (4545 days, not 5001) on the 7-name onshore-fixing universe, where the carry ANCHOR ITSELF is negative (-0.3172). Window, universe and anchor all differ from the shared base. The null stands — a signal that cannot beat a negative anchor is not rescued by a better one — but 'tested on the shared base' is not what this file shows"
Cesare,D6 — forward term structure (1M/3M/6M/12M),tenor,run() net Sharpe 0.4659,1M net 0.4659; 3M net 0.3501; 6M net 0.3697; 12M net 0.3995,NULL RESULT,built here; net figures re-priced on base v1.1.0 after the roll-cost fix,tenor_sweep.csv,§17's claim that this 'needs multi-tenor forwards (only 1M pulled)' was FALSE — all 27 names carry 1M/3M/6M/12M and TENOR_MONTHS already supported all four (Appendix C #12). The direction was free to run all along and nobody had checked
Cesare,D2 — FX volatility risk premium,(not attached — separate book),run() net Sharpe 0.4659,"short_vol Sharpe 1.2719, vrp_xs 1.6891 — MONTHLY, UNCOSTED, 21-name option universe; NOT comparable to any net figure above",POSITIVE BUT EXCLUDED FROM THE TRADABLE BOOK,built here (cesare/d2_vrp.py),p3_d2_books.csv; p3_d2_breakeven_cost.csv; p3_d2_by_episode.csv; p3_d2_spanning.csv,"The project's ONLY non-null, and it is excluded on purpose: it is monthly rather than daily, on a 21-name option universe rather than 27, and GROSS OF OPTION BID/ASK. Read off p3_d2_breakeven_cost.csv's own beats_both_bars column, the widest vol spread still clearing both bars is 0.25/0.25/0.10 vol points — and interbank G10 1M ATM trades inside ~0.2, so the headline vrp_xs book DIES INSIDE G10 INTERBANK, on names that are precisely its standing shorts. Never quote this Sharpe beside a costed daily one"
Cesare,"Stage 3 — exposure timing (IV/RR hedges, VIX threshold)",exposure,run() net Sharpe 0.4659,best net variant ALL_rrccy_net = 0.4567 vs baseline 0.4659,REJECTED,built here,stage3_dynamic_comparison.csv,No exposure-timing rule has significant alpha on its baseline (all |t| < 1.7). The book-level binary IV/RR hedge is rejected net of costs; per-currency RR conditioning delivers the tail improvement at ~zero Sharpe cost and IS retained as the comparison bar for Theo's overlay
Cesare,Stage 4 — within-leg weighting (equal / ERC / mean-variance),weighting,run() net Sharpe 0.4659,best net variant ALL_erc_net = 0.4376 vs baseline 0.4659,REJECTED,built here,stage4_weighting_comparison.csv,Inverse-vol wins net of costs; ERC ties; equal and MVO trail. Mean-variance is the WORST net track — it churns on noisy carry. No scheme has significant net alpha
Cesare,"Stage 5 — momentum overlay (filter and blend, 21/63/252d)",signal / filter,run() net Sharpe 0.4659,best net variant ALL_filter63_net = 0.3729 vs baseline 0.4659,REJECTED,built here,stage5_momentum_comparison.csv,Momentum filters and carry/momentum blends give up 0.1-0.5 Sharpe AND worsen the drawdown. Standalone momentum diversifies but loses money net. Retained only as a near-orthogonal regression factor
Cesare,Stage 6 — regime-timed de-risking,exposure,run() net Sharpe 0.4659,best net variant ALL_reg_mod_net = 0.4830 vs baseline 0.4659,REJECTED,built here,stage6_regime_stats.csv,"The carry premium is a calm-market phenomenon — Sharpe 0.57 (Low) / 0.94 (Moderate) / 0.00 (Crisis at ~1.5x vol) — yet regime-timed de-risking does not beat per-currency RR with significance (max |t| 0.59). Adopt the regime series as a lens, not a rule. Note regime_series.csv starts 2008-06-11, so the classification cannot cover the pre-crisis era or the first nine months of GFC 2008: the conditional table totals 4,702 days against the base's 5,001"
