date,AUD,CAD,CHF,DKK,EUR,GBP,HKD,JPY,NOK,NZD,SEK,BRL,CNH,CNY,HUF,ILS,INR,KRW,MXN,PLN,SGD,THB,TRY,ZAR
2007-01-31,0.0,0.0,0.0,0.0,0.0,0.0,0.013629826647205119,0.0,0.0,0.0,0.0,0.0,,0.025412940130415243,0.0,0.0,0.0,0.0,0.0,0.0,0.0,0.0,0.0,0.0
2007-02-28,0.0,0.0,0.0,0.0,0.0,0.0,0.0,2.4173355066701417e-09,0.0,0.0,0.0,0.0,,0.03272292000356865,0.0,0.0,0.0,0.0,0.0,0.0,0.0,0.0,0.0,0.0
2007-03-31,0.0,0.0,0.0,0.0,0.0,0.0,0.0,0.0,0.0,0.0,0.0,0.0,,0.03127995489656238,0.2574656375966502,0.0,0.006891481636339025,0.0,0.0,0.0,0.0,0.20545727098741842,0.0,0.0
2007-04-30,0.0,0.0,0.0,0.0,0.0,0.0,0.0,0.0,0.0,0.0,0.0,0.0,,0.0,0.0,0.0,0.0,0.0,0.0,0.0,0.0,7.378949564706248e-09,0.0,0.0
2007-05-31,0.0,0.0,0.0,0.0,0.0,0.0,0.0016541646827660933,0.0,0.0,0.0,0.0,0.0,,0.0,0.0,0.0,0.0,0.0,0.0,0.0,0.0,7.089785680560614e-09,0.0,0.0
2007-06-30,0.0,0.0,0.0,0.0,0.0,0.0,0.0,1.0002536459069758e-09,0.0,0.0,0.0,0.0,,0.0,0.0,0.0,0.0,0.0,0.0,0.0,0.0,0.0,0.0,0.0
2007-07-31,0.0,0.0,0.0,0.0,0.0,0.0,0.00020740311681779406,1.2612387668433656e-09,0.0,0.0,0.0,0.0,,0.0155724246064747,0.0,0.0,0.0,0.0,0.0,0.0,0.0,0.0,0.0,0.0
2007-08-31,0.0,0.0,0.0,0.0,0.0,0.0,0.0021656538595846266,2.4035628870630493e-08,0.0,0.010728163820136898,0.0,0.022254350631666805,,0.0,0.0,0.0,0.0,0.0,0.0,0.0,0.0,0.0,0.0,0.0
2007-09-30,0.0,0.0,0.0,0.0,0.0,0.0,0.0003870530133078515,0.0,0.0,0.0,0.0,0.0,,0.0,0.0,0.0,0.0,0.0,0.0,0.0,0.0,0.0,0.0,0.0
2007-10-31,0.0,0.0,0.0,0.0,0.0,0.0,0.7315777153410309,3.99934404572814e-09,0.0,0.0,0.0,0.0,,1.5015021000398603e-10,0.0,0.0,0.0,0.0,0.0,0.0,0.0,0.0,0.0,0.0
2007-11-30,0.0,0.0,0.0,0.0,0.0,0.0,0.0010987341262561022,1.8017959689009697e-09,0.0,0.0,0.0,0.0,,3.475065866897823e-10,0.0,0.0,0.0,0.0,0.0,0.0,0.0,0.0,0.0,0.0
2007-12-31,0.0,0.0,0.0,0.0,0.0,0.0,0.08484686877609864,0.0,0.0,0.0,0.0,0.0,,5.882707953814728e-11,0.0,0.0,0.0,0.0,0.0,0.0,0.0,0.0,0.0,0.0
2008-01-31,0.0,0.0,0.0,0.0,0.0,0.0,0.08039073606457232,3.5501771493267405e-09,0.0,0.0,0.0,0.0,,1.381975918906511e-10,0.0,0.0,0.0,0.0,0.0,0.0,0.0,0.0,0.0,0.0
2008-02-29,0.0,0.0,0.0,0.0,0.0,0.0,0.0,8.013958555976814e-09,0.0,0.0,0.0,0.0,,7.002964156493881e-11,0.0,0.0,0.0,0.0,0.0,0.0,0.0,0.0,0.0,0.0
2008-03-31,0.0,0.0,0.0,0.0,0.0,0.0,0.053324412233700214,3.267573887971906e-08,0.0,0.0,0.0,0.0,,0.005061128598056986,0.0,0.0,0.0,0.0,0.0,0.0,0.0,0.01744263988468855,0.0,0.0
2008-04-30,0.0,0.0,0.0,0.0,0.0,0.0,0.0,2.3449723932208384e-09,0.0,0.0,0.0,0.0,,8.151264308361908e-12,0.0,0.0,0.0,0.0,0.0,0.0,0.0,0.0,0.0,0.0
2008-05-31,0.0,0.0,2.9415930005390035e-11,0.0,0.0,0.0,0.0,4.431404549711182e-09,0.0,0.0,0.0,0.0,,0.0,0.0,0.0,0.0,0.0,0.0,0.0,0.0,0.0,0.0,0.0
2008-06-30,0.0,0.0,3.439401817942733e-10,0.0,0.0,0.0,0.0,9.06298490802387e-09,0.0,0.0,0.0,0.0,,0.0,0.0,0.0,0.0,0.0,0.0,0.0,0.0,0.0,0.0,0.0
2008-07-31,0.0,0.0,1.0178788636789508e-10,0.0,0.0,0.0,0.008716700198780163,5.978528213788459e-09,0.0,0.0,0.0,0.0,,0.0,0.0,0.0,0.0,0.0,0.0,0.0,0.0,0.0,0.0,0.0
2008-08-31,0.0,0.0,0.0,0.0,0.0,0.0,0.00047411528766257155,4.59997511737215e-09,0.0,0.0,0.0,0.0,,0.0,0.0,0.0,0.0,0.0,0.0,0.0,0.0,0.0,0.0,0.0
2008-09-30,0.0,0.0,0.0,0.0,0.0,0.0,0.0,3.182987185906512e-08,0.0,0.0,0.0,0.0,,0.0,0.0,0.0,0.0,0.0,0.0,0.0,0.0,0.0,0.0,0.0
2008-10-31,0.0,0.0,0.0,0.0,0.0,0.0,0.001574283497147062,2.2426800162327097e-07,0.0,0.0,0.0,0.0,,0.0,0.0,0.0,0.0,0.0,0.0,0.0,0.0,0.0,0.0,0.0
2008-11-30,0.0,0.0,0.0,0.0,0.0,0.0,0.045914436771406004,3.817995421303143e-08,0.0,0.0,0.0,0.0,,0.0009999779900333329,0.0,0.0,0.0,0.0,0.0,0.0,0.0,0.0,0.0,0.0
2008-12-31,0.0,0.0,0.0,0.0,0.0,0.0,0.044010857132678195,4.518201345447669e-08,0.0,0.0,0.0,0.0,,0.0014027325531508056,0.0,0.0,0.0,0.0,0.0,0.0,0.0,0.0,0.0,0.0
2009-01-31,0.0,0.0,0.0,0.0,0.0,0.0,0.016747110012801915,2.0890181102921596e-08,0.0,0.0,0.0,0.0,,0.0,0.0,0.0,0.0,0.0,0.0,0.0,0.0,0.0,0.0,0.0
2009-02-28,0.0,0.0,0.0,0.0,0.0,0.0,0.057801241567203704,1.2096694856292606e-09,0.0,0.0,0.0,0.0,,0.0052849847688122955,0.0,0.0,0.0,0.0,0.0,0.0,0.0,0.0,0.0,0.0
2009-03-31,0.0,0.0,0.0,0.0,0.0,0.0,0.023939255969579232,0.0,0.0,0.0,0.0,0.0,,0.005078912861464359,0.0,0.0,0.0,0.0,0.0,0.0,0.0,0.0,0.0,0.0
2009-04-30,0.0,0.0,0.0,0.0,0.0,0.0,0.04764292975550832,0.0,0.0,0.0,0.0,0.0,,0.016850136965657903,0.0,0.0,0.0,0.0,0.0,0.0,0.0,0.0,0.0,0.0
2009-05-31,0.0,0.0,0.0,0.0,0.0,0.0,0.02134904032452192,1.074962861771752e-09,0.0,0.0,0.0,0.0,,0.007844404341848342,0.0,0.0,0.0,0.0,0.0,0.0,0.0,0.0,0.0,0.0
2009-06-30,0.0,0.0,0.0,0.0,0.0,0.0,0.03528464423972915,1.6298587651010095e-09,0.0,0.0,0.0,0.0,,0.0,0.0,0.0,0.0,0.0,0.0,0.0,0.0,0.0,0.0,0.0
2009-07-31,0.0,0.0,0.0,0.0,0.0,0.0,0.09806363481437495,7.660012067224113e-10,0.0,0.0,0.0,0.0,,0.016292948779054513,0.0,0.0,0.0,0.0,0.0,0.0,0.0,0.0,0.0,0.0
2009-08-31,0.0,0.0,0.0,0.0,0.0,0.0,0.0796306099322442,0.0,0.0,0.0,0.0,0.0,,0.0026122435476154233,0.0,0.0,0.0,0.0,0.0,0.0,0.0,0.0,0.0,0.0
2009-09-30,0.0,0.0,0.0,0.0,0.0,0.0,0.11176399116849144,1.269688942148824e-08,0.0,0.0,0.0,0.0,,0.03457707645817708,0.0,0.0,0.0,0.0,0.0,0.0,0.0,0.0,0.0,0.0
2009-10-31,0.0,0.0,0.0,0.0,0.0,0.0,0.10065841205263211,0.0,0.0,0.0,0.0,0.0,,0.01598889063748578,0.0,0.0,0.0,0.0,0.0,0.0,0.0,0.0,0.0,0.0
2009-11-30,0.0,0.0,0.0,0.0,0.0,0.0,0.09297834571022853,2.0593400644692104e-09,0.0,0.0,0.0,0.0,,0.02318891325446807,0.0,0.0,0.0,0.0,0.0,0.0,0.0,0.0,0.0,0.0
2009-12-31,0.0,0.0,0.0,0.0,0.0,0.0,0.06745553280617271,0.0,0.0,0.0,0.0,0.0,,0.02495389506192955,0.0,0.0,0.0,0.0,0.0,0.0,0.0,0.0,0.0,0.0
2010-01-31,0.0,0.0,0.0,0.0,0.0,0.0,0.017726135571443827,0.0,0.0,0.0,0.0,0.0,,4.081291677782997e-05,0.0,0.0,0.0,0.0,0.0,0.0,0.0,0.0,0.0,0.0
2010-02-28,0.0,0.0,0.0,0.0,0.0,0.0,0.02023991240743016,0.0,0.0,0.0,0.0,0.0,,0.022670886711680514,0.0,0.0,0.0,0.0,0.0,0.0,0.0,0.0,0.0,0.0
2010-03-31,0.0,0.0,0.0,0.0,0.0,0.0,0.024697977553251333,0.0,0.0,0.0,0.0,0.0,,0.06314052065500837,0.0,0.0,0.0,0.0,0.0,0.0,0.0,0.0,0.0,0.0
2010-04-30,0.0,0.0,0.0,0.0,0.0,0.0,0.007866258778659723,0.0,0.0,0.0,0.0,0.0,,1.3741073323645666e-10,0.0,0.0,0.0,0.0,0.0,0.0,0.0,0.0,0.0,0.0
2010-05-31,0.0,0.0,0.0,0.0,0.0,0.0,0.0,2.2641725011863516e-09,0.0,0.0,0.0,0.0,,0.0015374302492261191,0.0,0.0,0.0,0.0,0.0,0.0,0.0,0.0,0.0,0.0
2010-06-30,0.0,0.0,0.0,0.0,0.0,0.0,0.0,4.742463002834456e-09,0.0,0.0,0.0,0.0,,0.0,0.0,0.0,0.0,0.0,0.0,0.0,0.0,0.0,0.0,0.0
2010-07-31,0.0,0.0,0.0,0.0,0.0,0.0,0.008810322416304018,8.838507038449224e-11,0.0,0.0,0.0,0.0,,0.004852173311945861,0.0,0.0,0.0,0.0,0.0,0.0,0.0,0.0,0.0,0.0
2010-08-31,0.0,0.0,0.0,0.0,0.0,0.0,0.020578817736209152,0.0,0.0,0.0,0.0,0.0,,0.0,0.0,0.0,0.0,0.0,0.0,0.0,0.0,0.0,0.0,0.0
2010-09-30,0.0,0.0,0.0,0.0,0.0,0.0,0.0,0.0,0.0,0.0,0.0,0.0,,0.0,0.0,0.0,0.0,0.0,0.0,0.0,0.0,0.0,0.0,0.0
2010-10-31,0.0,0.0,0.0,0.0,0.0,0.0,0.006623059612505071,0.0,0.0,0.0,0.0,0.0,,0.0,0.0,0.0,0.0,0.0,0.0,0.0,0.0,0.0,0.0,0.0
2010-11-30,0.0,0.0,0.0,0.0,0.0,0.0,0.02198813405900932,0.0,0.0,0.0,0.0,0.0,,0.0,0.0,0.0,0.0,0.0,0.0,0.0,0.0,0.0,0.0,0.0
2010-12-31,0.0,0.0,0.0,,0.0,0.0,0.0058779898619597025,0.0,0.0,0.0,0.0,0.0,,0.0,0.0,0.0,0.0,0.0,0.0,0.0,0.0,0.0,0.0,0.0
2011-01-31,0.0,0.0,0.0,,0.0,0.0,0.0011164041492125998,0.0,0.0,0.0,0.0,0.0,,0.0,0.002193820022870685,0.0,0.0,0.0,0.0,0.0,0.0,0.0,0.0,0.0
2011-02-28,0.0,0.0,0.0,,0.0,0.0,0.0,0.0,0.0,0.0,0.0,0.0,0.0,0.0,0.0,0.0,0.0,0.0,0.0,0.0,0.0,0.0,0.0,0.0
2011-03-31,0.0,0.0,0.0,,0.0,0.0,0.0,0.0,0.0,0.0,0.0,0.0,,0.0,0.0,0.0,0.0,0.0,0.0,0.0,0.0,0.0,0.0,0.0
2011-04-30,0.0,0.0,0.0,0.0,0.0,0.0,0.0,0.0,0.0,0.0,0.0,0.0,,0.0,0.0,0.0,0.0,0.0,0.0,0.0,0.0,0.0,0.0,0.0
2011-05-31,0.0,0.0,0.0,0.0,0.0,0.0,0.011546695229047962,0.0,0.0,0.0,0.0,0.0,0.0,0.0,0.0,0.0,0.0,0.0,0.0,0.0,0.0,2.0686402130846466e-05,0.0,0.0
2011-06-30,0.0,0.0,0.0,0.0,0.0,0.0,0.0193431182106576,0.0,0.0,0.0,0.0,0.0,0.0,0.0,0.0,0.0,0.0,0.0,0.0,0.0,0.0,6.41557863667965e-06,0.0,0.0
2011-07-31,0.0,0.0,0.0,0.0,0.0,0.0,0.024874564927090868,0.0,0.0,0.0,0.0,0.0,0.0,0.0,0.0,0.0,0.0,0.0,0.0,0.0,0.0,0.0,0.0,0.0
2011-08-31,0.0,0.0,0.0,0.0,0.0,0.0,0.0010639461793919074,0.0,0.0,0.0,0.0,0.0,0.0,0.0,0.0,0.0,0.0,0.0,0.0,0.0,0.0,0.0,0.0,0.0
2011-09-30,0.0,0.0,0.0,0.0,0.0,0.0,0.04032424713112175,0.0,0.0,0.0,0.0,0.0,0.0,0.0,0.0,0.0,0.0,0.0,0.0,0.0,0.0,0.0,0.0,0.0
2011-10-31,0.0,0.0,0.0,0.0,0.0,0.0,0.04125153429084777,0.0,0.0,0.0,0.0,0.0,3.498119661426751e-06,0.0,0.0,0.0,0.0,0.0,0.0,0.0,0.0,0.0,0.0,0.0
2011-11-30,0.0,0.0,0.0,0.0,0.0,0.0,0.043699803060705984,0.0,0.0,0.0,0.0,0.0,0.0,0.0,0.0,0.0,0.0,0.0,0.0,0.0,0.0,0.0,0.0,0.0
2011-12-31,0.0,0.0,0.0,0.0,0.0,0.0,0.03183218589994097,0.0,0.0,0.0,0.0,0.0,0.0,0.0,0.0,0.0,0.0,0.0,0.0,0.0,0.0,0.0,0.0,0.0
2012-01-31,0.0,0.0,0.0,0.0,0.0,0.0,0.021412824722899813,0.0,0.0,0.0,0.0,0.0,0.0,0.0,0.0,0.0,0.0,0.0,0.0,0.0,0.0,0.0,0.0,0.0
2012-02-29,0.0,0.0,0.0,0.0,0.0,0.0,0.04769280662058617,0.0,0.0,0.0,0.0,0.0,0.0,0.0,0.0,0.0,0.0,0.0,0.0,0.0,0.0,0.0,0.0,0.0
2012-03-31,0.0,0.0,0.0,0.0,0.0,0.0,0.041324314834300706,0.0,0.0,0.0,0.0,0.0,0.0,0.0,0.0,0.0,0.0,0.0,0.0,0.0,0.0,0.0,0.0,0.0
2012-04-30,0.0,0.0,0.0,0.0,0.0,0.0,0.032317635977134065,0.0,0.0,0.0,0.0,0.0,0.0,0.0,0.0,0.0,0.0,0.0,0.0,0.0,0.0,0.0,0.0,0.0
2012-05-31,0.0,0.0,0.0,0.0,0.0,0.0,0.03974931003794028,0.0,0.0,0.0,0.0,0.0,0.0,0.0,0.0,0.0,0.0,0.0,0.0,0.0,0.0,0.0,0.0,0.0
2012-06-30,0.0,0.0,0.0,0.0,0.0,0.0,0.02707683131550281,0.0,0.0,0.0,0.0,0.0,0.0,0.0,0.0,0.0,0.0,0.0,0.0,0.0,0.0,0.0,0.0,0.0
2012-07-31,0.0,0.0,0.0,0.0,0.0,0.0,0.045229360109056246,0.0,0.0,0.0,0.0,0.0,0.0,0.0,0.0,0.0,0.0,0.0,0.0,0.0,0.0,0.0,0.0,0.0
2012-08-31,0.0,0.0,0.0,0.0,0.0,0.0,0.0745272271272067,0.0,0.0,0.0,0.0,0.0,0.0,0.0,0.0,0.0,0.0,0.0,0.0,0.0,0.0,0.011541649950785264,0.0,0.0
2012-09-30,0.0,0.0,0.0,0.0,0.0,0.0,0.05255424863006779,0.0,0.0,0.0,0.0,0.0,0.0,0.0,0.0,0.0,0.0,0.0,0.0,0.0,0.0,0.020752733252679845,0.0,0.0
2012-10-31,0.0,0.0,0.0,0.0,0.0,0.0,0.03516668088636829,0.0,0.0,0.0,0.0,0.0,0.0,0.0,0.0,0.0,0.0,0.0,0.0,0.0,0.0,0.00926297200690329,0.0,0.0
2012-11-30,0.0,0.0,0.0,0.0,0.0,0.0,0.22770206152941558,0.0,0.0,0.0,0.0,0.0,0.0,0.0,0.0,0.0,0.0,0.0,0.0,0.0,0.0,0.01626415767663198,0.0,0.0
2012-12-31,0.0,0.0,0.0,0.0,0.0,0.0,0.07597187290592507,0.0,0.0,0.0,0.0,0.0,0.0,0.0,0.0,0.0,0.0,0.0,0.0,0.0,0.0,0.020132858736202432,0.0,0.0
2013-01-31,0.0,0.0,0.0,0.0,0.0,0.0,0.045825241957196255,0.0,0.0,0.0,0.0,0.0,0.0,0.0,0.0,0.0,0.0,0.0,0.0,0.0,0.0,0.0,0.0,0.0
2013-02-28,0.0,0.0,0.0,0.0,0.0,0.0,0.04379001972402916,0.0,0.0,0.0,0.0,0.0,0.0,0.0,0.0,0.0,0.0,0.0,0.0,0.0,0.0,0.0,0.0,0.0
2013-03-31,0.0,0.0,0.0,0.0,0.0,0.0,0.05890142590259833,0.0,0.0,0.0,0.0,0.0,0.0,0.0,0.0,0.0,0.0,0.0,0.0,0.0,0.0,0.0,0.0,0.0
2013-04-30,0.0,0.0,0.0,0.0,0.0,0.0,0.07517032275422887,0.0,0.0,0.0,0.0,0.0,0.0,0.0,0.0,0.0,0.0,0.0,0.0,0.0,0.0,0.0,0.0,0.0
2013-05-31,0.0,0.0,0.0,0.0,0.0,0.0,0.0883322873721382,0.0,0.0,0.0,0.0,0.0,0.0,0.0,0.0,0.0,0.0,0.0,0.0,0.0,0.0,0.0,0.0,0.0
2013-06-30,0.0,0.0,0.0,0.0,0.0,0.0,0.0892841435498982,0.0,0.0,0.0,0.0,0.0,0.0,0.0001966915328921173,0.0,0.0,0.0,0.0,0.0,0.0,0.0,0.0,0.0,0.0
2013-07-31,0.0,0.0,0.0,0.0,0.0,0.0,0.06681069611005809,0.0,0.0,0.0,0.0,0.0,0.0,0.0,0.0,0.0,0.0,0.0,0.0,0.0,0.0,0.0,0.0,0.0
2013-08-31,0.0,0.0,0.0,0.0,0.0,0.0,0.058973958897849316,0.0,0.0,0.0,0.0,0.0,0.0,0.0015757431853651227,0.0,0.0,0.0,0.0,0.0,0.0,0.0,0.0,0.0,0.0
2013-09-30,0.0,0.0,0.0,0.0,0.0,0.0,0.04517897341448184,0.0,0.0,0.0,0.0,0.0,0.0,0.0,0.0,0.0,0.0,0.0,0.0,0.0,0.0,0.0,0.0,0.0
2013-10-31,0.0,0.0,0.0,0.0,0.0,0.0,0.04342704880492166,0.0,0.0,0.0,0.0,0.0,0.0,0.0,0.0,0.0,0.0,0.0,0.0,0.0,0.0,0.0,0.0,0.0
2013-11-30,0.0,0.0,0.0,0.0,0.0,0.0,0.04255622868418729,0.0,0.0,0.0,0.0,0.0,0.0,0.0,0.0,0.0,0.0,0.0,0.0,0.0,0.0,0.0,0.0,0.0
2013-12-31,0.0,0.0,0.0,0.0,0.0,0.0,0.046223493625652895,0.0,0.0,0.0,0.0,0.0,0.0,0.0,0.0,0.0,0.0,0.0,0.0,0.0,0.0,0.0,0.0,0.0
2014-01-31,0.0,0.0,0.0,0.0,0.0,0.0,0.028693201650180425,2.8149482111925378e-09,0.0,0.0,0.0,0.0,0.0,0.0,0.0,0.0,0.0,0.0,0.0,0.0,0.0,0.0,0.0,0.0
2014-02-28,0.0,0.0,0.0,0.0,0.0,0.0,0.014982535015750361,0.0,0.0,0.0,0.0,0.0,0.0,0.0,0.0,0.0,0.0,0.0,0.0,0.0,0.0,0.0,0.0,0.0
2014-03-31,0.0,0.0,0.0,0.0,0.0,0.0,0.004849790037178583,0.0,0.0,0.0,0.0,0.0,0.0,0.0,0.0,0.0,0.0,0.0,0.0,0.0,0.0,0.0,0.0,0.0
2014-04-30,0.0,0.0,0.0,0.0,0.0,0.0,0.02323159851220009,0.0,0.0,0.0,0.0,0.0,0.0,0.00027757973484994556,0.0,0.0,0.0,0.0,0.0,0.0,0.0,0.0,0.0,0.0
2014-05-31,0.0,0.0,0.0,0.0,0.0,0.0,0.05312862226501987,0.0,0.0,0.0,0.0,0.0,0.0,0.00023407037052143137,0.0,0.0,0.0,0.0,0.0,0.0,0.0,0.0,0.0,0.0
2014-06-30,0.0,0.0,0.0,0.0,0.0,0.0,0.09436561283586657,0.0,0.0,0.0,0.0,0.0,0.0,0.0,0.0,0.0,0.0,0.0,0.0,0.0,0.0,0.0,0.0,0.0
2014-07-31,0.0,0.0,0.0,0.0,0.0,0.0,0.06643414016513649,0.0,0.0,0.0,0.0,0.0,0.0,0.0,0.0,0.0,0.0,0.0,0.0,0.0,0.0,0.0,0.0,0.0
2014-08-31,0.0,0.0,0.0,0.0,0.0,0.0,0.09270647998751623,0.0,0.0,0.0,0.0,0.0,0.0,0.0,0.0,0.0,0.0,0.0,0.0,0.0,0.0,0.0,0.0,0.0
2014-09-30,0.0,0.0,0.0,0.0,0.0,0.0,0.0,0.0,0.0,0.0,0.0,0.0,0.0,0.0,0.0,0.0,0.0,0.0,0.0,0.0,0.0,0.0,0.0,0.0
2014-10-31,0.0,0.0,0.0,0.0,0.0,0.0,0.0141676157951077,0.0,0.0,0.0,0.0,0.0,0.0,0.0,0.0,0.0,0.0,0.0,0.0,0.0,0.0,0.0,0.0,0.0
2014-11-30,0.0,0.0,0.0,0.0,0.0,0.0,0.04023105177662063,0.0,0.0,0.0,0.0,0.0,0.0,0.0,0.0,0.0,0.0,0.0,0.0,0.0,0.0,0.0,0.0,0.0
2014-12-31,0.0,0.0,0.0,0.0,0.0,0.0,0.027537822002449575,0.0,0.0,0.0,0.0,0.0,0.0,0.0,0.0,0.0,0.0,0.0,0.0,0.0,0.0,0.0,0.0,0.0
2015-01-31,0.0,0.0,0.0,0.0,0.0,0.0,0.052463735536003066,0.0,0.0,0.0,0.0,0.0,0.0,0.0,0.0,0.0,0.0,0.0,0.0,0.0,0.0,0.0,0.0,0.0
2015-02-28,0.0,0.0,0.0,0.0,0.0,0.0,0.07182617218531143,0.0,0.0,0.0,0.0,0.0,0.030114848057283813,0.0006586432355453949,0.0,0.0,0.0,0.0,0.0,0.0,0.0,0.0,0.0,0.0
2015-03-31,0.0,0.0,0.0,0.0,0.0,0.0,0.04182126159267108,0.0,0.0,0.0,0.0,0.0,0.01415973226080401,0.0,0.0,0.0,0.0,0.0,0.0,0.0,0.0,0.0,0.0,0.0
2015-04-30,0.0,0.0,0.0,0.0,0.0,0.0,0.03318871698853208,0.0,0.0,0.0,0.0,0.0,0.0,0.0,0.0,0.0,0.0,0.0,0.0,0.0,0.0,0.0,0.0,0.0
2015-05-31,0.0,0.0,0.0,0.0,0.0,0.0,0.04014030140450235,0.0,0.0,0.0,0.0,0.0,0.0,0.0,0.0,0.0,0.0,0.0,0.0,0.0,0.0,0.0,0.0,0.0
2015-06-30,0.0,0.0,0.0,0.0,0.0,0.0,0.027160773528488703,0.0,0.0,0.0,0.0,0.0,0.0,0.0,0.0,0.0,0.0,0.0,0.0,0.0,0.0,0.0,0.0,0.0
2015-07-31,0.0,0.0,0.0,0.0,0.0,0.0,0.03398009681132996,0.0,0.0,0.0,0.0,0.0,0.05834951961227398,0.0005913791345166523,0.0,0.0,0.0,0.0,0.0,0.0,0.0,0.0,0.0,0.0
2015-08-31,0.0,0.0,0.0,0.0,0.0,0.0,0.00915724936451759,0.0,0.0,0.0,0.0,0.0,0.0,0.0,0.0,0.0,0.0,0.0,0.0,0.0,0.0,0.0,0.0,0.0
2015-09-30,0.0,0.0,0.0,0.0,0.0,0.0,0.04202298273646147,0.0,0.0,0.0,0.0,0.0,0.0,0.0,0.0,0.0,0.0,0.0,0.0,0.0,0.0,0.0,0.0,0.0
2015-10-31,0.0,0.0,0.0,0.0,0.0,0.0,0.042103656653120825,0.0,0.0,0.0,0.0,0.0,0.0,0.0,0.0,0.0,0.0,0.0,0.0,0.0,0.0,0.0,0.0,0.0
2015-11-30,0.0,0.0,0.0,0.0,0.0,0.0,0.04844406288175336,0.0,0.0,0.0,0.0,0.0,0.0,0.0,0.0,0.0,0.0,0.0,0.0,0.0,0.0,0.0,0.0,0.0
2015-12-31,0.0,0.0,0.0,0.0,0.0,0.0,0.049446504437679874,0.0,0.0,0.0,0.0,0.0,0.0,0.0,0.0,0.0,0.0,0.0,0.0,0.0,0.0,0.0,0.0,0.0
2016-01-31,0.0,0.0,0.0,0.0,0.0,0.0,0.034816840590232746,0.0,0.0,0.0,0.0,0.0,0.0,0.0,0.0,0.0,0.0,0.0,0.0,0.0,0.0,0.0,0.0,0.0
2016-02-29,0.0,0.0,0.0,0.0,0.0,0.0,0.03487956319977527,0.0,0.0,0.0,0.0,0.0,0.0,0.0,0.0,0.0,0.0,0.0,0.0,0.0,0.0,0.0,0.0,0.0
2016-03-31,0.0,0.0,0.0,0.0,0.0,0.0,0.03452397705904691,0.0,0.0,0.0,0.0,0.0,0.0,0.0,0.0,0.0,0.0,0.0,0.0,0.0,0.0,0.0,0.0,0.0
2016-04-30,0.0,0.0,0.0,0.0,0.0,0.0,0.012700568882206578,0.0,0.0,0.0,0.0,0.0,0.0,0.0,0.0,0.0,0.0,0.0,0.0,0.0,0.0,0.0,0.0,0.0
2016-05-31,0.0,0.0,0.0,0.0,0.0,0.0,0.044211278995491814,0.0,0.0,0.0,0.0,0.0,0.0,0.0,0.0,0.0,0.0,0.0,0.0,0.0,0.0,0.0,0.0,0.0
2016-06-30,0.0,0.0,0.0,0.0,0.0,0.0,0.023738201154437855,0.0,0.0,0.0,0.0,0.0,0.0,0.0,0.0,0.0,0.0,0.0,0.0,0.0,0.0,0.0,0.0,0.0
2016-07-31,0.0,0.0,0.0,0.0,0.0,0.0,0.06577643585239967,0.0,0.0,0.0,0.0,0.0,0.0,0.0,0.0,0.0,0.0,0.0,0.0,0.0,0.0,0.0,0.0,0.0
2016-08-31,0.0,0.0,0.0,0.0,0.0,0.0,0.08003598321253419,0.0,0.0,0.0,0.0,0.0,0.0,0.0,0.0,0.0,0.0,0.0,0.0,0.0,0.0,0.0,0.0,0.0
2016-09-30,0.0,0.0,0.0,0.0,0.0,0.0,0.08096331923072696,0.0,0.0,0.0,0.0,0.0,0.0,0.0,0.0,0.0,0.1663202054549476,0.0,0.0,0.0,0.0,0.0,0.0,0.0
2016-10-31,0.0,0.0,0.0,0.0,0.0,0.0,0.06079757348183431,8.404128485233535e-10,0.0,0.0,0.0,0.0,0.0,0.0,0.0,0.0,0.0,0.0,0.0,0.0,0.0,0.0,0.0,0.0
2016-11-30,0.0,0.0,0.0,0.0,0.0,0.0,0.07033782380154123,0.0,0.0,0.0,0.0,0.0,0.0,0.0,0.0,0.0,0.0,0.0,0.0,0.0,0.0,0.0,0.0,0.0
2016-12-31,0.0,0.0,0.0,0.0,0.0,0.0,0.023805060611904186,0.0,0.0,0.0,0.0,0.0,0.0,0.0,0.0,0.0,0.0,0.0,0.0,0.0,0.0,0.0,0.0,0.0
2017-01-31,0.0,0.0,0.0,0.0,0.0,0.0,0.07996290894904859,0.0,0.0,0.0,0.0,0.0,0.0,0.0,0.0,0.0,0.0,0.0,0.0,0.0,0.0,0.0,0.0,0.0
2017-02-28,0.0,0.0,0.0,0.0,0.0,0.0,0.07667805520222902,0.0,0.0,0.0,0.0,0.0,0.0,0.0,0.0,0.0,0.0,0.0,0.0,0.0,0.0,0.0,0.0,0.0
2017-03-31,0.0,0.0,0.0,0.0,0.0,0.0,0.056272592992141116,3.678903090207629e-12,0.0,0.0,0.0,0.0,0.0,0.0,0.0,0.0,0.0,0.0,0.0,0.0,0.0,0.0,0.0,0.0
2017-04-30,0.0,0.0,0.0,0.0,0.0,0.0,0.024353590386499112,0.0,0.0,0.0,0.0,0.0,0.0,0.0,0.0,0.0,0.0,0.0,0.0,0.0,0.0,0.0,0.0,0.0
2017-05-31,0.0,0.0,0.0,0.0,0.0,0.0,0.03996795627983815,8.529402968893096e-10,0.0,0.0,0.0,0.0,0.0,0.0,0.0,0.0,0.0,0.0,0.0,0.0,0.0,0.0,0.0,0.0
2017-06-30,0.0,0.0,0.0,0.0,0.0,0.0,0.016375176243069025,0.0,0.0,0.0,0.0,0.0,0.0,0.0,0.0,0.0,0.0,0.0,0.0,0.0,0.0,0.0,0.0,0.0
2017-07-31,0.0,0.0,0.0,0.0,0.0,0.0,0.0010372935330392942,0.0,0.0,0.0,0.0,0.0,0.0,0.0,0.0,0.0,0.0,0.0,0.0,0.0,0.0,0.0,0.0,0.0
2017-08-31,0.0,0.0,0.0,0.0,0.0,0.0,0.0,0.0,0.0,0.0,0.0,0.0,0.0,0.0,0.0,0.0,0.0,0.0,0.0,0.0,0.0,0.0,0.0,0.0
2017-09-30,0.0,0.0,0.0,0.0,0.0,0.0,0.0,6.567889980121718e-10,0.0,0.0,0.0,0.0,0.0,0.0,0.0,0.0,0.0,0.0,0.0,0.0,0.0,0.0,0.0,0.0
2017-10-31,0.0,0.0,0.0,0.0,0.0,0.0,0.0,0.0,0.0,0.0,0.0,0.0,0.0,0.0,0.0,0.0,0.0,0.0,0.0,0.0,0.0,0.0,0.0,0.0
2017-11-30,0.0,0.0,0.0,0.0,0.0,0.0,0.0,0.0,0.0,0.0,0.0,0.0,0.0,0.0,0.0,0.0,0.0,0.0,0.0,0.0,0.0,0.0,0.0,0.0
2017-12-31,0.0,0.0,0.0,0.0,0.0,0.0,0.0,0.0,0.0,0.0,0.0,0.0,0.0,0.0,0.0,0.0,0.0,0.0,0.0,0.0,0.0,0.0,0.0,0.0
2018-01-31,0.0,0.0,0.0,0.0,0.0,0.0,0.0,0.0,0.0,0.0,0.0,0.0,0.0,0.0,0.0,0.0,0.0,0.0,0.0,0.0,0.0,0.0,0.0,0.0
2018-02-28,0.0,0.0,0.0,0.0,0.0,0.0,0.0,0.0,0.0,0.0,0.0,0.0,0.0,0.0,0.0,0.0,0.0,0.0,0.0,0.0,0.0,0.0,0.0,0.0
2018-03-31,0.0,0.0,0.0,0.0,0.0,0.0,0.0,0.0,0.0,0.0,0.0,0.0,0.0,0.0,0.0,0.0,0.0,0.0,0.0,0.0,0.0,0.0,0.0,0.0
2018-04-30,0.0,0.0,0.0,0.0,0.0,0.0,0.0,0.0,0.0,0.0,0.0,0.0,0.0,0.0,0.0,0.0,0.0,0.0,0.0,0.0,0.0,0.0,0.0,0.0
2018-05-31,0.0,0.0,0.0,0.0,0.0,0.0,0.0,0.0,0.0,0.0,0.0,0.0,0.0,0.0,0.0,0.0,0.0,0.0,0.0,0.0,0.0,0.0,0.0,0.0
2018-06-30,0.0,0.0,0.0,0.0,0.0,0.0,0.0,0.0,0.0,0.0,0.0,0.0,0.0,0.0,0.0,0.0,0.0,0.0,0.0,0.0,0.0,0.0,0.0,0.0
2018-07-31,0.0,0.0,0.0,0.0,0.0,0.0,0.0017516211778573338,0.0,0.0,0.0,0.0,0.0,0.0,0.0,0.0,0.0,0.0,0.0,0.0,0.0,0.0,0.0,0.0,0.0
2018-08-31,0.0,0.0,0.0,0.0,0.0,0.0,0.09565018804248637,0.0,0.0,0.0,0.0,0.0,0.0,0.0,0.0,0.0,0.0,0.0,0.0,0.0,0.0,0.0,0.0,0.0
2018-09-30,0.0,0.0,0.0,0.0,0.0,0.0,0.0,0.0,0.0,0.0,0.0,0.0,0.0,0.0,0.0,0.0,0.0,0.0,0.0,0.0,0.0,0.0,0.0,0.0
2018-10-31,0.0,0.0,0.0,0.0,0.0,0.0,7.824283746157252e-05,3.046117142154757e-10,0.0,0.0,0.0,0.0,0.0,0.0,0.0,0.0,0.0,0.0,0.0,0.0,0.0,0.0,0.0,0.0
2018-11-30,0.0,0.0,0.0,0.0,0.0,0.0,0.0,0.0,0.0,0.0,0.0,0.0,0.0,0.0,0.0,0.0,0.0,0.0,0.0,0.0,0.0,0.0,0.0,0.0
2018-12-31,0.0,0.0,0.0,0.0,0.0,0.0,0.0,5.519828812766678e-09,0.0,0.0,0.0,0.0,0.0,0.0,0.0,0.0,0.0,0.0,0.0,0.0,0.0,0.0,0.0,0.0
2019-01-31,0.0,0.0,0.0,0.0,0.0,0.0,0.0,8.63018921036312e-10,0.0,0.0,0.0,0.0,0.0,0.0,0.0,0.0,0.0,0.0,0.0,0.0,0.0,0.0,0.0,0.0
2019-02-28,0.0,0.0,0.0,0.0,0.0,0.0,0.09334169720531409,0.0,0.0,0.0,0.0,0.0,0.0,0.0,0.0,0.0,0.0,0.0,0.0,0.0,0.0,0.0,0.0,0.0
2019-03-31,0.0,0.0,0.0,0.0,0.0,0.0,0.08363768681163943,5.718018090751433e-10,0.0,0.0,0.0,0.0,0.0,0.0,0.0,0.0,0.0,0.0,0.0,0.0,0.0,0.0,0.0,0.0
2019-04-30,0.0,0.0,0.0,0.0,0.0,0.0,0.0,0.0,0.0,0.0,0.0,0.0,0.0,0.0,0.0,0.0,0.0,0.0,0.0,0.0,0.0,0.0,0.0,0.0
2019-05-31,0.0,0.0,0.0,0.0,0.0,0.0,0.0,2.663841204621764e-09,0.0,0.0,0.0,0.0,0.0,0.0,0.0,0.0,0.0,0.0,0.0,0.0,0.0,0.0,0.0,0.0
2019-06-30,0.0,0.0,1.140486157904983e-10,0.0,0.0,0.0,0.0,4.626078357230061e-10,0.0,0.0,0.0,0.0,0.0,0.0,0.0,0.0,0.0,0.0,0.0,0.0,0.0,0.0,0.0,0.0
2019-07-31,0.0,0.0,0.0,0.0,0.0,0.0,0.0,2.615531702525997e-10,0.0,0.0,0.0,0.0,0.0,0.0,0.0,0.0,0.0,0.0,0.0,0.0,0.0,0.0,0.0,0.0
2019-08-31,0.0,0.0,0.0,0.0,0.0,0.0,0.018680379901377747,2.2550027135858962e-09,0.0,0.0,0.0,0.0,0.0,0.0,0.0,0.0,0.0,0.0,0.0,0.0,0.0,0.0,0.0,0.0
2019-09-30,0.0,0.0,0.0,0.0,0.0,0.0,0.0,1.5308903650183507e-09,0.0,0.0,0.0,0.0,0.0,0.0,0.0,0.0,0.0,0.0,0.0,0.0,0.0,0.0,0.0,0.0
2019-10-31,0.0,0.0,0.0,0.0,0.0,0.0,0.006926235570863246,0.0,0.0,0.0,0.0,0.0,0.0,0.0,0.0,0.0,0.0,0.0,0.0,0.0,0.0,0.0,0.0,0.0
2019-11-30,0.0,0.0,0.0,0.0,0.0,0.0,0.0,0.0,0.0,0.0,0.0,0.0,0.0,0.0,0.0,0.0,0.0,0.0,0.0,0.0,0.0,0.0,0.0,0.0
2019-12-31,0.0,0.0,0.0,0.0,0.0,0.0,0.0,0.0,0.0,0.0,0.0,0.0,0.0,0.0,0.0,0.0,0.0,0.0,0.0,0.0,0.0,0.0,0.0,0.0
2020-01-31,0.0,0.0,0.0,0.0,0.0,0.0,0.0,1.292193534656513e-09,0.0,0.0,0.0,0.0,0.0,0.0,0.0,0.0,0.0,0.0,0.0,0.0,0.0,0.0,0.0,0.0
2020-02-29,0.0,0.0,0.0,0.0,0.0,0.0,0.0,4.021056078788061e-09,0.0,0.0,0.0,0.0,0.0,0.0,0.0,0.0,0.0,0.0,0.0,0.0,0.0,0.0,0.0,0.0
2020-03-31,0.0,0.0,0.0,0.0,0.0,0.0,0.006777999881292904,4.301981907989121e-09,0.0,0.0,0.0,0.0,0.0,0.0,0.0,0.0,0.0,0.0,0.0,0.0,0.0,0.0,0.0,0.0
2020-04-30,0.0,0.0,0.0,0.0,0.0,0.0,0.00747978859516099,0.0,0.0,0.0,0.0,0.0,0.0,0.0,0.0,0.0,0.0,0.0,0.0,0.0,0.0,0.0,0.0,0.0
2020-05-31,0.0,0.0,0.0,0.0,0.0,0.0,0.0011193917132794296,0.0,0.0,0.0,0.0,0.0,0.0,0.0,0.0,0.0,0.0,0.0,0.0,0.0,0.0,0.0,0.0,0.0
2020-06-30,0.0,0.0,0.0,0.0,0.0,0.0,0.0,0.0,0.0,0.0,0.0,0.0,0.0,0.0,0.0,0.0,0.0,0.0,0.0,0.0,0.0,0.0,0.0,0.0
2020-07-31,0.0,0.0,0.0,0.0,0.0,0.0,0.0,0.0,0.0,0.0,0.0,0.0,0.0,0.0,0.0,0.0,0.0,0.0,0.0,0.0,0.0,0.0,0.0,0.0
2020-08-31,0.0,0.0,0.0,0.0,0.0,0.0,0.013122570349273709,2.8143462830182704e-11,0.0,0.0,0.0,0.0,0.0,0.0,0.0,0.0,0.0,0.0,0.0,0.0,0.0,0.0,0.0,0.0
2020-09-30,0.0,0.0,0.0,0.0,0.0,0.0,0.033579095261074,0.0,0.0,0.0,0.0,0.0,0.0,0.0,0.0,0.0,0.0,0.0,0.0,0.0,0.0,0.0,0.0,0.0
2020-10-31,0.0,0.0,0.0,0.0,0.0,0.0,0.04598137222659568,9.221643341116333e-11,0.0,0.0,0.0,0.0,0.0,0.0,0.0,0.0,0.0,0.0,0.0,0.0,0.0,0.0,0.0,0.0
2020-11-30,0.0,0.0,0.0,0.0,0.0,0.0,0.02529263295905577,0.0,0.0,0.0,0.0,0.0,0.0,0.0,0.0,0.0,0.0,0.0,0.0,0.0,0.0,0.0,0.0,0.0
2020-12-31,0.0,0.0,0.0,0.0,0.0,0.0,0.00048462763005112955,0.0,0.0,0.0,0.0,0.0,0.0,0.0,0.0,0.0,0.0,0.0,0.0,0.0,0.0,0.0,0.0,0.0
2021-01-31,0.0,0.0,0.0,0.0,0.0,0.0,0.04567446593271108,0.0,0.0,0.0,0.0,0.0,0.0,0.0,0.0,0.0,0.0,0.0,0.0,0.0,0.0,0.0,0.0,0.0
2021-02-28,0.0,0.0,0.0,0.0,0.0,0.0,0.024831780221121334,0.0,0.0,0.0,0.0,0.0,0.0,0.0,0.0,0.0,0.0,0.0,0.0,0.0,0.0,0.0,0.0,0.0
2021-03-31,0.0,0.0,0.0,0.0,0.0,0.0,0.013703540429534625,0.0,0.0,0.0,0.0,0.0,0.0,0.0,0.0,0.0,0.0,0.0,0.0,0.0,0.0,0.0,0.0,0.0
2021-04-30,0.0,0.0,0.0,0.0,0.0,0.0,0.04240440099175609,0.0,0.0,0.0,0.0,0.0,0.0,0.0,0.0,0.0,0.0,0.0,0.0,0.0,0.0,0.0,0.0,0.0
2021-05-31,0.0,0.0,0.0,0.0,0.0,0.0,0.013918019168921835,0.0,0.0,0.0,0.0,0.0,0.0,0.0,0.0,0.0,0.0,0.0,0.0,0.0,0.0,0.0,0.0,0.0
2021-06-30,0.0,0.0,0.0,0.0,0.0,0.0,0.009955551628201905,0.0,0.0,0.0,0.0,0.0,0.0,0.0,0.0,0.0,0.0,0.0,0.0,0.0,0.0,0.0,0.0,0.0
2021-07-31,0.0,0.0,0.0,0.0,0.0,0.0,0.009374965915739934,0.0,0.0,0.0,0.0,0.0,0.0,0.0,0.0,0.0,0.0,0.0,0.0,0.0,0.0,0.0,0.0,0.0
2021-08-31,0.0,0.0,0.0,0.0,0.0,0.0,0.00338531810016221,0.0,0.0,0.0,0.0,0.0,0.0,0.0,0.0,0.0,0.0,0.0,0.0,0.0,0.0,0.0,0.0,0.0
2021-09-30,0.0,0.0,0.0,0.0,0.0,0.0,0.0014371513368843037,0.0,0.0,0.0,0.0,0.0,0.0,0.0,0.0,0.0,0.0,0.0,0.0,0.0,0.0,0.0,0.0,0.0
2021-10-31,0.0,0.0,0.0,0.0,0.0,0.0,0.002708534310658907,0.0,0.0,0.0,0.0,0.0,0.0,0.0,0.0,0.0,0.0,0.0,0.0,0.0,0.0,0.0,0.0,0.0
2021-11-30,0.0,0.0,0.0,0.0,0.0,0.0,0.0,2.0857550312793957e-10,0.0,0.0,0.0,0.0,0.0,0.0,0.0,0.0,0.0,0.0,0.0,0.0,0.0,0.0,0.0,0.0
2021-12-31,0.0,0.0,0.0,0.0,0.0,0.0,0.0,0.0,0.0,0.0,0.0,0.0,0.0,0.0,0.0,0.0,0.0,0.0,0.0,0.0,0.0,0.0,0.0,0.0
2022-01-31,0.0,0.0,0.0,0.0,0.0,0.0,0.0,0.0,0.0,0.0,0.0,0.0,0.0,0.0,0.0,0.0,0.0,0.0,0.0,0.0,0.0,0.0,0.0,0.0
2022-02-28,0.0,0.0,0.0,0.0,0.0,0.0,0.0,0.0,0.0,0.0,0.0,0.0,0.0,0.0,0.0,0.0,0.0,0.0,0.0,0.0,0.0,0.0,0.0,0.0
2022-03-31,0.0,0.0,0.0,0.0,0.0,0.0,0.0,0.0,0.0,0.0,0.0,0.0,0.0,0.0,0.0,0.0,0.0,0.0,0.0,0.0,0.0,0.0,0.0,0.0
2022-04-30,0.0,0.0,0.0,0.0,0.0,0.0,0.0,0.0,0.0,0.0,0.0,0.0,0.0,0.0,0.0,0.0,0.0,0.0,0.0,0.0,0.0,0.0,0.0,0.0
2022-05-31,0.0,0.0,0.0,0.0,0.0,0.0,0.0,0.0,0.0,0.0,0.0,0.0,0.0,0.0,0.0,0.0,0.0,0.0,0.0,0.0,0.0,0.0,0.0,0.0
2022-06-30,0.0,0.0,0.0,0.0,0.0,0.0,0.001254294635617294,0.0,0.0,0.0,0.0,0.0,0.0,0.0,0.0,0.0,0.0,0.0,0.0,0.0,0.0,0.0,0.00030889394679825544,0.0
2022-07-31,0.0,0.0,0.0,0.0,0.0,0.0,0.00012771156461173535,0.0,0.0,0.0,0.0,0.0,0.0,0.0,0.0,0.0,0.0,0.0,0.0,0.0,0.0,0.0,0.0,0.0
2022-08-31,0.0,0.0,0.0,0.0,0.0,0.0,0.014139043168250497,0.0,0.0,0.0,0.0,0.0,0.0,0.0,0.0,0.0,0.0,0.0,0.0,0.0,0.0,0.0,0.0,0.0
2022-09-30,0.0,0.0,0.0,0.0,0.0,0.0,0.001234625438117555,0.0,0.0,0.0,0.0,0.0,0.0,0.0,0.0,0.0,0.0,0.0,0.0,0.0,0.0,0.0,0.0028456324048150047,0.0
2022-10-31,0.0,0.0,0.0,0.0,0.0,0.0,0.0,0.0,0.0,0.0,0.0,0.0,0.0,0.0,0.0,0.0,0.0,0.0,0.0,0.0,0.0,0.0,0.013896081631917977,0.0
2022-11-30,0.0,0.0,0.0,0.0,0.0,0.0,0.0,0.0,0.0,0.0,0.0,0.0,0.0,0.0,0.0,0.0,0.0,0.0,0.0,0.0,0.0,0.0,0.014914556695517986,0.0
2022-12-31,0.0,0.0,0.0,0.0,0.0,0.0,0.0,1.3636953095255405e-09,0.0,0.0,0.0,0.0,0.0,0.0,0.0,0.0,0.0,0.0,0.0,0.0,0.0,0.0,0.017503097509621573,0.0
2023-01-31,0.0,0.0,0.0,0.0,0.0,0.0,0.0,3.049701429316114e-10,0.0,0.0,0.0,0.0,0.0,0.0,0.0,0.0,0.0,0.0,0.0,0.0,0.0,0.0,0.005979830606563932,0.0
2023-02-28,0.0,0.0,0.0,0.0,0.0,0.0,0.0,5.7137078612429705e-09,0.0,0.0,0.0,0.0,0.0,0.0,0.0,0.0,0.0,0.0,0.0,0.0,0.0,0.0,0.004032439377217343,0.0
2023-03-31,0.0,0.0,0.0,0.0,0.0,0.0,0.0,6.177657167847344e-09,0.0,0.0,0.0,0.0,0.0,0.0,0.0,0.0,0.0,0.0,0.0,0.0,0.0,0.0,0.0005337189934359394,0.0
2023-04-30,0.0,0.0,0.0,0.0,0.0,0.0,9.517660074825947e-14,4.518286423479066e-12,0.0,0.0,0.0,0.0,0.0,0.0,0.0,0.0,0.0,0.0,0.0,0.0,0.0,0.0,0.0,0.0
2023-05-31,0.0,0.0,0.0,0.0,0.0,0.0,0.0,4.6228218716180887e-10,0.0,0.0,0.0,0.0,0.0,0.0,0.0,0.0,0.0,0.0,0.0,0.0,0.0,0.0,0.0,0.0
2023-06-30,0.0,0.0,0.0,0.0,0.0,0.0,0.0,0.0,0.0,0.0,0.0,0.0,0.0,0.0,0.0,0.0,0.0,0.0,0.0,0.0,0.0,0.0,0.0,0.0
2023-07-31,0.0,0.0,0.0,0.0,0.0,0.0,0.0,0.0,0.0,0.0,0.0,0.0,0.0,0.0,0.0,0.0,0.0,0.0,0.0,0.0,0.0,0.0,0.0,0.0
2023-08-31,0.0,0.0,0.0,0.0,0.0,0.0,0.0,0.0,0.0,0.0,0.0,0.0,0.0,0.0,0.0,0.0,0.0,0.0,0.0,0.0,0.0,0.0,0.0,0.0
2023-09-30,0.0,0.0,0.0,0.0,0.0,0.0,0.0,0.0,0.0,0.0,0.0,0.0,0.0,0.0,0.0,0.0,0.0,0.0,0.0,0.0,0.0,0.0,0.0,0.0
2023-10-31,0.0,0.0,0.0,0.0,0.0,0.0,0.0,0.0,0.0,0.0,0.0,0.0,0.0,0.0,0.0,0.0,0.0,0.0,0.0,0.0,0.0,0.0,0.010857666159166026,0.0
2023-11-30,0.0,0.0,0.0,0.0,0.0,0.0,0.0,0.0,0.0,0.0,0.0,0.0,0.0,0.0,0.0,0.0,0.0,0.0,0.0,0.0,0.0,0.0,0.00014808980882799542,0.0
2023-12-31,0.0,0.0,0.0,0.0,0.0,0.0,0.0,1.2723418577723164e-09,0.0,0.0,0.0,0.0,0.0,0.0,0.0,0.0,0.0,0.0,0.0,0.0,0.0,0.0,0.0,0.0
2024-01-31,0.0,0.0,0.0,0.0,0.0,0.0,0.0,1.6176133008202168e-09,0.0,0.0,0.0,0.0,0.0,0.0,0.0,0.0,0.0,0.0,0.0,0.0,0.0,0.0,0.0,0.0
2024-02-29,0.0,0.0,0.0,0.0,0.0,0.0,0.0,1.0690371965149576e-10,0.0,0.0,0.0,0.0,0.0,0.0,0.0,0.0,0.0,0.0,0.0,0.0,0.0,0.0,0.000446957937474375,0.0
2024-03-31,0.0,0.0,0.0,0.0,0.0,0.0,0.0,0.0,0.0,0.0,0.0,0.0,0.0,0.0,0.0,0.0,0.0,0.0,0.0,0.0,0.0,0.0,0.0,0.0
2024-04-30,0.0,0.0,0.0,0.0,0.0,0.0,0.02210512662600482,0.0,0.0,0.0,0.0,0.0,0.0,0.0,0.0,0.0,0.0,0.0,0.0,0.0,0.0,0.0,0.0,0.0
2024-05-31,0.0,0.0,0.0,0.0,0.0,0.0,0.0,0.0,0.0,0.0,0.0,0.0,0.0,0.0,0.0,0.0,0.0,0.0,0.0,0.0,0.0,0.0,0.0,0.0
2024-06-30,0.0,0.0,0.0,0.0,0.0,0.0,0.12637724763791797,0.0,0.0,0.0,0.0,0.0,0.0,0.0,0.0,0.0,0.0,0.0,0.0,0.0,0.0,0.0,0.0,0.0
2024-07-31,0.0,0.0,0.0,0.0,0.0,0.0,0.12704714962523755,8.160420878111136e-10,0.0,0.0,0.0,0.0,0.0,0.0,0.0,0.0,0.003031455399422029,0.0,0.0,0.0,0.0,0.0,0.0,0.0
2024-08-31,0.0,0.0,1.999217589590543e-11,0.0,0.0,0.0,0.0,7.099035419679108e-10,0.0,0.0,0.0,0.0,0.0,0.0,0.0,0.0,0.0,0.0,0.0,0.0,0.0,0.0,0.003182674904723357,0.0
2024-09-30,0.0,0.0,0.0,0.0,0.0,0.0,0.0,0.0,0.0,0.0,0.0,0.0,0.0,0.0,0.0,0.0,0.0,0.0,0.0,0.0,0.0,0.0,0.0,0.0
2024-10-31,0.0,0.0,0.0,0.0,0.0,0.0,0.007707582630008181,0.0,0.0,0.0,0.0,0.0,0.0,0.0,0.0,0.0,0.0,0.0,0.0,0.0,0.0,0.0,0.0,0.0
2024-11-30,0.0,0.0,0.0,0.0,0.0,0.0,0.0028830980202771174,1.6926405456131897e-09,0.0,0.0,0.0,0.0,0.0,0.0,0.0,0.0,0.0,0.0,0.0,0.0,0.0,0.0,0.0,0.0
2024-12-31,0.0,0.0,0.0,0.0,0.0,0.0,0.0009451362283737846,0.0,0.0,0.0,0.0,0.0,0.0,0.0,0.0,0.0,0.0,0.0,0.0,0.0,0.0,0.0,0.001258224013660945,0.0
2025-01-31,0.0,0.0,0.0,0.0,0.0,0.0,0.0,9.45950841609393e-10,0.0,0.0,0.0,0.0,0.0,0.0,0.0,0.0,0.0,0.0,0.0,0.0,0.0,0.0,0.049655090818444866,0.0
2025-02-28,0.0,0.0,0.0,0.0,0.0,0.0,0.0,3.2321906367247214e-09,0.0,0.0,0.0,0.0,0.0,0.0,0.0,0.0,0.0,0.0,0.0,0.0,0.0,0.0,0.07350894715032963,0.0
2025-03-31,0.0,0.0,0.0,0.0,0.0,0.0,0.0,2.5888761633961332e-09,0.0,0.0,0.0,0.0,0.0,0.0,0.0,0.0,0.0,0.0,0.0,0.0,0.0,0.0,0.03402344982242277,0.0
2025-04-30,0.0,0.0,6.776575270654139e-10,0.0,0.0,0.0,0.0488101151055517,5.153842498163358e-09,0.0,0.0,0.0,0.0,0.0,0.0,0.0,0.0,0.0,0.0,0.0,0.0,0.0,0.0,0.04779107727646087,0.0
2025-05-31,0.0,0.0,1.2887823159159548e-10,0.0,0.0,0.0,0.013877235864374188,4.243834337660742e-10,0.0,0.0,0.0,0.0,0.0,0.0,0.0,0.0,0.0,0.0,0.0,0.0,0.0,0.0,0.05170852966865529,0.0
2025-06-30,0.0,0.0,0.0,0.0,0.0,0.0,0.0032539714414371182,3.038344581625108e-10,0.0,0.0,0.0,0.0,0.0,0.0,0.0,0.0,0.0,0.0,0.0,0.0,0.0,0.0,0.03979486969249035,0.0
2025-07-31,0.0,0.0,0.0,0.0,0.0,0.0,0.0,0.0,0.0,0.0,0.0,0.0,0.0,0.0,0.0,0.0,0.0,0.0,0.0,0.0,0.0,0.0,0.14719146756385354,0.0
2025-08-31,0.0,0.0,0.0,0.0,0.0,0.0,0.0,6.666273522586209e-12,0.0,0.0,0.0,0.0,0.0,0.0,0.0,0.0,0.0,0.0,0.0,0.0,0.0,0.0,0.036935349805377535,0.0
2025-09-30,0.0,0.0,0.0,0.0,0.0,0.0,0.007404466355001253,0.0,0.0,0.0,0.0,0.0,0.0,0.0,0.0,0.0,0.0,0.0,0.0,0.0,0.0,0.0,0.028617131191452476,0.0
2025-10-31,0.0,0.0,0.0,0.0,0.0,0.0,0.00328563363220253,0.0,0.0,0.0,0.0,0.0,0.0,0.0,0.0,0.0,0.0,0.0,0.0,0.0,0.0,0.0,0.0628149152991671,0.0
2025-11-30,0.0,0.0,0.0,0.0,0.0,0.0,0.0,0.0,0.0,0.0,0.0,0.0,0.0,0.0,0.0,0.0,0.0,0.0,0.0,0.0,0.0,0.0,0.14669852833023128,0.0
2025-12-31,0.0,0.0,0.0,0.0,0.0,0.0,0.007716482358423958,0.0,0.0,0.0,0.0,0.0,0.0,0.0,0.0,0.0,0.0,0.0,0.0,0.0,0.0,0.0,0.041557717607755076,0.0
2026-01-31,0.0,0.0,4.387226135250363e-11,0.0,0.0,0.0,0.004395623016772136,1.1050201859305539e-09,0.0,0.0,0.0,0.0,0.0,0.0,0.0,0.0,0.0,0.0,0.0,0.0,0.0,0.0,0.07136630653335066,0.0
2026-02-28,0.0,0.0,0.0,0.0,0.0,0.0,0.006103569746567356,6.273308288460882e-12,0.0,0.0,0.0,0.0,0.0,0.0,0.0,0.0,0.0,0.0,0.0,0.0,0.0,0.0,0.07092137800358819,0.0
2026-03-31,0.0,0.0,0.0,0.0,0.0,0.0,0.0,0.0,0.0,0.0,0.0,0.0,0.0,0.0,0.0,0.0,0.0,0.0,0.0,0.0,0.0,0.0,0.028097945775966915,0.0
2026-04-30,0.0,0.0,0.0,0.0,0.0,0.0,0.0,0.0,0.0,0.0,0.0,0.0,0.0,0.0,0.0,0.0,0.0,0.0,0.0,0.0,0.0,0.0,0.27942064698081975,0.0
2026-05-31,0.0,0.0,0.0,0.0,0.0,0.0,0.0,0.0,0.0,0.0,0.0,0.0,0.0,0.0,0.0,0.0,0.0,0.0,0.0,0.0,0.0,0.0,0.22353625937663152,0.0
2026-06-30,0.0,0.0,0.0,0.0,0.0,0.0,0.0007551070798988299,0.0,0.0,0.0,0.0,0.0,0.0,0.0,0.0,0.0,0.0,0.0,0.0,0.0,0.0,0.0,0.2909518990075698,0.0
