variant,window_set,window,start,end,n_months,cum_return,max_drawdown,worst_month,hit_rate,cost_vol_pts
carry,ERAS,pre-crisis 2007-08,2007-05-01,2008-08-31,16,0.2391575666316179,-0.08414911734920871,-0.0635853779990404,0.6875,0.0
short_vol,ERAS,pre-crisis 2007-08,2007-05-01,2008-08-31,13,0.17444746406056644,-0.0441689873635287,-0.062081381673420796,0.7692307692307693,0.0
vrp_xs,ERAS,pre-crisis 2007-08,2007-05-01,2008-08-31,13,0.5399852346860641,-0.028252493871824602,-0.01911812456397085,0.8461538461538461,0.0
carry+short_vol,ERAS,pre-crisis 2007-08,2007-05-01,2008-08-31,7,0.04424144203709912,-0.06310835897338285,-0.06310835897338285,0.8571428571428571,0.0
carry,ERAS,GFC 2008-09,2008-09-01,2009-06-30,10,-0.05913114035562317,-0.07539353827114659,-0.07971806898957068,0.7,0.0
short_vol,ERAS,GFC 2008-09,2008-09-01,2009-06-30,10,-0.06746083457954943,-0.08828865904173477,-0.10572083600232027,0.8,0.0
vrp_xs,ERAS,GFC 2008-09,2008-09-01,2009-06-30,10,0.40370471797382423,0.0,0.0064699035561125405,1.0,0.0
carry+short_vol,ERAS,GFC 2008-09,2008-09-01,2009-06-30,10,-0.08097432002796845,-0.05602148008319641,-0.09823585766997305,0.7,0.0
carry,ERAS,recovery 2009-11,2009-07-01,2011-06-30,24,0.0636320508769983,-0.06010063894837825,-0.03778966973414544,0.4166666666666667,0.0
short_vol,ERAS,recovery 2009-11,2009-07-01,2011-06-30,24,0.6002000527300748,-0.17967891258116786,-0.17967891258116786,0.875,0.0
vrp_xs,ERAS,recovery 2009-11,2009-07-01,2011-06-30,24,0.875340431680885,-0.02216013826951657,-0.02020835147304618,0.8333333333333334,0.0
carry+short_vol,ERAS,recovery 2009-11,2009-07-01,2011-06-30,24,0.543405014574952,-0.10174462597979028,-0.10174462597979027,0.7083333333333334,0.0
carry,ERAS,euro crisis 2011-12,2011-07-01,2012-12-31,18,-0.0509508740301412,-0.1291107061239779,-0.052993515517237855,0.4444444444444444,0.0
short_vol,ERAS,euro crisis 2011-12,2011-07-01,2012-12-31,18,0.6364528274509293,-0.09993591723594575,-0.09332044114422842,0.8888888888888888,0.0
vrp_xs,ERAS,euro crisis 2011-12,2011-07-01,2012-12-31,18,0.5440556112085997,-0.013481749583015068,-0.013481749583015021,0.7777777777777778,0.0
carry+short_vol,ERAS,euro crisis 2011-12,2011-07-01,2012-12-31,18,0.2708696193125999,-0.11020220691030091,-0.09549509837348052,0.7222222222222222,0.0
carry,ERAS,taper + EM 2013-16,2013-01-01,2016-12-31,48,0.11708330556171864,-0.1666830321116617,-0.05077294354854833,0.5208333333333334,0.0
short_vol,ERAS,taper + EM 2013-16,2013-01-01,2016-12-31,48,0.4073480023067999,-0.23052656324298326,-0.17916474106112035,0.75,0.0
vrp_xs,ERAS,taper + EM 2013-16,2013-01-01,2016-12-31,48,0.8480233639948678,-0.21915199172798538,-0.08337427790715271,0.6875,0.0
carry+short_vol,ERAS,taper + EM 2013-16,2013-01-01,2016-12-31,48,0.4564394888611474,-0.16126724644961687,-0.10712993853120602,0.75,0.0
carry,ERAS,calm 2017-19,2017-01-01,2019-12-31,36,0.05919007406118659,-0.14213498903634225,-0.11180464190681605,0.5555555555555556,0.0
short_vol,ERAS,calm 2017-19,2017-01-01,2019-12-31,36,0.8226888492844082,-0.08745944500283298,-0.08745944500283301,0.6944444444444444,0.0
vrp_xs,ERAS,calm 2017-19,2017-01-01,2019-12-31,36,0.05702075536075024,-0.1060127294088834,-0.08473780106624847,0.5555555555555556,0.0
carry+short_vol,ERAS,calm 2017-19,2017-01-01,2019-12-31,36,0.3776733869222273,-0.12707122851300157,-0.12707122851300154,0.75,0.0
carry,ERAS,covid 2020,2020-01-01,2020-12-31,12,-0.16307177784805726,-0.2183245814758794,-0.13976777909876859,0.5,0.0
short_vol,ERAS,covid 2020,2020-01-01,2020-12-31,12,-0.13977041701906112,-0.22638541751200858,-0.21760012858716116,0.75,0.0
vrp_xs,ERAS,covid 2020,2020-01-01,2020-12-31,12,0.24392407817218587,-0.009557754023921006,-0.009557754023921063,0.75,0.0
carry+short_vol,ERAS,covid 2020,2020-01-01,2020-12-31,12,-0.13992951053238722,-0.18032764104655408,-0.14978848870079392,0.5,0.0
carry,ERAS,tightening 2021-23,2021-01-01,2023-12-31,36,0.24723285708188403,-0.15587841687668647,-0.10032574481368017,0.6111111111111112,0.0
short_vol,ERAS,tightening 2021-23,2021-01-01,2023-12-31,36,0.9981646192443938,-0.0573874950087806,-0.04371359957130159,0.75,0.0
vrp_xs,ERAS,tightening 2021-23,2021-01-01,2023-12-31,36,1.1609479957703317,-0.044135341258286886,-0.041265772711342165,0.75,0.0
carry+short_vol,ERAS,tightening 2021-23,2021-01-01,2023-12-31,36,0.7262343548677295,-0.15474120946158698,-0.13577923773681333,0.75,0.0
carry,ERAS,recent 2024-26,2024-01-01,2026-06-30,30,0.7092875638921106,-0.09054860918975671,-0.05359477252482292,0.7666666666666667,0.0
short_vol,ERAS,recent 2024-26,2024-01-01,2026-06-30,30,1.0271910836688503,-0.11982860952531682,-0.11982860952531683,0.8666666666666667,0.0
vrp_xs,ERAS,recent 2024-26,2024-01-01,2026-06-30,30,1.05762498625332,-0.03422977214678202,-0.023756044839081777,0.7333333333333333,0.0
carry+short_vol,ERAS,recent 2024-26,2024-01-01,2026-06-30,30,0.9656237330716884,-0.11564788529613279,-0.11090017581072227,0.8333333333333334,0.0
carry,STRESS,gfc_2008,2008-09-01,2009-06-30,10,-0.05913114035562317,-0.07539353827114659,-0.07971806898957068,0.7,0.0
short_vol,STRESS,gfc_2008,2008-09-01,2009-06-30,10,-0.06746083457954943,-0.08828865904173477,-0.10572083600232027,0.8,0.0
vrp_xs,STRESS,gfc_2008,2008-09-01,2009-06-30,10,0.40370471797382423,0.0,0.0064699035561125405,1.0,0.0
carry+short_vol,STRESS,gfc_2008,2008-09-01,2009-06-30,10,-0.08097432002796845,-0.05602148008319641,-0.09823585766997305,0.7,0.0
carry,STRESS,euro_2011,2011-07-01,2012-12-31,18,-0.0509508740301412,-0.1291107061239779,-0.052993515517237855,0.4444444444444444,0.0
short_vol,STRESS,euro_2011,2011-07-01,2012-12-31,18,0.6364528274509293,-0.09993591723594575,-0.09332044114422842,0.8888888888888888,0.0
vrp_xs,STRESS,euro_2011,2011-07-01,2012-12-31,18,0.5440556112085997,-0.013481749583015068,-0.013481749583015021,0.7777777777777778,0.0
carry+short_vol,STRESS,euro_2011,2011-07-01,2012-12-31,18,0.2708696193125999,-0.11020220691030091,-0.09549509837348052,0.7222222222222222,0.0
carry,STRESS,taper_2013,2013-05-01,2013-09-30,5,-0.1285559057814608,-0.10498263391126816,-0.05077294354854833,0.2,0.0
short_vol,STRESS,taper_2013,2013-05-01,2013-09-30,5,-0.017192560804032753,-0.029152699906755952,-0.07864550340275629,0.6,0.0
vrp_xs,STRESS,taper_2013,2013-05-01,2013-09-30,5,-0.11364854370789601,-0.0667114071249928,-0.0535895311864005,0.4,0.0
carry+short_vol,STRESS,taper_2013,2013-05-01,2013-09-30,5,-0.09030696848029118,-0.03877562825775527,-0.07013583264079117,0.4,0.0
carry,STRESS,china_em_2015,2015-06-01,2016-02-29,9,-0.05188478451008438,-0.04654179822313609,-0.02920672511820932,0.3333333333333333,0.0
short_vol,STRESS,china_em_2015,2015-06-01,2016-02-29,9,-0.07330814013072506,-0.17916474106112035,-0.17916474106112035,0.7777777777777778,0.0
vrp_xs,STRESS,china_em_2015,2015-06-01,2016-02-29,9,0.25833473391585504,-0.05090954619780452,-0.035936899908054064,0.7777777777777778,0.0
carry+short_vol,STRESS,china_em_2015,2015-06-01,2016-02-29,9,-0.06865811300887881,-0.10834717774750768,-0.10712993853120602,0.5555555555555556,0.0
carry,STRESS,covid_2020,2020-02-01,2020-04-30,3,-0.19618650104557145,-0.13976777909876859,-0.13976777909876859,0.3333333333333333,0.0
short_vol,STRESS,covid_2020,2020-02-01,2020-04-30,3,-0.21724746880774592,-0.21760012858716116,-0.21760012858716116,0.3333333333333333,0.0
vrp_xs,STRESS,covid_2020,2020-02-01,2020-04-30,3,0.09182810067713465,-0.009557754023921228,-0.009557754023921063,0.6666666666666666,0.0
carry+short_vol,STRESS,covid_2020,2020-02-01,2020-04-30,3,-0.17812734057637758,-0.14978848870079386,-0.14978848870079392,0.3333333333333333,0.0
carry,STRESS,rates_2022,2022-01-01,2022-10-31,10,0.25543093829233077,-0.0008230577484932278,-0.0008230577484932278,0.9,0.0
short_vol,STRESS,rates_2022,2022-01-01,2022-10-31,10,0.05520540681678243,-0.05463436744969741,-0.025992127154665937,0.6,0.0
vrp_xs,STRESS,rates_2022,2022-01-01,2022-10-31,10,0.3449057061651166,-0.008249526364374815,-0.008249526364374853,0.9,0.0
carry+short_vol,STRESS,rates_2022,2022-01-01,2022-10-31,10,0.1579011803852579,-0.023470160136019214,-0.011966285530060605,0.8,0.0
carry,STRESS,oil_2026,2026-02-01,2026-05-31,4,0.1007486528886894,0.0,0.00030076788382049635,1.0,0.0
short_vol,STRESS,oil_2026,2026-02-01,2026-05-31,4,0.17286651751841853,0.0,0.004613614192633335,1.0,0.0
vrp_xs,STRESS,oil_2026,2026-02-01,2026-05-31,4,0.15495843667362386,0.0,0.006423686247619219,1.0,0.0
carry+short_vol,STRESS,oil_2026,2026-02-01,2026-05-31,4,0.178403896870019,0.0,0.0204555852639868,1.0,0.0
carry,STRESS,semis_2026,2026-04-01,2026-06-30,3,0.1168042666554121,0.0,0.00030076788382049635,1.0,0.0
short_vol,STRESS,semis_2026,2026-04-01,2026-06-30,3,0.17020062450771611,0.0,0.0425205833070975,1.0,0.0
vrp_xs,STRESS,semis_2026,2026-04-01,2026-06-30,3,0.1648943301569339,0.0,0.006423686247619219,1.0,0.0
carry+short_vol,STRESS,semis_2026,2026-04-01,2026-06-30,3,0.2732656371239748,0.0,0.0204555852639868,1.0,0.0
